Customer ID,transactions,total_units,total_spend,average_ticket,average_discount,average_rating,first_purchase,last_purchase,age,age_group,gender,location,subscription_status,returned_transactions,online_transactions,preferred_category,preferred_product,preferred_brand,days_since_last_purchase,inactive_270,activity_status,return_rate_pct,online_share_pct,offline_share_pct
CUST000001,2,4,12131,6065.5,6.5,2.5,2023-10-18,2024-11-23,56,Adult,Female,Lucknow,No,0,2,Accessories,Bag,Hush Puppies,37,False,Active,0.0,100.0,0.0
CUST000002,2,4,28663,14331.5,8.0,4.0,2023-01-25,2024-12-04,38,Adult,Male,Bhubaneswar,Yes,1,0,Clothing,Running Shoes,Biba,26,False,Active,50.0,0.0,100.0
CUST000005,2,3,2389,1194.5,9.0,2.5,2023-05-20,2023-07-01,38,Adult,Female,Jaipur,Yes,1,1,Clothing,Shorts,HRX,548,True,Inactive 270+ days,50.0,50.0,50.0
CUST000006,3,8,10945,3648.33,9.33,3.33,2023-11-29,2024-09-05,59,Adult,Male,Nagpur,Yes,1,3,Clothing,Saree,Allen Solly,116,False,Active,33.33,100.0,0.0
CUST000008,6,9,55548,9258.0,8.0,3.0,2023-07-10,2024-11-25,26,Adult,Male,Pune,No,0,4,Footwear,Heels,Adidas,35,False,Active,0.0,66.67,33.33
CUST000009,1,2,3198,3198.0,9.0,3.0,2024-05-29,2024-05-29,26,Adult,Male,Mumbai,No,0,0,Clothing,Hoodie,HRX,215,False,Active,0.0,0.0,100.0
CUST000011,2,3,5814,2907.0,12.0,3.5,2023-12-09,2024-11-05,53,Adult,Male,Pune,No,0,1,Accessories,Running Shoes,HRX,55,False,Active,0.0,50.0,50.0
CUST000012,2,2,4190,2095.0,28.0,3.5,2024-08-20,2024-09-27,21,Young Adult,Male,Surat,No,0,2,Accessories,Kurta,Biba,94,False,Active,0.0,100.0,0.0
CUST000013,1,1,1740,1740.0,8.0,3.0,2023-09-09,2023-09-09,27,Adult,Female,Patna,No,0,1,Footwear,Running Shoes,HRX,478,True,Inactive 270+ days,0.0,100.0,0.0
CUST000014,7,10,53539,7648.43,7.14,3.43,2023-01-20,2024-09-13,57,Adult,Female,Kolkata,Yes,1,5,Clothing,Jacket,Nike,108,False,Active,14.29,71.43,28.57
CUST000015,2,3,22078,11039.0,8.0,4.5,2023-05-03,2024-12-05,41,Adult,Male,Kolkata,Yes,1,2,Clothing,Jacket,FabIndia,25,False,Active,50.0,100.0,0.0
CUST000016,4,4,7789,1947.25,5.25,4.25,2023-01-12,2024-07-14,18,Young Adult,Male,Delhi,No,0,4,Clothing,Cap,Biba,169,False,Active,0.0,100.0,0.0
CUST000017,6,8,27657,4609.5,11.83,3.17,2023-09-18,2024-08-20,25,Young Adult,Male,Indore,Yes,3,5,Clothing,T-shirt,HRX,132,False,Active,50.0,83.33,16.67
CUST000018,1,1,1279,1279.0,5.0,3.0,2024-09-13,2024-09-13,52,Adult,Female,Visakhapatnam,No,0,0,Clothing,Shorts,Zara,108,False,Active,0.0,0.0,100.0
CUST000019,4,4,19221,4805.25,4.25,3.0,2023-01-12,2024-06-05,58,Adult,Female,Delhi,No,0,3,Clothing,Formal Shoes,Zara,208,False,Active,0.0,75.0,25.0
CUST000020,1,1,24802,24802.0,15.0,4.0,2024-11-06,2024-11-06,50,Adult,Male,Visakhapatnam,No,0,0,Footwear,Running Shoes,Nike,54,False,Active,0.0,0.0,100.0
CUST000021,2,3,1286,643.0,14.5,4.0,2023-07-14,2024-06-30,52,Adult,Male,Visakhapatnam,No,0,2,Accessories,Cap,Hush Puppies,183,False,Active,0.0,100.0,0.0
CUST000022,3,5,31390,10463.33,12.0,2.67,2023-05-24,2024-09-25,18,Young Adult,Female,Patna,No,2,3,Footwear,Sneakers,HRX,96,False,Active,66.67,100.0,0.0
CUST000023,3,4,20509,6836.33,5.33,4.67,2023-04-21,2024-10-17,32,Adult,Male,Bangalore,No,0,3,Accessories,Sneakers,Levis,74,False,Active,0.0,100.0,0.0
CUST000024,7,10,78183,11169.0,4.0,3.14,2023-01-22,2024-12-25,49,Adult,Female,Gurgaon,No,2,4,Clothing,Wallet,Nike,5,False,Active,28.57,57.14,42.86
CUST000025,6,7,18614,3102.33,10.5,3.83,2023-01-31,2024-03-02,47,Adult,Male,Ahmedabad,No,2,5,Clothing,Kurta,Adidas,303,True,Inactive 270+ days,33.33,83.33,16.67
CUST000026,3,3,7134,2378.0,17.67,3.67,2023-11-18,2024-10-11,46,Adult,Male,Ahmedabad,Yes,0,1,Footwear,Running Shoes,Bata,80,False,Active,0.0,33.33,66.67
CUST000027,5,8,24434,4886.8,16.2,4.0,2023-01-07,2024-11-18,19,Young Adult,Female,Kochi,No,2,4,Clothing,Jeans,Biba,42,False,Active,40.0,80.0,20.0
CUST000028,2,7,56021,28010.5,9.0,4.0,2023-12-02,2024-09-27,61,Adult,Male,Indore,No,1,1,Clothing,Kurta,FabIndia,94,False,Active,50.0,50.0,50.0
CUST000029,1,2,4659,4659.0,0.0,4.0,2024-11-20,2024-11-20,42,Adult,Male,Chennai,Yes,0,1,Clothing,Saree,FabIndia,40,False,Active,0.0,100.0,0.0
CUST000030,5,11,61678,12335.6,9.4,4.0,2024-02-18,2024-10-27,30,Adult,Female,Ahmedabad,Yes,1,3,Clothing,Saree,FabIndia,64,False,Active,20.0,60.0,40.0
CUST000031,2,2,3613,1806.5,13.0,4.0,2023-05-28,2023-06-29,26,Adult,Female,Chennai,Yes,0,2,Clothing,Shorts,Puma,550,True,Inactive 270+ days,0.0,100.0,0.0
CUST000032,2,2,1284,642.0,7.0,4.0,2024-03-31,2024-10-21,41,Adult,Female,Delhi,No,0,1,Accessories,Cap,Levis,70,False,Active,0.0,50.0,50.0
CUST000033,3,5,12598,4199.33,7.67,3.0,2023-01-05,2024-05-16,29,Adult,Male,Mumbai,No,1,3,Footwear,Boots,Max,228,False,Active,33.33,100.0,0.0
CUST000034,5,6,64221,12844.2,7.0,3.8,2023-10-22,2024-12-28,34,Adult,Male,Mumbai,No,1,4,Footwear,Formal Shoes,H&M,2,False,Active,20.0,80.0,20.0
CUST000035,2,4,13821,6910.5,6.0,3.0,2023-09-10,2024-03-14,49,Adult,Female,Bhubaneswar,No,1,0,Clothing,Dress,HRX,291,True,Inactive 270+ days,50.0,0.0,100.0
CUST000036,4,7,36127,9031.75,9.0,3.5,2023-01-04,2024-09-07,61,Adult,Male,Kochi,Yes,1,1,Clothing,Dress,Puma,114,False,Active,25.0,25.0,75.0
CUST000037,2,3,11641,5820.5,7.5,4.0,2023-12-28,2024-04-22,28,Adult,Male,Noida,No,0,2,Clothing,Hoodie,FabIndia,252,False,Active,0.0,100.0,0.0
CUST000039,1,1,1638,1638.0,12.0,5.0,2024-07-15,2024-07-15,26,Adult,Male,Kochi,No,0,1,Clothing,Saree,Biba,168,False,Active,0.0,100.0,0.0
CUST000040,1,2,3224,3224.0,12.0,3.0,2023-02-22,2023-02-22,37,Adult,Male,Pune,Yes,0,1,Footwear,Heels,Max,677,True,Inactive 270+ days,0.0,100.0,0.0
CUST000041,5,5,27784,5556.8,5.4,3.6,2023-03-01,2024-12-28,36,Adult,Male,Ahmedabad,Yes,0,4,Clothing,Sneakers,Puma,2,False,Active,0.0,80.0,20.0
CUST000042,2,6,79138,39569.0,5.0,3.5,2023-12-26,2024-06-29,57,Adult,Male,Surat,No,0,2,Accessories,Bag,Nike,184,False,Active,0.0,100.0,0.0
CUST000043,2,2,9830,4915.0,10.0,3.5,2023-01-14,2023-03-25,45,Adult,Female,Surat,No,0,2,Clothing,Saree,Adidas,646,True,Inactive 270+ days,0.0,100.0,0.0
CUST000044,2,3,6321,3160.5,18.0,3.5,2024-01-01,2024-07-13,52,Adult,Male,Nagpur,No,0,1,Clothing,Jeans,H&M,170,False,Active,0.0,50.0,50.0
CUST000045,2,3,57547,28773.5,10.0,4.5,2024-02-23,2024-04-24,19,Young Adult,Other,Jaipur,No,1,2,Footwear,Running Shoes,Adidas,250,False,Active,50.0,100.0,0.0
CUST000048,1,2,19200,19200.0,4.0,5.0,2024-08-17,2024-08-17,25,Young Adult,Female,Chandigarh,No,0,1,Clothing,Saree,FabIndia,135,False,Active,0.0,100.0,0.0
CUST000050,3,4,12497,4165.67,6.67,2.33,2023-07-08,2024-06-06,19,Young Adult,Female,Nagpur,No,0,3,Footwear,Sandals,Fastrack,207,False,Active,0.0,100.0,0.0
CUST000051,1,1,539,539.0,16.0,4.0,2024-10-02,2024-10-02,50,Adult,Male,Patna,No,0,0,Clothing,T-shirt,Puma,89,False,Active,0.0,0.0,100.0
CUST000052,5,7,80418,16083.6,7.6,3.8,2023-07-15,2024-11-11,25,Young Adult,Female,Noida,No,2,4,Accessories,Belt,Levis,49,False,Active,40.0,80.0,20.0
CUST000053,6,7,33330,5555.0,6.5,3.67,2023-04-22,2024-07-22,39,Adult,Male,Patna,No,1,6,Accessories,Backpack,Puma,161,False,Active,16.67,100.0,0.0
CUST000054,4,4,31190,7797.5,17.25,3.25,2023-05-02,2023-11-11,25,Young Adult,Female,Mumbai,No,1,2,Clothing,Jacket,Zara,415,True,Inactive 270+ days,25.0,50.0,50.0
CUST000055,1,1,7235,7235.0,5.0,3.0,2023-10-05,2023-10-05,45,Adult,Female,Chennai,Yes,1,1,Footwear,Running Shoes,Nike,452,True,Inactive 270+ days,100.0,100.0,0.0
CUST000056,2,5,14138,7069.0,10.5,3.5,2023-07-29,2023-10-09,36,Adult,Female,Noida,Yes,0,2,Clothing,Kurta,Adidas,448,True,Inactive 270+ days,0.0,100.0,0.0
CUST000057,1,1,1684,1684.0,45.0,3.0,2023-10-13,2023-10-13,45,Adult,Male,Patna,No,1,1,Accessories,Backpack,Levis,444,True,Inactive 270+ days,100.0,100.0,0.0
CUST000058,3,3,19661,6553.67,10.67,3.67,2024-02-13,2024-11-14,58,Adult,Female,Noida,No,1,3,Footwear,Belt,Bata,46,False,Active,33.33,100.0,0.0
CUST000059,2,2,13604,6802.0,9.5,3.5,2023-10-24,2024-03-25,50,Adult,Male,Chennai,No,1,2,Footwear,Running Shoes,Adidas,280,True,Inactive 270+ days,50.0,100.0,0.0
CUST000060,2,4,2210,1105.0,7.0,3.0,2023-01-08,2024-05-21,42,Adult,Male,Hyderabad,No,0,1,Accessories,Slippers,Max,223,False,Active,0.0,50.0,50.0
CUST000061,3,4,20957,6985.67,13.33,4.33,2023-06-19,2024-10-12,49,Adult,Female,Mumbai,Yes,1,3,Clothing,Saree,Puma,79,False,Active,33.33,100.0,0.0
CUST000062,6,6,30205,5034.17,11.83,3.0,2023-02-10,2024-12-12,19,Young Adult,Male,Chandigarh,No,1,5,Clothing,Jacket,Max,18,False,Active,16.67,83.33,16.67
CUST000063,4,4,13809,3452.25,9.75,3.0,2023-07-22,2024-03-05,56,Adult,Male,Hyderabad,Yes,1,4,Footwear,Backpack,HRX,300,True,Inactive 270+ days,25.0,100.0,0.0
CUST000064,4,5,22030,5507.5,17.75,3.75,2023-08-13,2024-12-07,24,Young Adult,Female,Kolkata,Yes,2,3,Footwear,Formal Shoes,Adidas,23,False,Active,50.0,75.0,25.0
CUST000065,1,2,6611,6611.0,36.0,3.0,2023-08-31,2023-08-31,40,Adult,Male,Mumbai,Yes,1,1,Clothing,Kurta,FabIndia,487,True,Inactive 270+ days,100.0,100.0,0.0
CUST000066,4,4,19503,4875.75,12.0,4.25,2023-01-10,2024-05-15,42,Adult,Male,Noida,Yes,1,2,Footwear,Boots,FabIndia,229,False,Active,25.0,50.0,50.0
CUST000067,2,2,11672,5836.0,7.5,4.0,2023-01-03,2024-03-30,54,Adult,Female,Jaipur,No,0,0,Clothing,Formal Shoes,Hush Puppies,275,True,Inactive 270+ days,0.0,0.0,100.0
CUST000069,2,2,27419,13709.5,8.0,3.5,2024-01-24,2024-03-29,57,Adult,Female,Kolkata,No,0,0,Accessories,Backpack,Nike,276,True,Inactive 270+ days,0.0,0.0,100.0
CUST000070,5,5,16610,3322.0,8.8,2.8,2023-01-22,2024-11-13,47,Adult,Male,Bhubaneswar,No,1,5,Clothing,Trousers,HRX,47,False,Active,20.0,100.0,0.0
CUST000071,2,4,19907,9953.5,13.5,4.5,2023-05-17,2023-11-10,54,Adult,Male,Delhi,No,0,0,Accessories,Sandals,Bata,416,True,Inactive 270+ days,0.0,0.0,100.0
CUST000072,5,5,32937,6587.4,8.8,3.2,2023-02-12,2023-11-26,18,Young Adult,Male,Nagpur,Yes,2,1,Accessories,Socks,Fastrack,400,True,Inactive 270+ days,40.0,20.0,80.0
CUST000073,3,4,6445,2148.33,4.0,2.33,2024-01-24,2024-12-10,18,Young Adult,Female,Ahmedabad,No,2,3,Clothing,Shorts,HRX,20,False,Active,66.67,100.0,0.0
CUST000074,2,2,6719,3359.5,6.0,3.5,2023-01-15,2024-05-04,39,Adult,Female,Hyderabad,Yes,2,1,Clothing,Hoodie,Puma,240,False,Active,100.0,50.0,50.0
CUST000075,1,4,3984,3984.0,8.0,2.0,2023-05-08,2023-05-08,54,Adult,Male,Patna,Yes,0,0,Clothing,Trousers,Max,602,True,Inactive 270+ days,0.0,0.0,100.0
CUST000076,4,6,29806,7451.5,16.5,3.5,2023-07-29,2024-01-22,47,Adult,Female,Gurgaon,Yes,1,2,Footwear,Belt,Max,343,True,Inactive 270+ days,25.0,50.0,50.0
CUST000077,6,7,22313,3718.83,12.33,4.0,2023-05-17,2024-12-08,43,Adult,Female,Ahmedabad,No,1,5,Clothing,Shirt,Levis,22,False,Active,16.67,83.33,16.67
CUST000079,1,2,15480,15480.0,9.0,4.0,2024-03-26,2024-03-26,48,Adult,Male,Bhubaneswar,No,0,1,Footwear,Formal Shoes,Zara,279,True,Inactive 270+ days,0.0,100.0,0.0
CUST000080,1,2,654,654.0,13.0,4.0,2024-11-28,2024-11-28,22,Young Adult,Female,Nagpur,Yes,0,1,Accessories,Socks,Levis,32,False,Active,0.0,100.0,0.0
CUST000081,2,4,11840,5920.0,9.5,3.5,2024-08-29,2024-09-29,45,Adult,Female,Gurgaon,No,0,2,Accessories,Backpack,Puma,92,False,Active,0.0,100.0,0.0
CUST000082,2,2,9146,4573.0,6.5,3.0,2024-01-02,2024-01-23,52,Adult,Female,Chennai,No,0,2,Accessories,Backpack,HRX,342,True,Inactive 270+ days,0.0,100.0,0.0
CUST000083,2,2,9205,4602.5,5.5,2.5,2023-03-19,2023-06-14,54,Adult,Female,Chennai,No,0,2,Accessories,Saree,Biba,565,True,Inactive 270+ days,0.0,100.0,0.0
CUST000084,5,6,11658,2331.6,17.4,3.6,2023-10-02,2024-10-26,60,Adult,Male,Kolkata,Yes,1,4,Clothing,T-shirt,Zara,65,False,Active,20.0,80.0,20.0
CUST000085,4,5,17233,4308.25,6.5,3.5,2023-01-28,2024-08-14,52,Adult,Male,Chandigarh,No,3,4,Clothing,Running Shoes,HRX,138,False,Active,75.0,100.0,0.0
CUST000087,3,4,13605,4535.0,6.33,4.33,2024-03-17,2024-10-27,62,Adult,Female,Pune,No,0,2,Footwear,Jacket,HRX,64,False,Active,0.0,66.67,33.33
CUST000088,3,5,7893,2631.0,5.67,2.33,2023-05-28,2024-06-08,53,Adult,Male,Delhi,No,1,1,Accessories,Bag,Hush Puppies,205,False,Active,33.33,33.33,66.67
CUST000089,1,1,3988,3988.0,12.0,4.0,2023-03-23,2023-03-23,52,Adult,Male,Surat,Yes,0,1,Footwear,Sandals,Zara,648,True,Inactive 270+ days,0.0,100.0,0.0
CUST000090,4,5,12231,3057.75,10.75,3.75,2023-09-20,2024-06-14,29,Adult,Male,Kolkata,No,2,2,Footwear,Kurta,HRX,199,False,Active,50.0,50.0,50.0
CUST000091,2,2,13048,6524.0,2.5,3.5,2024-07-18,2024-09-24,58,Adult,Male,Noida,No,0,1,Clothing,Running Shoes,Adidas,97,False,Active,0.0,50.0,50.0
CUST000092,7,12,22660,3237.14,7.0,2.57,2023-05-13,2024-12-23,39,Adult,Male,Bhubaneswar,No,3,7,Clothing,Saree,Max,7,False,Active,42.86,100.0,0.0
CUST000093,3,5,13830,4610.0,12.67,3.33,2024-04-03,2024-08-09,58,Adult,Female,Delhi,No,2,1,Footwear,Running Shoes,Nike,143,False,Active,66.67,33.33,66.67
CUST000094,2,5,7436,3718.0,7.5,2.5,2023-08-26,2024-04-13,36,Adult,Female,Nagpur,No,0,1,Accessories,Hoodie,HRX,261,False,Active,0.0,50.0,50.0
CUST000095,4,4,29539,7384.75,10.75,3.25,2023-03-01,2024-12-26,29,Adult,Male,Pune,No,1,2,Footwear,Running Shoes,Bata,4,False,Active,25.0,50.0,50.0
CUST000096,1,2,406,406.0,2.0,4.0,2023-06-23,2023-06-23,56,Adult,Male,Bangalore,No,0,1,Footwear,Slippers,Bata,556,True,Inactive 270+ days,0.0,100.0,0.0
CUST000097,2,4,23396,11698.0,21.5,3.5,2023-10-09,2024-02-18,22,Young Adult,Female,Indore,No,0,1,Accessories,Backpack,Levis,316,True,Inactive 270+ days,0.0,50.0,50.0
CUST000099,6,8,29599,4933.17,6.17,3.33,2023-01-28,2024-07-31,57,Adult,Male,Surat,No,2,5,Clothing,Dress,Max,152,False,Active,33.33,83.33,16.67
CUST000100,3,5,17477,5825.67,7.0,3.0,2023-02-01,2024-04-05,22,Young Adult,Female,Kochi,No,1,2,Footwear,Formal Shoes,Bata,269,False,Active,33.33,66.67,33.33
CUST000101,3,6,49020,16340.0,9.33,4.33,2023-04-18,2023-08-23,18,Young Adult,Female,Noida,No,0,3,Clothing,Running Shoes,HRX,495,True,Inactive 270+ days,0.0,100.0,0.0
CUST000102,1,1,1080,1080.0,12.0,2.0,2024-07-27,2024-07-27,62,Adult,Female,Kochi,No,1,1,Footwear,Sandals,Bata,156,False,Active,100.0,100.0,0.0
CUST000104,1,1,1768,1768.0,1.0,3.0,2023-05-10,2023-05-10,62,Adult,Male,Gurgaon,Yes,0,1,Footwear,Sneakers,HRX,600,True,Inactive 270+ days,0.0,100.0,0.0
CUST000105,4,5,32284,8071.0,11.5,3.25,2023-08-22,2024-11-17,58,Adult,Female,Hyderabad,No,1,2,Clothing,Hoodie,Max,43,False,Active,25.0,50.0,50.0
CUST000106,4,5,16791,4197.75,5.0,3.75,2023-08-22,2024-09-14,42,Adult,Female,Kochi,No,0,4,Clothing,Saree,Max,107,False,Active,0.0,100.0,0.0
CUST000107,8,15,31656,3957.0,6.25,4.0,2023-02-05,2024-12-06,61,Adult,Other,Kolkata,Yes,1,6,Clothing,Shorts,Allen Solly,24,False,Active,12.5,75.0,25.0
CUST000108,2,4,14755,7377.5,11.0,3.5,2023-12-02,2024-11-14,33,Adult,Female,Indore,No,0,2,Clothing,Shirt,H&M,46,False,Active,0.0,100.0,0.0
CUST000109,8,13,58798,7349.75,4.38,3.0,2023-05-15,2024-08-30,52,Adult,Female,Surat,Yes,3,6,Clothing,Running Shoes,HRX,122,False,Active,37.5,75.0,25.0
CUST000110,3,3,10343,3447.67,6.0,3.33,2024-03-02,2024-09-28,31,Adult,Male,Chennai,No,0,3,Accessories,Belt,Fastrack,93,False,Active,0.0,100.0,0.0
CUST000111,1,2,3399,3399.0,4.0,4.0,2024-05-05,2024-05-05,33,Adult,Female,Indore,Yes,0,1,Accessories,Belt,Levis,239,False,Active,0.0,100.0,0.0
CUST000112,7,9,38183,5454.71,7.0,3.43,2023-04-19,2024-08-04,41,Adult,Female,Chandigarh,Yes,1,5,Clothing,Hoodie,Nike,148,False,Active,14.29,71.43,28.57
CUST000113,3,5,27981,9327.0,4.33,3.33,2023-03-04,2024-12-19,43,Adult,Male,Surat,Yes,0,0,Clothing,Heels,Biba,11,False,Active,0.0,0.0,100.0
CUST000114,3,3,10433,3477.67,6.67,3.33,2023-08-18,2024-06-15,58,Adult,Male,Noida,Yes,0,3,Clothing,Backpack,FabIndia,198,False,Active,0.0,100.0,0.0
CUST000115,1,1,14024,14024.0,15.0,3.0,2024-06-18,2024-06-18,37,Adult,Female,Nagpur,Yes,0,1,Footwear,Sneakers,Adidas,195,False,Active,0.0,100.0,0.0
CUST000117,2,2,3290,1645.0,6.5,3.5,2024-03-07,2024-04-16,27,Adult,Female,Surat,No,0,1,Footwear,Formal Shoes,Hush Puppies,258,False,Active,0.0,50.0,50.0
CUST000118,2,4,4054,2027.0,11.5,4.0,2023-01-26,2024-10-09,50,Adult,Female,Surat,No,0,2,Accessories,Hoodie,Adidas,82,False,Active,0.0,100.0,0.0
CUST000119,3,6,22924,7641.33,10.67,3.33,2024-08-30,2024-12-23,28,Adult,Female,Noida,No,1,2,Footwear,Formal Shoes,Adidas,7,False,Active,33.33,66.67,33.33
CUST000120,3,3,23064,7688.0,13.67,4.0,2023-11-09,2024-10-20,58,Adult,Male,Chennai,Yes,2,3,Footwear,Running Shoes,Puma,71,False,Active,66.67,100.0,0.0
CUST000121,3,9,65474,21824.67,12.0,3.0,2024-05-13,2024-10-03,34,Adult,Female,Visakhapatnam,No,2,2,Footwear,Boots,Hush Puppies,88,False,Active,66.67,66.67,33.33
CUST000122,4,5,37792,9448.0,12.25,3.75,2023-04-16,2024-10-04,40,Adult,Female,Visakhapatnam,No,1,3,Footwear,Kurta,Adidas,87,False,Active,25.0,75.0,25.0
CUST000123,2,4,59522,29761.0,14.0,3.5,2023-03-10,2024-05-12,34,Adult,Male,Delhi,Yes,0,2,Footwear,Sneakers,HRX,232,False,Active,0.0,100.0,0.0
CUST000124,2,3,3964,1982.0,4.5,4.0,2023-03-09,2024-06-11,62,Adult,Female,Chennai,No,0,2,Accessories,Belt,FabIndia,202,False,Active,0.0,100.0,0.0
CUST000125,1,2,5100,5100.0,8.0,3.0,2023-07-23,2023-07-23,45,Adult,Male,Ahmedabad,No,0,1,Clothing,Shorts,Puma,526,True,Inactive 270+ days,0.0,100.0,0.0
CUST000126,6,9,34387,5731.17,6.83,3.17,2023-02-11,2024-11-17,20,Young Adult,Female,Jaipur,No,0,5,Clothing,Jacket,HRX,43,False,Active,0.0,83.33,16.67
CUST000127,4,5,4906,1226.5,6.75,4.0,2023-08-07,2024-11-11,22,Young Adult,Male,Noida,Yes,0,4,Clothing,Belt,Biba,49,False,Active,0.0,100.0,0.0
CUST000128,2,4,7195,3597.5,5.5,4.5,2023-10-30,2023-12-02,38,Adult,Female,Indore,Yes,0,2,Clothing,Kurta,FabIndia,394,True,Inactive 270+ days,0.0,100.0,0.0
CUST000129,1,1,3259,3259.0,0.0,3.0,2023-01-19,2023-01-19,51,Adult,Male,Mumbai,No,0,1,Footwear,Formal Shoes,Hush Puppies,711,True,Inactive 270+ days,0.0,100.0,0.0
CUST000130,3,3,12149,4049.67,7.0,2.67,2023-11-21,2024-12-24,51,Adult,Male,Kochi,No,0,2,Accessories,Backpack,HRX,6,False,Active,0.0,66.67,33.33
CUST000131,2,3,41663,20831.5,2.5,5.0,2024-11-16,2024-12-18,47,Adult,Female,Bhubaneswar,No,0,1,Accessories,Running Shoes,Nike,12,False,Active,0.0,50.0,50.0
CUST000132,4,5,22322,5580.5,7.0,3.5,2023-04-08,2024-12-21,21,Young Adult,Male,Noida,No,1,4,Clothing,Hoodie,HRX,9,False,Active,25.0,100.0,0.0
CUST000133,5,5,18718,3743.6,6.2,3.2,2023-04-06,2024-12-20,37,Adult,Male,Mumbai,No,1,4,Clothing,Dress,Adidas,10,False,Active,20.0,80.0,20.0
CUST000135,1,2,5075,5075.0,6.0,4.0,2023-10-21,2023-10-21,64,Adult,Male,Nagpur,Yes,0,1,Clothing,Kurta,Biba,436,True,Inactive 270+ days,0.0,100.0,0.0
CUST000136,2,2,4445,2222.5,8.5,3.0,2023-11-10,2023-11-20,57,Adult,Female,Hyderabad,No,0,2,Accessories,Bag,Wildcraft,406,True,Inactive 270+ days,0.0,100.0,0.0
CUST000137,2,3,22848,11424.0,14.5,3.5,2023-08-02,2024-12-03,46,Adult,Other,Bhubaneswar,Yes,0,1,Clothing,Kurta,Adidas,27,False,Active,0.0,50.0,50.0
CUST000138,5,8,22233,4446.6,6.8,3.8,2023-03-30,2024-05-03,35,Adult,Male,Kochi,Yes,0,4,Accessories,Wallet,Puma,241,False,Active,0.0,80.0,20.0
CUST000139,4,4,10337,2584.25,7.0,3.5,2023-02-13,2023-12-17,29,Adult,Male,Mumbai,Yes,1,4,Clothing,Dress,Max,379,True,Inactive 270+ days,25.0,100.0,0.0
CUST000140,6,12,93096,15516.0,9.83,3.67,2023-12-27,2024-12-21,62,Adult,Male,Lucknow,No,1,5,Footwear,Running Shoes,Adidas,9,False,Active,16.67,83.33,16.67
CUST000141,2,2,3153,1576.5,5.0,3.0,2023-07-06,2023-11-13,34,Adult,Male,Chennai,Yes,0,2,Footwear,Heels,Bata,413,True,Inactive 270+ days,0.0,100.0,0.0
CUST000142,6,7,34500,5750.0,9.0,4.0,2023-05-25,2024-12-29,32,Adult,Female,Patna,No,1,6,Clothing,Boots,Adidas,1,False,Active,16.67,100.0,0.0
CUST000143,4,7,27795,6948.75,11.0,4.0,2023-09-01,2024-12-09,62,Adult,Male,Bhubaneswar,No,0,4,Clothing,Hoodie,Hush Puppies,21,False,Active,0.0,100.0,0.0
CUST000144,2,6,47655,23827.5,8.0,4.0,2023-07-09,2024-07-30,64,Adult,Male,Surat,No,0,1,Accessories,Cap,Levis,153,False,Active,0.0,50.0,50.0
CUST000145,3,3,6367,2122.33,20.0,3.67,2023-11-17,2024-10-10,32,Adult,Male,Visakhapatnam,Yes,0,3,Clothing,Heels,Biba,81,False,Active,0.0,100.0,0.0
CUST000146,2,4,21560,10780.0,2.5,4.0,2023-12-24,2024-10-30,34,Adult,Male,Jaipur,Yes,0,2,Clothing,Jacket,Adidas,61,False,Active,0.0,100.0,0.0
CUST000147,4,4,9172,2293.0,12.25,3.5,2023-07-15,2024-05-16,37,Adult,Male,Bangalore,No,2,3,Clothing,Shorts,Adidas,228,False,Active,50.0,75.0,25.0
CUST000148,3,4,16698,5566.0,6.0,3.33,2023-01-25,2024-02-06,35,Adult,Male,Lucknow,No,0,2,Accessories,Bag,Levis,328,True,Inactive 270+ days,0.0,66.67,33.33
CUST000150,6,10,85197,14199.5,8.67,3.17,2023-01-19,2024-03-06,43,Adult,Female,Kolkata,No,0,3,Clothing,Kurta,Biba,299,True,Inactive 270+ days,0.0,50.0,50.0
CUST000151,3,4,22286,7428.67,5.33,3.33,2023-03-09,2024-07-20,50,Adult,Male,Kochi,No,0,2,Clothing,Heels,Allen Solly,163,False,Active,0.0,66.67,33.33
CUST000152,4,5,20416,5104.0,15.0,2.75,2023-04-17,2023-10-08,47,Adult,Male,Delhi,Yes,2,4,Clothing,Cap,Levis,449,True,Inactive 270+ days,50.0,100.0,0.0
CUST000153,5,6,24761,4952.2,9.2,3.2,2023-03-05,2024-04-16,48,Adult,Male,Pune,No,1,4,Clothing,Hoodie,Puma,258,False,Active,20.0,80.0,20.0
CUST000154,3,3,16285,5428.33,15.67,3.33,2023-10-31,2024-04-12,37,Adult,Other,Pune,Yes,0,2,Accessories,Kurta,HRX,262,False,Active,0.0,66.67,33.33
CUST000155,4,6,23276,5819.0,9.25,3.25,2023-03-05,2024-12-22,47,Adult,Male,Bhubaneswar,No,1,3,Footwear,Sneakers,Adidas,8,False,Active,25.0,75.0,25.0
CUST000156,9,12,78387,8709.67,8.22,3.11,2023-03-01,2024-10-06,32,Adult,Female,Bhubaneswar,No,2,6,Clothing,Saree,Adidas,85,False,Active,22.22,66.67,33.33
CUST000157,2,3,25499,12749.5,5.5,3.5,2023-06-06,2024-03-01,23,Young Adult,Other,Pune,No,0,1,Clothing,Sneakers,HRX,304,True,Inactive 270+ days,0.0,50.0,50.0
CUST000159,3,5,20595,6865.0,18.0,3.0,2023-07-23,2024-11-05,28,Adult,Female,Kolkata,No,0,2,Footwear,Slippers,HRX,55,False,Active,0.0,66.67,33.33
CUST000160,3,4,20106,6702.0,9.33,4.0,2023-03-16,2024-11-03,23,Young Adult,Male,Bangalore,No,0,2,Accessories,Hoodie,Puma,57,False,Active,0.0,66.67,33.33
CUST000161,3,6,14072,4690.67,9.0,3.33,2024-02-22,2024-06-17,61,Adult,Male,Chandigarh,No,1,2,Clothing,Bag,HRX,196,False,Active,33.33,66.67,33.33
CUST000162,4,7,20997,5249.25,23.0,4.0,2023-01-17,2024-08-16,54,Adult,Male,Delhi,No,1,4,Clothing,Kurta,Adidas,136,False,Active,25.0,100.0,0.0
CUST000164,6,6,21730,3621.67,13.83,3.5,2023-01-19,2024-11-10,31,Adult,Female,Indore,No,1,4,Clothing,T-shirt,FabIndia,50,False,Active,16.67,66.67,33.33
CUST000165,2,2,8690,4345.0,6.5,3.0,2023-06-07,2023-07-08,52,Adult,Male,Chandigarh,No,0,2,Accessories,Belt,HRX,541,True,Inactive 270+ days,0.0,100.0,0.0
CUST000166,5,7,8436,1687.2,10.2,3.8,2023-02-25,2024-11-24,46,Adult,Male,Delhi,No,2,4,Clothing,T-shirt,Puma,36,False,Active,40.0,80.0,20.0
CUST000167,8,14,46625,5828.12,6.75,3.5,2023-01-18,2024-12-23,47,Adult,Female,Visakhapatnam,No,1,4,Accessories,Jacket,Fastrack,7,False,Active,12.5,50.0,50.0
CUST000168,1,1,1020,1020.0,7.0,4.0,2024-05-19,2024-05-19,31,Adult,Female,Pune,No,0,0,Clothing,T-shirt,Puma,225,False,Active,0.0,0.0,100.0
CUST000169,6,10,99310,16551.67,14.17,3.83,2023-08-21,2024-11-10,42,Adult,Female,Chandigarh,No,1,5,Clothing,Dress,Nike,50,False,Active,16.67,83.33,16.67
CUST000170,2,2,7084,3542.0,7.0,3.0,2024-02-25,2024-03-12,55,Adult,Female,Lucknow,No,1,1,Clothing,Formal Shoes,Max,293,True,Inactive 270+ days,50.0,50.0,50.0
CUST000171,1,2,669,669.0,7.0,4.0,2023-05-30,2023-05-30,50,Adult,Male,Mumbai,No,0,1,Footwear,Slippers,Zara,580,True,Inactive 270+ days,0.0,100.0,0.0
CUST000172,4,4,5288,1322.0,9.5,3.25,2023-01-15,2024-08-25,56,Adult,Male,Kochi,No,1,3,Clothing,T-shirt,Hush Puppies,127,False,Active,25.0,75.0,25.0
CUST000173,1,4,12081,12081.0,7.0,4.0,2024-04-17,2024-04-17,25,Young Adult,Female,Gurgaon,No,0,1,Footwear,Boots,Zara,257,False,Active,0.0,100.0,0.0
CUST000174,1,1,3797,3797.0,6.0,4.0,2023-12-25,2023-12-25,50,Adult,Female,Ahmedabad,No,1,0,Clothing,Kurta,Biba,371,True,Inactive 270+ days,100.0,0.0,100.0
CUST000175,3,4,20190,6730.0,12.33,2.67,2023-10-25,2024-07-25,55,Adult,Female,Visakhapatnam,No,0,2,Clothing,Dress,Adidas,158,False,Active,0.0,66.67,33.33
CUST000176,1,1,6598,6598.0,2.0,4.0,2023-12-31,2023-12-31,21,Young Adult,Female,Bangalore,No,0,1,Footwear,Heels,Zara,365,True,Inactive 270+ days,0.0,100.0,0.0
CUST000177,4,6,22391,5597.75,13.5,3.25,2023-01-11,2024-08-17,50,Adult,Male,Kolkata,Yes,1,2,Clothing,Dress,Bata,135,False,Active,25.0,50.0,50.0
CUST000178,1,1,1576,1576.0,9.0,4.0,2024-06-06,2024-06-06,62,Adult,Male,Lucknow,No,0,0,Clothing,T-shirt,Adidas,207,False,Active,0.0,0.0,100.0
CUST000179,4,4,9855,2463.75,6.25,2.5,2024-01-31,2024-09-04,46,Adult,Male,Jaipur,No,1,3,Clothing,Belt,Adidas,117,False,Active,25.0,75.0,25.0
CUST000180,3,4,12115,4038.33,3.0,4.33,2023-02-23,2024-08-18,48,Adult,Female,Pune,No,2,3,Clothing,Boots,Hush Puppies,134,False,Active,66.67,100.0,0.0
CUST000181,2,3,8940,4470.0,4.5,3.5,2024-10-15,2024-11-02,44,Adult,Male,Indore,No,0,2,Clothing,Dress,Levis,58,False,Active,0.0,100.0,0.0
CUST000182,5,8,16979,3395.8,8.0,3.6,2024-03-01,2024-11-18,63,Adult,Female,Kolkata,Yes,2,3,Clothing,Heels,Bata,42,False,Active,40.0,60.0,40.0
CUST000183,4,8,29066,7266.5,8.25,3.0,2023-09-04,2024-01-19,42,Adult,Male,Chandigarh,No,1,3,Clothing,Saree,Max,346,True,Inactive 270+ days,25.0,75.0,25.0
CUST000184,5,6,31700,6340.0,6.4,4.0,2023-06-28,2024-03-19,61,Adult,Female,Pune,No,1,2,Footwear,Running Shoes,Puma,286,True,Inactive 270+ days,20.0,40.0,60.0
CUST000185,6,6,15209,2534.83,11.67,3.0,2023-11-22,2024-12-25,25,Young Adult,Female,Noida,No,2,4,Clothing,Sandals,FabIndia,5,False,Active,33.33,66.67,33.33
CUST000186,3,5,13581,4527.0,12.33,3.0,2024-07-25,2024-12-03,26,Adult,Male,Patna,No,0,3,Clothing,Dress,Levis,27,False,Active,0.0,100.0,0.0
CUST000187,1,1,3347,3347.0,9.0,3.0,2023-06-23,2023-06-23,40,Adult,Male,Visakhapatnam,No,0,0,Footwear,Boots,Max,556,True,Inactive 270+ days,0.0,0.0,100.0
CUST000189,2,2,4966,2483.0,7.5,3.0,2024-06-06,2024-10-08,64,Adult,Male,Delhi,Yes,0,2,Clothing,Shorts,HRX,83,False,Active,0.0,100.0,0.0
CUST000190,4,5,38389,9597.25,8.25,3.5,2023-06-07,2024-08-10,43,Adult,Male,Gurgaon,No,0,2,Footwear,Cap,Adidas,142,False,Active,0.0,50.0,50.0
CUST000191,3,4,13778,4592.67,5.67,3.67,2023-04-08,2024-07-05,55,Adult,Male,Surat,No,0,2,Clothing,Running Shoes,Adidas,178,False,Active,0.0,66.67,33.33
CUST000192,5,6,38449,7689.8,12.0,2.8,2023-08-25,2024-05-23,34,Adult,Female,Jaipur,No,1,4,Clothing,Sandals,HRX,221,False,Active,20.0,80.0,20.0
CUST000193,3,5,27092,9030.67,9.67,4.0,2023-11-15,2024-04-14,24,Young Adult,Male,Chennai,No,1,1,Clothing,Jacket,FabIndia,260,False,Active,33.33,33.33,66.67
CUST000194,2,2,6576,3288.0,7.0,3.0,2023-02-23,2024-02-04,39,Adult,Male,Surat,No,0,1,Clothing,Jeans,FabIndia,330,True,Inactive 270+ days,0.0,50.0,50.0
CUST000195,2,4,20401,10200.5,3.0,2.5,2023-01-12,2023-04-25,37,Adult,Male,Gurgaon,No,1,2,Accessories,Sneakers,Fastrack,615,True,Inactive 270+ days,50.0,100.0,0.0
CUST000196,2,3,13179,6589.5,8.5,3.5,2024-09-10,2024-11-22,57,Adult,Female,Chennai,No,1,2,Clothing,Formal Shoes,Puma,38,False,Active,50.0,100.0,0.0
CUST000197,4,6,41987,10496.75,16.75,3.5,2023-04-16,2024-09-12,36,Adult,Male,Noida,Yes,0,1,Clothing,Jacket,HRX,109,False,Active,0.0,25.0,75.0
CUST000198,6,8,26909,4484.83,6.33,4.33,2023-07-05,2024-10-17,35,Adult,Male,Bhubaneswar,No,2,3,Clothing,Kurta,Adidas,74,False,Active,33.33,50.0,50.0
CUST000199,4,5,45310,11327.5,18.25,4.25,2023-01-17,2024-11-08,45,Adult,Female,Kochi,No,2,3,Footwear,Belt,Hush Puppies,52,False,Active,50.0,75.0,25.0
CUST000200,1,1,4426,4426.0,14.0,3.0,2023-08-24,2023-08-24,18,Young Adult,Male,Ahmedabad,No,0,1,Clothing,Saree,Biba,494,True,Inactive 270+ days,0.0,100.0,0.0
CUST000201,4,4,9207,2301.75,17.75,3.0,2023-01-03,2024-05-02,27,Adult,Female,Mumbai,No,0,4,Accessories,Backpack,HRX,242,False,Active,0.0,100.0,0.0
CUST000202,7,12,70631,10090.14,11.0,3.29,2023-02-19,2024-01-27,49,Adult,Female,Chandigarh,Yes,0,5,Footwear,Running Shoes,Max,338,True,Inactive 270+ days,0.0,71.43,28.57
CUST000203,1,1,1053,1053.0,10.0,4.0,2024-08-11,2024-08-11,41,Adult,Male,Chandigarh,Yes,0,1,Footwear,Slippers,Hush Puppies,141,False,Active,0.0,100.0,0.0
CUST000204,6,12,130214,21702.33,10.0,3.33,2023-01-30,2024-09-21,20,Young Adult,Female,Lucknow,No,1,4,Clothing,Running Shoes,Nike,100,False,Active,16.67,66.67,33.33
CUST000205,5,7,24032,4806.4,16.6,3.2,2023-01-30,2024-10-22,49,Adult,Other,Patna,No,1,5,Clothing,Shirt,Max,69,False,Active,20.0,100.0,0.0
CUST000206,5,6,30177,6035.4,10.8,3.8,2023-06-06,2024-10-14,54,Adult,Male,Patna,Yes,1,2,Clothing,Boots,Hush Puppies,77,False,Active,20.0,40.0,60.0
CUST000207,1,4,84166,84166.0,6.0,3.0,2024-06-16,2024-06-16,24,Young Adult,Female,Chennai,Yes,0,0,Footwear,Sneakers,Puma,197,False,Active,0.0,0.0,100.0
CUST000208,2,2,8882,4441.0,9.0,4.0,2024-02-09,2024-12-05,36,Adult,Female,Surat,No,0,1,Accessories,Belt,HRX,25,False,Active,0.0,50.0,50.0
CUST000209,2,5,17493,8746.5,8.5,3.5,2024-01-25,2024-09-20,37,Adult,Male,Mumbai,No,0,1,Clothing,Formal Shoes,Hush Puppies,101,False,Active,0.0,50.0,50.0
CUST000210,3,10,106454,35484.67,6.67,3.33,2023-06-26,2024-10-28,37,Adult,Female,Kochi,No,0,3,Footwear,Formal Shoes,H&M,63,False,Active,0.0,100.0,0.0
CUST000212,2,2,5169,2584.5,11.5,3.5,2023-01-19,2024-12-01,41,Adult,Male,Patna,No,0,2,Clothing,Hoodie,Allen Solly,29,False,Active,0.0,100.0,0.0
CUST000213,4,6,10471,2617.75,6.75,3.25,2023-01-16,2024-12-14,34,Adult,Male,Chandigarh,No,0,4,Accessories,Jacket,Fastrack,16,False,Active,0.0,100.0,0.0
CUST000214,5,5,20657,4131.4,7.8,3.8,2023-02-22,2024-12-03,56,Adult,Male,Indore,No,1,4,Clothing,Cap,Adidas,27,False,Active,20.0,80.0,20.0
CUST000215,5,6,18693,3738.6,8.4,4.0,2023-01-01,2024-09-20,46,Adult,Male,Visakhapatnam,Yes,1,4,Clothing,Belt,FabIndia,101,False,Active,20.0,80.0,20.0
CUST000216,4,7,14205,3551.25,4.5,3.5,2024-01-03,2024-12-13,38,Adult,Female,Delhi,Yes,0,3,Accessories,Backpack,FabIndia,17,False,Active,0.0,75.0,25.0
CUST000217,3,6,53397,17799.0,3.67,4.0,2023-08-04,2024-08-25,54,Adult,Female,Jaipur,Yes,1,3,Clothing,Saree,Biba,127,False,Active,33.33,100.0,0.0
CUST000218,8,15,35227,4403.38,6.88,2.88,2023-02-22,2024-07-04,39,Adult,Male,Kochi,No,3,6,Clothing,Shorts,HRX,179,False,Active,37.5,75.0,25.0
CUST000219,5,7,41160,8232.0,17.4,3.6,2023-01-09,2024-07-17,29,Adult,Female,Ahmedabad,No,0,4,Footwear,Sneakers,HRX,166,False,Active,0.0,80.0,20.0
CUST000220,4,6,9513,2378.25,3.0,3.75,2023-01-04,2024-07-05,43,Adult,Male,Patna,Yes,1,3,Clothing,Dress,Max,178,False,Active,25.0,75.0,25.0
CUST000221,1,1,7012,7012.0,5.0,4.0,2024-08-18,2024-08-18,60,Adult,Male,Pune,No,0,1,Clothing,Jacket,Puma,134,False,Active,0.0,100.0,0.0
CUST000222,3,4,14649,4883.0,5.0,4.0,2023-05-13,2024-10-17,38,Adult,Female,Indore,No,0,2,Clothing,Dress,Biba,74,False,Active,0.0,66.67,33.33
CUST000223,2,3,4120,2060.0,28.5,4.5,2024-11-03,2024-11-28,56,Adult,Female,Mumbai,No,0,2,Accessories,Saree,FabIndia,32,False,Active,0.0,100.0,0.0
CUST000224,5,5,43449,8689.8,8.4,3.8,2023-04-16,2024-12-21,50,Adult,Male,Lucknow,Yes,0,3,Footwear,Running Shoes,H&M,9,False,Active,0.0,60.0,40.0
CUST000225,1,1,3482,3482.0,5.0,5.0,2024-11-25,2024-11-25,60,Adult,Female,Kolkata,Yes,1,1,Clothing,Shorts,Nike,35,False,Active,100.0,100.0,0.0
CUST000226,2,6,55125,27562.5,5.0,1.5,2024-09-01,2024-09-03,43,Adult,Male,Delhi,Yes,0,2,Clothing,Kurta,Max,118,False,Active,0.0,100.0,0.0
CUST000227,3,3,5461,1820.33,2.33,3.67,2023-05-31,2024-12-29,18,Young Adult,Female,Indore,No,0,3,Clothing,Shirt,Hush Puppies,1,False,Active,0.0,100.0,0.0
CUST000228,5,6,18893,3778.6,5.8,3.4,2023-01-30,2024-05-11,56,Adult,Male,Surat,No,0,3,Clothing,Saree,FabIndia,233,False,Active,0.0,60.0,40.0
CUST000229,3,4,20213,6737.67,10.33,4.0,2023-05-20,2024-05-26,47,Adult,Male,Jaipur,No,0,3,Clothing,Hoodie,Adidas,218,False,Active,0.0,100.0,0.0
CUST000230,2,2,6054,3027.0,3.0,4.0,2023-09-27,2023-11-17,34,Adult,Female,Noida,Yes,1,2,Clothing,Jacket,FabIndia,409,True,Inactive 270+ days,50.0,100.0,0.0
CUST000231,3,7,31698,10566.0,2.0,3.67,2023-09-10,2024-05-27,25,Young Adult,Female,Noida,No,1,1,Clothing,Jacket,Zara,217,False,Active,33.33,33.33,66.67
CUST000232,1,1,1378,1378.0,0.0,4.0,2023-02-17,2023-02-17,35,Adult,Female,Lucknow,No,1,1,Clothing,Saree,Max,682,True,Inactive 270+ days,100.0,100.0,0.0
CUST000233,5,7,43383,8676.6,8.2,3.8,2023-06-09,2024-12-24,62,Adult,Female,Bangalore,No,1,5,Footwear,Boots,Bata,6,False,Active,20.0,100.0,0.0
CUST000234,3,5,27449,9149.67,7.0,3.0,2023-07-07,2024-11-25,40,Adult,Female,Ahmedabad,Yes,0,3,Clothing,T-shirt,Adidas,35,False,Active,0.0,100.0,0.0
CUST000235,1,2,4451,4451.0,7.0,3.0,2023-12-25,2023-12-25,24,Young Adult,Male,Nagpur,Yes,1,1,Clothing,T-shirt,Puma,371,True,Inactive 270+ days,100.0,100.0,0.0
CUST000236,5,9,44792,8958.4,3.4,3.2,2023-01-28,2024-11-10,40,Adult,Female,Gurgaon,No,2,5,Clothing,Dress,Biba,50,False,Active,40.0,100.0,0.0
CUST000237,2,4,21336,10668.0,23.5,3.0,2023-02-02,2023-11-03,59,Adult,Female,Patna,No,1,2,Clothing,Kurta,Adidas,423,True,Inactive 270+ days,50.0,100.0,0.0
CUST000238,1,1,2812,2812.0,5.0,5.0,2023-09-03,2023-09-03,61,Adult,Male,Mumbai,No,0,1,Clothing,Shorts,Puma,484,True,Inactive 270+ days,0.0,100.0,0.0
CUST000239,4,4,9517,2379.25,16.75,3.0,2023-08-25,2023-12-20,57,Adult,Male,Jaipur,No,0,4,Clothing,Heels,FabIndia,376,True,Inactive 270+ days,0.0,100.0,0.0
CUST000240,1,2,6614,6614.0,15.0,3.0,2023-08-12,2023-08-12,21,Young Adult,Female,Kolkata,No,0,1,Clothing,Hoodie,Puma,506,True,Inactive 270+ days,0.0,100.0,0.0
CUST000242,6,12,26871,4478.5,6.83,3.0,2023-04-16,2024-12-16,51,Adult,Male,Kolkata,No,2,4,Clothing,T-shirt,HRX,14,False,Active,33.33,66.67,33.33
CUST000243,3,6,9734,3244.67,7.33,3.67,2023-10-07,2024-07-17,56,Adult,Male,Noida,No,1,2,Footwear,Formal Shoes,Bata,166,False,Active,33.33,66.67,33.33
CUST000244,4,5,21359,5339.75,9.5,3.0,2023-01-09,2024-09-07,61,Adult,Female,Jaipur,No,1,3,Clothing,Formal Shoes,FabIndia,114,False,Active,25.0,75.0,25.0
CUST000245,3,7,72974,24324.67,11.0,3.33,2023-09-13,2024-01-26,47,Adult,Male,Ahmedabad,No,0,2,Clothing,Running Shoes,Nike,339,True,Inactive 270+ days,0.0,66.67,33.33
CUST000246,1,1,991,991.0,13.0,3.0,2023-10-24,2023-10-24,47,Adult,Male,Kolkata,No,1,0,Clothing,Kurta,Max,433,True,Inactive 270+ days,100.0,0.0,100.0
CUST000247,2,3,22650,11325.0,4.5,2.5,2024-05-14,2024-10-30,21,Young Adult,Female,Visakhapatnam,Yes,1,1,Accessories,Running Shoes,HRX,61,False,Active,50.0,50.0,50.0
CUST000248,3,5,19489,6496.33,1.67,3.67,2023-07-05,2024-11-18,63,Adult,Male,Lucknow,No,0,3,Clothing,Jacket,Adidas,42,False,Active,0.0,100.0,0.0
CUST000249,4,7,4757,1189.25,9.0,4.0,2023-11-20,2024-11-28,29,Adult,Female,Visakhapatnam,No,0,2,Accessories,Cap,Levis,32,False,Active,0.0,50.0,50.0
CUST000250,1,2,6894,6894.0,6.0,3.0,2023-05-22,2023-05-22,23,Young Adult,Other,Patna,No,1,0,Clothing,Shorts,Nike,588,True,Inactive 270+ days,100.0,0.0,100.0
CUST000251,3,5,14958,4986.0,8.0,3.33,2023-09-16,2024-03-25,51,Adult,Male,Gurgaon,Yes,1,2,Clothing,Backpack,Levis,280,True,Inactive 270+ days,33.33,66.67,33.33
CUST000252,4,9,16291,4072.75,7.5,3.5,2023-01-18,2023-12-13,46,Adult,Female,Bhubaneswar,No,0,4,Clothing,T-shirt,Adidas,383,True,Inactive 270+ days,0.0,100.0,0.0
CUST000253,2,2,3380,1690.0,5.0,3.0,2023-02-21,2024-12-08,60,Adult,Male,Delhi,Yes,1,1,Accessories,Jacket,Roadster,22,False,Active,50.0,50.0,50.0
CUST000254,1,3,5467,5467.0,6.0,5.0,2024-03-29,2024-03-29,23,Young Adult,Female,Lucknow,Yes,1,0,Clothing,Kurta,FabIndia,276,True,Inactive 270+ days,100.0,0.0,100.0
CUST000256,3,4,3399,1133.0,7.0,3.67,2024-07-30,2024-12-29,52,Adult,Female,Noida,Yes,1,2,Accessories,Shorts,Max,1,False,Active,33.33,66.67,33.33
CUST000257,4,8,19382,4845.5,3.5,3.0,2023-07-24,2024-08-18,55,Adult,Female,Lucknow,Yes,2,2,Footwear,Sandals,Max,134,False,Active,50.0,50.0,50.0
CUST000258,3,4,12328,4109.33,10.67,3.0,2023-05-09,2024-07-04,31,Adult,Female,Indore,No,1,2,Clothing,Shorts,Adidas,179,False,Active,33.33,66.67,33.33
CUST000259,4,6,26010,6502.5,15.5,2.5,2023-03-22,2024-08-20,45,Adult,Male,Hyderabad,No,2,4,Clothing,Hoodie,HRX,132,False,Active,50.0,100.0,0.0
CUST000260,6,8,51398,8566.33,5.33,3.33,2023-05-15,2024-05-17,59,Adult,Female,Chandigarh,No,0,3,Clothing,Saree,Adidas,227,False,Active,0.0,50.0,50.0
CUST000261,4,6,18671,4667.75,4.25,3.0,2023-01-03,2024-09-17,51,Adult,Male,Lucknow,Yes,2,2,Accessories,Jacket,HRX,104,False,Active,50.0,50.0,50.0
CUST000263,2,4,8675,4337.5,4.5,3.5,2023-06-12,2024-05-13,30,Adult,Female,Kolkata,No,0,1,Accessories,Trousers,Allen Solly,231,False,Active,0.0,50.0,50.0
CUST000264,4,7,66617,16654.25,10.25,3.0,2023-06-23,2024-05-31,49,Adult,Female,Bhubaneswar,No,0,1,Clothing,Dress,Biba,213,False,Active,0.0,25.0,75.0
CUST000265,4,6,67907,16976.75,4.75,3.75,2023-03-24,2024-07-17,57,Adult,Female,Kolkata,No,2,3,Clothing,Heels,Puma,166,False,Active,50.0,75.0,25.0
CUST000266,3,4,2941,980.33,12.0,2.67,2023-06-24,2024-12-28,33,Adult,Female,Chennai,Yes,1,3,Clothing,Kurta,Max,2,False,Active,33.33,100.0,0.0
CUST000267,5,5,12374,2474.8,6.2,3.6,2023-11-27,2024-08-17,30,Adult,Female,Bangalore,Yes,0,4,Accessories,Bag,Adidas,135,False,Active,0.0,80.0,20.0
CUST000268,3,4,38815,12938.33,11.67,3.33,2023-10-29,2024-11-15,55,Adult,Male,Visakhapatnam,No,0,3,Footwear,Heels,Bata,45,False,Active,0.0,100.0,0.0
CUST000269,2,2,9659,4829.5,7.0,3.5,2023-05-10,2023-05-23,48,Adult,Female,Bangalore,No,1,2,Footwear,Slippers,Adidas,587,True,Inactive 270+ days,50.0,100.0,0.0
CUST000270,5,7,17058,3411.6,4.6,3.4,2023-04-21,2024-08-09,47,Adult,Female,Surat,No,0,4,Accessories,Backpack,Allen Solly,143,False,Active,0.0,80.0,20.0
CUST000271,2,2,10530,5265.0,7.0,4.0,2023-03-24,2023-08-23,46,Adult,Male,Mumbai,Yes,0,2,Clothing,Saree,FabIndia,495,True,Inactive 270+ days,0.0,100.0,0.0
CUST000272,1,2,3385,3385.0,5.0,3.0,2024-01-31,2024-01-31,58,Adult,Female,Mumbai,No,0,1,Clothing,Saree,Biba,334,True,Inactive 270+ days,0.0,100.0,0.0
CUST000273,3,3,25214,8404.67,8.33,3.67,2023-11-20,2024-11-28,52,Adult,Male,Bhubaneswar,No,0,3,Accessories,Jacket,Levis,32,False,Active,0.0,100.0,0.0
CUST000274,2,3,20971,10485.5,2.0,4.0,2023-03-01,2024-02-02,58,Adult,Other,Lucknow,No,0,1,Footwear,Boots,Adidas,332,True,Inactive 270+ days,0.0,50.0,50.0
CUST000275,2,3,2233,1116.5,14.5,3.0,2023-11-05,2024-01-09,39,Adult,Female,Pune,Yes,0,2,Accessories,T-shirt,Levis,356,True,Inactive 270+ days,0.0,100.0,0.0
CUST000276,2,3,7355,3677.5,11.5,3.0,2024-10-05,2024-11-04,34,Adult,Female,Noida,No,0,1,Accessories,Backpack,H&M,56,False,Active,0.0,50.0,50.0
CUST000277,3,5,30177,10059.0,12.0,2.67,2023-02-16,2023-11-24,39,Adult,Female,Surat,No,1,2,Footwear,Bag,HRX,402,True,Inactive 270+ days,33.33,66.67,33.33
CUST000278,3,3,9917,3305.67,10.0,3.33,2023-06-26,2024-06-15,29,Adult,Female,Hyderabad,No,1,3,Footwear,Formal Shoes,Bata,198,False,Active,33.33,100.0,0.0
CUST000279,3,5,12434,4144.67,5.67,3.33,2023-03-08,2024-06-29,24,Young Adult,Male,Chennai,No,0,3,Accessories,Backpack,Hush Puppies,184,False,Active,0.0,100.0,0.0
CUST000280,4,7,16234,4058.5,14.5,4.0,2023-02-27,2024-11-08,28,Adult,Female,Mumbai,Yes,0,3,Clothing,Hoodie,Adidas,52,False,Active,0.0,75.0,25.0
CUST000281,4,4,10646,2661.5,13.75,3.5,2023-01-31,2024-04-02,21,Young Adult,Male,Kolkata,No,0,2,Clothing,Cap,FabIndia,272,True,Inactive 270+ days,0.0,50.0,50.0
CUST000282,5,8,17072,3414.4,11.0,3.4,2023-03-15,2024-03-11,46,Adult,Male,Mumbai,No,0,5,Clothing,Cap,Bata,294,True,Inactive 270+ days,0.0,100.0,0.0
CUST000283,1,1,24506,24506.0,15.0,3.0,2024-04-29,2024-04-29,39,Adult,Male,Hyderabad,No,0,1,Footwear,Sneakers,Adidas,245,False,Active,0.0,100.0,0.0
CUST000284,4,4,28527,7131.75,8.75,2.75,2023-04-23,2024-05-08,45,Adult,Female,Lucknow,No,3,4,Clothing,Hoodie,Adidas,236,False,Active,75.0,100.0,0.0
CUST000285,1,1,9668,9668.0,12.0,5.0,2023-06-29,2023-06-29,37,Adult,Male,Visakhapatnam,No,0,1,Clothing,Saree,FabIndia,550,True,Inactive 270+ days,0.0,100.0,0.0
CUST000286,2,5,14648,7324.0,14.5,4.5,2023-05-20,2023-12-24,55,Adult,Male,Hyderabad,Yes,0,2,Accessories,Running Shoes,Levis,372,True,Inactive 270+ days,0.0,100.0,0.0
CUST000287,2,2,9156,4578.0,8.0,2.5,2023-01-13,2024-11-11,41,Adult,Male,Lucknow,No,1,2,Clothing,Running Shoes,Adidas,49,False,Active,50.0,100.0,0.0
CUST000288,1,1,529,529.0,6.0,5.0,2024-05-12,2024-05-12,25,Young Adult,Male,Noida,Yes,1,1,Clothing,T-shirt,Puma,232,False,Active,100.0,100.0,0.0
CUST000289,5,7,73941,14788.2,4.8,3.8,2023-07-31,2024-07-06,63,Adult,Female,Ahmedabad,No,1,1,Footwear,Sneakers,Adidas,177,False,Active,20.0,20.0,80.0
CUST000290,3,7,47702,15900.67,14.0,4.0,2023-01-28,2024-07-10,41,Adult,Female,Hyderabad,Yes,1,1,Clothing,Jacket,Adidas,173,False,Active,33.33,33.33,66.67
CUST000291,2,3,7872,3936.0,8.0,3.5,2023-04-04,2024-05-29,47,Adult,Male,Noida,No,0,2,Accessories,Backpack,Levis,215,False,Active,0.0,100.0,0.0
CUST000292,4,6,14194,3548.5,11.0,2.75,2023-02-28,2024-08-01,53,Adult,Female,Nagpur,No,1,3,Clothing,Jacket,HRX,151,False,Active,25.0,75.0,25.0
CUST000294,2,3,10608,5304.0,10.5,4.0,2023-02-11,2023-05-31,25,Young Adult,Male,Surat,No,0,1,Accessories,Backpack,Puma,579,True,Inactive 270+ days,0.0,50.0,50.0
CUST000295,4,6,19217,4804.25,9.25,4.25,2023-04-02,2024-02-25,62,Adult,Female,Kochi,No,0,2,Accessories,Belt,FabIndia,309,True,Inactive 270+ days,0.0,50.0,50.0
CUST000296,1,1,1529,1529.0,10.0,4.0,2024-02-12,2024-02-12,39,Adult,Female,Delhi,Yes,0,1,Accessories,Wallet,Puma,322,True,Inactive 270+ days,0.0,100.0,0.0
CUST000297,1,1,3024,3024.0,14.0,4.0,2024-09-08,2024-09-08,63,Adult,Male,Nagpur,No,0,1,Clothing,Jacket,Adidas,113,False,Active,0.0,100.0,0.0
CUST000298,6,10,23195,3865.83,7.17,3.83,2023-05-25,2024-12-25,37,Adult,Male,Chandigarh,Yes,2,4,Clothing,Cap,Max,5,False,Active,33.33,66.67,33.33
CUST000299,3,4,4670,1556.67,7.33,3.33,2023-01-17,2024-06-12,50,Adult,Female,Chennai,No,1,2,Accessories,Bag,Bata,201,False,Active,33.33,66.67,33.33
CUST000300,1,1,4579,4579.0,11.0,4.0,2023-01-05,2023-01-05,30,Adult,Male,Ahmedabad,Yes,0,1,Clothing,Kurta,FabIndia,725,True,Inactive 270+ days,0.0,100.0,0.0
CUST000301,3,7,55215,18405.0,4.67,4.0,2023-04-05,2024-11-10,63,Adult,Female,Lucknow,Yes,0,3,Footwear,Sneakers,Allen Solly,50,False,Active,0.0,100.0,0.0
CUST000304,2,3,18535,9267.5,3.5,2.5,2023-12-10,2024-11-19,45,Adult,Female,Lucknow,No,1,2,Clothing,Jeans,Allen Solly,41,False,Active,50.0,100.0,0.0
CUST000305,3,4,24440,8146.67,7.0,4.0,2023-05-04,2024-10-16,37,Adult,Female,Kochi,No,0,2,Clothing,Hoodie,Puma,75,False,Active,0.0,66.67,33.33
CUST000306,3,6,8926,2975.33,7.33,3.67,2023-04-20,2024-03-26,20,Young Adult,Male,Bangalore,No,0,2,Footwear,Sandals,Hush Puppies,279,True,Inactive 270+ days,0.0,66.67,33.33
CUST000307,1,1,5540,5540.0,13.0,4.0,2024-09-20,2024-09-20,29,Adult,Male,Kolkata,No,1,1,Clothing,Hoodie,Adidas,101,False,Active,100.0,100.0,0.0
CUST000308,4,6,30608,7652.0,6.25,4.0,2023-07-26,2024-03-25,36,Adult,Other,Pune,No,1,3,Clothing,Running Shoes,Adidas,280,True,Inactive 270+ days,25.0,75.0,25.0
CUST000309,1,1,307,307.0,0.0,4.0,2023-06-03,2023-06-03,49,Adult,Female,Surat,Yes,0,1,Accessories,Cap,Levis,576,True,Inactive 270+ days,0.0,100.0,0.0
CUST000310,3,3,7452,2484.0,13.0,3.67,2023-04-15,2023-12-06,39,Adult,Male,Delhi,No,1,1,Accessories,Jacket,Adidas,390,True,Inactive 270+ days,33.33,33.33,66.67
CUST000311,5,9,40986,8197.2,7.8,4.2,2024-04-02,2024-09-23,27,Adult,Male,Lucknow,Yes,2,4,Footwear,Running Shoes,Nike,98,False,Active,40.0,80.0,20.0
CUST000312,4,4,36638,9159.5,7.25,4.0,2023-01-25,2024-02-22,47,Adult,Other,Gurgaon,No,0,3,Footwear,Running Shoes,Puma,312,True,Inactive 270+ days,0.0,75.0,25.0
CUST000314,3,6,35501,11833.67,3.33,4.0,2023-03-16,2024-11-18,53,Adult,Male,Mumbai,No,0,2,Clothing,Formal Shoes,Hush Puppies,42,False,Active,0.0,66.67,33.33
CUST000315,3,5,14074,4691.33,5.67,3.0,2023-02-01,2024-10-24,32,Adult,Female,Kochi,No,0,3,Clothing,Hoodie,Adidas,67,False,Active,0.0,100.0,0.0
CUST000316,10,14,67588,6758.8,6.7,3.5,2023-01-25,2024-11-19,29,Adult,Male,Surat,No,1,5,Clothing,Running Shoes,Puma,41,False,Active,10.0,50.0,50.0
CUST000317,3,4,17519,5839.67,5.67,4.33,2024-04-07,2024-12-23,52,Adult,Female,Pune,No,0,1,Clothing,Boots,FabIndia,7,False,Active,0.0,33.33,66.67
CUST000318,4,5,13535,3383.75,6.0,4.0,2023-02-17,2024-07-31,61,Adult,Male,Mumbai,Yes,1,3,Accessories,Belt,Fastrack,152,False,Active,25.0,75.0,25.0
CUST000319,1,1,12992,12992.0,0.0,5.0,2023-09-17,2023-09-17,55,Adult,Female,Lucknow,No,0,1,Footwear,Running Shoes,Adidas,470,True,Inactive 270+ days,0.0,100.0,0.0
CUST000321,5,6,23071,4614.2,8.6,3.4,2023-03-01,2024-09-01,45,Adult,Male,Visakhapatnam,Yes,2,4,Clothing,T-shirt,Puma,120,False,Active,40.0,80.0,20.0
CUST000323,3,4,4855,1618.33,7.0,3.0,2023-12-11,2024-07-25,27,Adult,Male,Patna,No,1,2,Clothing,Backpack,Allen Solly,158,False,Active,33.33,66.67,33.33
CUST000324,5,8,92090,18418.0,7.0,3.4,2023-02-21,2024-11-24,27,Adult,Female,Delhi,No,1,4,Footwear,Heels,Adidas,36,False,Active,20.0,80.0,20.0
CUST000325,1,1,8980,8980.0,8.0,4.0,2023-02-24,2023-02-24,25,Young Adult,Female,Chennai,Yes,0,1,Footwear,Running Shoes,Puma,675,True,Inactive 270+ days,0.0,100.0,0.0
CUST000326,2,3,5138,2569.0,2.5,3.5,2024-06-27,2024-09-17,45,Adult,Male,Visakhapatnam,No,0,2,Clothing,Shorts,Allen Solly,104,False,Active,0.0,100.0,0.0
CUST000327,1,1,1511,1511.0,13.0,2.0,2024-03-27,2024-03-27,54,Adult,Female,Jaipur,No,0,1,Clothing,Kurta,Max,278,True,Inactive 270+ days,0.0,100.0,0.0
CUST000328,8,11,76098,9512.25,12.5,3.25,2023-09-14,2024-12-21,37,Adult,Male,Mumbai,Yes,2,7,Clothing,Shorts,Levis,9,False,Active,25.0,87.5,12.5
CUST000329,4,4,27281,6820.25,7.5,3.0,2023-04-07,2023-09-29,37,Adult,Male,Chennai,Yes,1,3,Clothing,Backpack,FabIndia,458,True,Inactive 270+ days,25.0,75.0,25.0
CUST000330,3,4,14512,4837.33,10.0,3.0,2023-01-06,2024-12-20,22,Young Adult,Male,Bhubaneswar,Yes,0,2,Footwear,Heels,Adidas,10,False,Active,0.0,66.67,33.33
CUST000332,2,2,5821,2910.5,1.0,3.5,2024-03-12,2024-11-24,46,Adult,Female,Lucknow,No,0,2,Clothing,Hoodie,H&M,36,False,Active,0.0,100.0,0.0
CUST000333,4,5,32099,8024.75,15.0,4.0,2023-08-30,2024-11-23,55,Adult,Male,Kolkata,Yes,0,3,Clothing,Cap,H&M,37,False,Active,0.0,75.0,25.0
CUST000334,3,5,11129,3709.67,7.33,3.0,2024-02-22,2024-12-05,59,Adult,Female,Chandigarh,No,1,2,Clothing,Formal Shoes,Allen Solly,25,False,Active,33.33,66.67,33.33
CUST000335,6,8,38318,6386.33,6.67,3.0,2023-12-29,2024-11-29,25,Young Adult,Male,Kochi,No,2,4,Clothing,Jacket,HRX,31,False,Active,33.33,66.67,33.33
CUST000337,2,2,2982,1491.0,8.5,4.0,2023-01-15,2023-01-15,35,Adult,Female,Chandigarh,No,1,1,Clothing,Shirt,Levis,715,True,Inactive 270+ days,50.0,50.0,50.0
CUST000338,1,1,439,439.0,15.0,3.0,2023-08-11,2023-08-11,29,Adult,Male,Patna,No,0,1,Footwear,Slippers,Max,507,True,Inactive 270+ days,0.0,100.0,0.0
CUST000339,1,1,7857,7857.0,2.0,4.0,2023-07-09,2023-07-09,36,Adult,Female,Patna,No,0,1,Accessories,Bag,Tommy Hilfiger,540,True,Inactive 270+ days,0.0,100.0,0.0
CUST000340,1,2,3928,3928.0,7.0,4.0,2023-09-21,2023-09-21,58,Adult,Male,Mumbai,No,0,1,Clothing,Shorts,H&M,466,True,Inactive 270+ days,0.0,100.0,0.0
CUST000341,3,8,9743,3247.67,7.67,3.0,2023-02-14,2024-06-04,50,Adult,Male,Nagpur,No,0,2,Clothing,Belt,Levis,209,False,Active,0.0,66.67,33.33
CUST000342,4,8,25219,6304.75,6.75,4.0,2023-05-31,2024-05-14,30,Adult,Male,Indore,No,1,4,Clothing,T-shirt,FabIndia,230,False,Active,25.0,100.0,0.0
CUST000343,2,2,24345,12172.5,10.0,4.0,2023-04-20,2024-10-23,55,Adult,Male,Kochi,No,0,2,Clothing,Jeans,Allen Solly,68,False,Active,0.0,100.0,0.0
CUST000345,3,6,42260,14086.67,3.0,3.33,2023-07-02,2024-03-09,41,Adult,Male,Ahmedabad,Yes,0,1,Clothing,Formal Shoes,Roadster,296,True,Inactive 270+ days,0.0,33.33,66.67
CUST000346,3,5,28670,9556.67,9.67,3.67,2023-07-31,2024-05-06,29,Adult,Female,Lucknow,No,0,2,Accessories,Cap,Zara,238,False,Active,0.0,66.67,33.33
CUST000347,1,2,8983,8983.0,6.0,2.0,2024-05-08,2024-05-08,46,Adult,Male,Noida,No,1,1,Clothing,Saree,Max,236,False,Active,100.0,100.0,0.0
CUST000348,2,2,7184,3592.0,5.0,2.5,2023-05-21,2023-07-01,61,Adult,Male,Indore,No,0,2,Footwear,Boots,Bata,548,True,Inactive 270+ days,0.0,100.0,0.0
CUST000350,6,8,16063,2677.17,11.5,3.83,2023-01-23,2024-09-30,23,Young Adult,Female,Jaipur,Yes,0,5,Clothing,Kurta,Biba,91,False,Active,0.0,83.33,16.67
CUST000351,2,3,20257,10128.5,9.5,2.5,2023-03-24,2023-08-17,32,Adult,Female,Lucknow,No,0,1,Accessories,Bag,Nike,501,True,Inactive 270+ days,0.0,50.0,50.0
CUST000352,5,6,17651,3530.2,13.0,3.2,2023-12-09,2024-11-09,61,Adult,Female,Kolkata,No,1,2,Footwear,Formal Shoes,Bata,51,False,Active,20.0,40.0,60.0
CUST000353,2,4,22792,11396.0,3.0,2.5,2024-07-27,2024-08-29,33,Adult,Female,Lucknow,Yes,0,2,Clothing,Jacket,Nike,123,False,Active,0.0,100.0,0.0
CUST000354,3,4,13748,4582.67,6.0,3.67,2023-11-15,2024-03-30,32,Adult,Male,Kolkata,No,0,2,Clothing,Boots,Hush Puppies,275,True,Inactive 270+ days,0.0,66.67,33.33
CUST000355,5,8,53839,10767.8,15.8,2.6,2023-04-16,2024-08-05,31,Adult,Female,Nagpur,No,0,4,Footwear,Sneakers,HRX,147,False,Active,0.0,80.0,20.0
CUST000356,1,2,17791,17791.0,15.0,4.0,2023-02-10,2023-02-10,46,Adult,Female,Hyderabad,No,1,1,Clothing,Saree,Biba,689,True,Inactive 270+ days,100.0,100.0,0.0
CUST000357,6,10,25690,4281.67,8.17,3.5,2023-10-02,2024-12-23,53,Adult,Female,Mumbai,Yes,1,4,Clothing,Bag,HRX,7,False,Active,16.67,66.67,33.33
CUST000359,5,7,29880,5976.0,9.0,3.2,2023-11-14,2024-10-28,27,Adult,Female,Ahmedabad,Yes,2,4,Clothing,Shorts,HRX,63,False,Active,40.0,80.0,20.0
CUST000360,3,3,19795,6598.33,2.33,3.0,2023-03-10,2024-04-06,59,Adult,Male,Pune,No,0,2,Clothing,Jacket,Adidas,268,False,Active,0.0,66.67,33.33
CUST000361,1,1,9122,9122.0,3.0,4.0,2023-08-25,2023-08-25,61,Adult,Male,Bangalore,Yes,0,1,Footwear,Sneakers,Adidas,493,True,Inactive 270+ days,0.0,100.0,0.0
CUST000362,3,6,19659,6553.0,6.33,3.67,2023-09-17,2024-04-20,39,Adult,Female,Delhi,No,1,2,Clothing,Jacket,Adidas,254,False,Active,33.33,66.67,33.33
CUST000363,2,5,6784,3392.0,6.5,4.0,2024-10-18,2024-11-02,41,Adult,Male,Bangalore,No,0,2,Clothing,Running Shoes,Adidas,58,False,Active,0.0,100.0,0.0
CUST000364,5,9,37649,7529.8,7.2,3.6,2023-04-18,2024-12-10,43,Adult,Male,Pune,Yes,1,3,Clothing,Belt,Puma,20,False,Active,20.0,60.0,40.0
CUST000365,2,3,3677,1838.5,11.5,4.0,2024-04-14,2024-11-08,53,Adult,Male,Bangalore,No,0,2,Clothing,Hoodie,H&M,52,False,Active,0.0,100.0,0.0
CUST000366,6,10,48965,8160.83,7.17,3.17,2023-06-02,2024-11-29,53,Adult,Male,Surat,Yes,1,4,Clothing,Saree,FabIndia,31,False,Active,16.67,66.67,33.33
CUST000367,4,7,38900,9725.0,7.75,3.75,2023-11-07,2024-06-17,52,Adult,Female,Chennai,Yes,0,4,Clothing,Heels,Zara,196,False,Active,0.0,100.0,0.0
CUST000369,2,2,4560,2280.0,30.5,3.5,2023-11-29,2024-12-02,27,Adult,Male,Kolkata,No,0,2,Clothing,Formal Shoes,Bata,28,False,Active,0.0,100.0,0.0
CUST000370,4,5,36492,9123.0,4.5,3.5,2023-01-13,2024-12-14,19,Young Adult,Male,Ahmedabad,No,1,2,Clothing,Backpack,Nike,16,False,Active,25.0,50.0,50.0
CUST000371,2,3,5398,2699.0,21.0,3.5,2024-10-26,2024-11-21,59,Adult,Male,Ahmedabad,No,0,1,Clothing,Kurta,Adidas,39,False,Active,0.0,50.0,50.0
CUST000372,3,4,7190,2396.67,11.0,4.67,2023-01-22,2024-11-09,56,Adult,Male,Patna,Yes,0,1,Accessories,Cap,Levis,51,False,Active,0.0,33.33,66.67
CUST000373,1,1,6465,6465.0,11.0,4.0,2023-06-15,2023-06-15,55,Adult,Female,Ahmedabad,No,0,1,Clothing,Hoodie,Nike,564,True,Inactive 270+ days,0.0,100.0,0.0
CUST000374,4,5,11306,2826.5,8.5,4.25,2023-03-01,2024-11-13,57,Adult,Female,Pune,Yes,0,3,Clothing,Heels,Nike,47,False,Active,0.0,75.0,25.0
CUST000375,3,5,6303,2101.0,4.33,3.33,2023-07-03,2024-07-15,23,Young Adult,Male,Pune,No,0,2,Accessories,Bag,Fastrack,168,False,Active,0.0,66.67,33.33
CUST000376,2,3,5214,2607.0,8.5,3.5,2024-03-13,2024-06-30,19,Young Adult,Female,Jaipur,Yes,0,2,Accessories,Bag,HRX,183,False,Active,0.0,100.0,0.0
CUST000378,2,3,39170,19585.0,11.5,3.0,2023-05-04,2023-07-30,20,Young Adult,Male,Mumbai,No,0,2,Clothing,Jacket,HRX,519,True,Inactive 270+ days,0.0,100.0,0.0
CUST000379,2,4,7182,3591.0,10.5,3.0,2023-05-15,2023-10-26,55,Adult,Female,Mumbai,No,1,0,Accessories,Bag,Bata,431,True,Inactive 270+ days,50.0,0.0,100.0
CUST000380,2,2,23611,11805.5,10.0,4.0,2023-11-02,2024-11-17,25,Young Adult,Female,Pune,No,1,1,Clothing,Hoodie,HRX,43,False,Active,50.0,50.0,50.0
CUST000381,4,5,71718,17929.5,13.25,4.0,2023-05-06,2023-08-23,48,Adult,Female,Nagpur,No,1,1,Footwear,Jacket,Nike,495,True,Inactive 270+ days,25.0,25.0,75.0
CUST000383,4,5,26497,6624.25,5.75,3.5,2023-06-09,2024-04-03,20,Young Adult,Female,Kolkata,Yes,2,3,Clothing,Backpack,Max,271,True,Inactive 270+ days,50.0,75.0,25.0
CUST000384,7,13,83522,11931.71,5.0,4.0,2023-02-02,2024-09-15,57,Adult,Male,Gurgaon,No,3,6,Clothing,Saree,Adidas,106,False,Active,42.86,85.71,14.29
CUST000385,2,2,35192,17596.0,21.0,4.0,2023-04-15,2024-08-11,18,Young Adult,Female,Gurgaon,No,0,1,Footwear,Running Shoes,Adidas,141,False,Active,0.0,50.0,50.0
CUST000386,2,4,13764,6882.0,11.0,4.0,2024-07-11,2024-10-10,25,Young Adult,Female,Chennai,No,0,2,Accessories,Cap,Adidas,81,False,Active,0.0,100.0,0.0
CUST000387,2,3,45458,22729.0,6.0,3.0,2024-05-24,2024-07-27,55,Adult,Male,Patna,Yes,0,2,Footwear,Formal Shoes,Bata,156,False,Active,0.0,100.0,0.0
CUST000388,3,3,11496,3832.0,10.33,3.33,2023-03-03,2024-12-23,62,Adult,Male,Mumbai,No,2,3,Clothing,Jacket,Adidas,7,False,Active,66.67,100.0,0.0
CUST000389,1,2,4165,4165.0,28.0,4.0,2023-01-13,2023-01-13,18,Young Adult,Male,Gurgaon,Yes,0,0,Clothing,Jeans,H&M,717,True,Inactive 270+ days,0.0,0.0,100.0
CUST000390,2,2,7570,3785.0,13.0,5.0,2023-04-08,2023-09-28,21,Young Adult,Female,Kochi,No,0,2,Clothing,Boots,Adidas,459,True,Inactive 270+ days,0.0,100.0,0.0
CUST000391,6,6,22738,3789.67,9.83,3.0,2023-02-15,2024-11-22,32,Adult,Other,Visakhapatnam,No,1,6,Clothing,Boots,Adidas,38,False,Active,16.67,100.0,0.0
CUST000392,4,5,12543,3135.75,6.75,4.5,2023-02-24,2024-07-31,64,Adult,Male,Kochi,No,0,2,Accessories,Bag,Levis,152,False,Active,0.0,50.0,50.0
CUST000394,4,4,30660,7665.0,6.75,3.5,2023-07-05,2024-06-22,31,Adult,Male,Hyderabad,Yes,0,3,Footwear,Formal Shoes,Allen Solly,191,False,Active,0.0,75.0,25.0
CUST000395,2,4,12682,6341.0,12.5,3.5,2023-04-11,2024-10-04,52,Adult,Male,Gurgaon,No,0,1,Footwear,Running Shoes,Bata,87,False,Active,0.0,50.0,50.0
CUST000396,2,6,99332,49666.0,17.5,3.0,2023-07-22,2024-06-08,42,Adult,Female,Chennai,No,1,1,Footwear,Running Shoes,Adidas,205,False,Active,50.0,50.0,50.0
CUST000397,6,8,39414,6569.0,9.33,3.33,2023-03-02,2024-10-28,63,Adult,Female,Patna,Yes,1,4,Clothing,Sneakers,Nike,63,False,Active,16.67,66.67,33.33
CUST000398,2,2,3111,1555.5,6.0,3.5,2023-07-07,2023-07-18,52,Adult,Male,Kolkata,No,0,2,Accessories,Dress,Tommy Hilfiger,531,True,Inactive 270+ days,0.0,100.0,0.0
CUST000399,3,3,3773,1257.67,8.67,2.67,2023-04-28,2024-06-06,51,Adult,Female,Lucknow,No,1,3,Clothing,Jacket,FabIndia,207,False,Active,33.33,100.0,0.0
CUST000400,5,8,38242,7648.4,5.6,3.2,2023-03-06,2024-07-19,29,Adult,Other,Kolkata,No,0,2,Clothing,Bag,Hush Puppies,164,False,Active,0.0,40.0,60.0
CUST000401,2,5,24797,12398.5,13.0,4.0,2023-06-26,2024-08-04,35,Adult,Male,Kochi,Yes,0,2,Clothing,Shorts,H&M,148,False,Active,0.0,100.0,0.0
CUST000402,3,5,18549,6183.0,1.67,3.0,2023-07-22,2024-09-17,19,Young Adult,Female,Bhubaneswar,No,0,1,Footwear,Boots,Bata,104,False,Active,0.0,33.33,66.67
CUST000404,4,4,12933,3233.25,23.5,3.75,2023-11-01,2024-09-04,48,Adult,Female,Delhi,No,0,3,Clothing,Jacket,Nike,117,False,Active,0.0,75.0,25.0
CUST000405,3,3,1999,666.33,10.67,2.33,2023-07-25,2024-12-27,52,Adult,Male,Patna,Yes,1,3,Clothing,T-shirt,HRX,3,False,Active,33.33,100.0,0.0
CUST000406,2,2,14618,7309.0,10.0,4.0,2023-12-21,2024-10-24,50,Adult,Female,Ahmedabad,Yes,0,2,Accessories,Sneakers,Levis,67,False,Active,0.0,100.0,0.0
CUST000407,2,3,9827,4913.5,17.0,3.0,2023-08-08,2024-01-20,56,Adult,Male,Gurgaon,No,1,1,Clothing,Kurta,Biba,345,True,Inactive 270+ days,50.0,50.0,50.0
CUST000408,1,4,3936,3936.0,5.0,3.0,2024-02-23,2024-02-23,54,Adult,Female,Hyderabad,No,0,1,Accessories,Sunglasses,Fastrack,311,True,Inactive 270+ days,0.0,100.0,0.0
CUST000409,3,3,20794,6931.33,8.33,3.67,2023-02-25,2024-03-13,39,Adult,Female,Visakhapatnam,No,1,3,Clothing,Dress,Adidas,292,True,Inactive 270+ days,33.33,100.0,0.0
CUST000410,2,3,10455,5227.5,5.0,3.5,2023-05-03,2024-11-23,19,Young Adult,Male,Kochi,Yes,0,2,Clothing,Jacket,Bata,37,False,Active,0.0,100.0,0.0
CUST000411,5,6,66980,13396.0,11.2,3.8,2023-05-19,2024-11-14,40,Adult,Male,Ahmedabad,No,1,3,Clothing,Shorts,Adidas,46,False,Active,20.0,60.0,40.0
CUST000412,2,2,4674,2337.0,7.5,3.0,2024-07-20,2024-09-17,38,Adult,Female,Kolkata,No,0,2,Clothing,Kurta,FabIndia,104,False,Active,0.0,100.0,0.0
CUST000413,3,4,20697,6899.0,10.67,4.33,2024-01-06,2024-02-22,54,Adult,Female,Pune,No,0,1,Footwear,Sneakers,Puma,312,True,Inactive 270+ days,0.0,33.33,66.67
CUST000414,3,6,8953,2984.33,8.67,3.67,2023-02-28,2024-07-05,28,Adult,Male,Gurgaon,Yes,0,2,Accessories,Bag,Fastrack,178,False,Active,0.0,66.67,33.33
CUST000415,2,5,17135,8567.5,7.5,3.0,2024-06-14,2024-10-01,43,Adult,Male,Mumbai,No,1,1,Clothing,Jacket,Levis,90,False,Active,50.0,50.0,50.0
CUST000417,5,5,57745,11549.0,12.6,4.2,2023-02-26,2024-12-02,55,Adult,Male,Bangalore,No,0,4,Footwear,Running Shoes,Biba,28,False,Active,0.0,80.0,20.0
CUST000418,4,5,5230,1307.5,13.75,3.25,2023-07-22,2024-07-16,34,Adult,Female,Delhi,No,1,1,Clothing,Kurta,Max,167,False,Active,25.0,25.0,75.0
CUST000419,5,5,31779,6355.8,10.6,3.4,2023-03-28,2024-04-12,46,Adult,Male,Surat,Yes,0,3,Accessories,Backpack,Nike,262,False,Active,0.0,60.0,40.0
CUST000420,2,3,14522,7261.0,11.5,4.0,2023-04-27,2024-04-11,57,Adult,Male,Indore,No,0,1,Accessories,Bag,H&M,263,False,Active,0.0,50.0,50.0
CUST000421,5,9,53305,10661.0,7.2,3.6,2023-01-25,2024-12-16,39,Adult,Female,Lucknow,No,0,5,Clothing,Bag,Puma,14,False,Active,0.0,100.0,0.0
CUST000422,9,16,67794,7532.67,8.44,3.44,2023-04-15,2024-10-19,36,Adult,Male,Jaipur,No,0,9,Footwear,Heels,Bata,72,False,Active,0.0,100.0,0.0
CUST000423,5,5,22339,4467.8,5.6,3.6,2023-09-15,2024-12-28,25,Young Adult,Male,Indore,No,0,5,Accessories,Bag,Tommy Hilfiger,2,False,Active,0.0,100.0,0.0
CUST000424,4,9,42565,10641.25,9.0,3.0,2023-09-12,2024-08-31,41,Adult,Male,Noida,No,0,4,Accessories,Backpack,HRX,121,False,Active,0.0,100.0,0.0
CUST000425,5,5,7489,1497.8,3.6,4.0,2023-07-08,2024-12-20,57,Adult,Male,Patna,No,0,5,Accessories,Socks,Levis,10,False,Active,0.0,100.0,0.0
CUST000426,2,3,4494,2247.0,17.5,3.0,2024-08-11,2024-10-09,32,Adult,Female,Bhubaneswar,Yes,0,1,Accessories,Bag,HRX,82,False,Active,0.0,50.0,50.0
CUST000427,4,7,10549,2637.25,5.25,3.5,2023-02-12,2023-10-18,22,Young Adult,Female,Chandigarh,Yes,1,4,Clothing,Kurta,HRX,439,True,Inactive 270+ days,25.0,100.0,0.0
CUST000428,1,1,3096,3096.0,1.0,2.0,2023-08-24,2023-08-24,34,Adult,Male,Chandigarh,No,1,1,Clothing,Jacket,HRX,494,True,Inactive 270+ days,100.0,100.0,0.0
CUST000429,2,3,28337,14168.5,15.5,3.5,2023-11-22,2024-08-09,32,Adult,Male,Noida,Yes,0,1,Clothing,Kurta,Biba,143,False,Active,0.0,50.0,50.0
CUST000430,4,5,8219,2054.75,13.25,3.5,2023-05-25,2024-08-18,31,Adult,Male,Surat,No,2,2,Clothing,T-shirt,Adidas,134,False,Active,50.0,50.0,50.0
CUST000431,2,4,17960,8980.0,8.0,4.0,2023-07-29,2024-05-14,29,Adult,Male,Mumbai,No,0,2,Clothing,Formal Shoes,FabIndia,230,False,Active,0.0,100.0,0.0
CUST000432,4,4,16653,4163.25,8.75,3.25,2023-05-15,2024-12-26,49,Adult,Female,Mumbai,Yes,0,4,Clothing,Boots,H&M,4,False,Active,0.0,100.0,0.0
CUST000433,1,1,23752,23752.0,0.0,4.0,2023-01-06,2023-01-06,57,Adult,Female,Delhi,No,0,1,Footwear,Sneakers,Adidas,724,True,Inactive 270+ days,0.0,100.0,0.0
CUST000434,3,4,22362,7454.0,15.67,4.0,2023-05-08,2024-10-20,31,Adult,Male,Surat,No,2,1,Footwear,Formal Shoes,Allen Solly,71,False,Active,66.67,33.33,66.67
CUST000435,1,1,2880,2880.0,14.0,3.0,2024-05-21,2024-05-21,38,Adult,Female,Bhubaneswar,No,0,1,Clothing,Jacket,HRX,223,False,Active,0.0,100.0,0.0
CUST000436,4,7,27471,6867.75,7.75,2.75,2023-05-10,2024-12-06,52,Adult,Female,Ahmedabad,No,0,3,Clothing,Formal Shoes,Adidas,24,False,Active,0.0,75.0,25.0
CUST000437,2,3,30266,15133.0,17.5,4.0,2023-04-15,2023-11-10,64,Adult,Male,Kolkata,Yes,0,1,Clothing,Formal Shoes,FabIndia,416,True,Inactive 270+ days,0.0,50.0,50.0
CUST000438,3,4,29562,9854.0,5.67,3.0,2023-02-11,2024-03-31,49,Adult,Male,Indore,Yes,0,2,Footwear,Boots,Adidas,274,True,Inactive 270+ days,0.0,66.67,33.33
CUST000439,4,4,14324,3581.0,9.75,3.75,2023-06-05,2024-09-22,46,Adult,Female,Mumbai,Yes,0,4,Clothing,Saree,Allen Solly,99,False,Active,0.0,100.0,0.0
CUST000440,3,3,6780,2260.0,10.67,4.0,2024-02-15,2024-06-15,44,Adult,Other,Lucknow,No,0,2,Accessories,Belt,Levis,198,False,Active,0.0,66.67,33.33
CUST000442,3,4,11247,3749.0,12.0,3.67,2023-10-20,2023-12-10,36,Adult,Male,Ahmedabad,No,0,1,Clothing,Hoodie,Adidas,386,True,Inactive 270+ days,0.0,33.33,66.67
CUST000444,3,3,8121,2707.0,6.33,3.67,2023-03-28,2024-02-24,61,Adult,Female,Chennai,Yes,0,3,Clothing,Backpack,Levis,310,True,Inactive 270+ days,0.0,100.0,0.0
CUST000445,1,1,10859,10859.0,0.0,3.0,2024-04-13,2024-04-13,49,Adult,Female,Mumbai,Yes,0,1,Clothing,Saree,FabIndia,261,False,Active,0.0,100.0,0.0
CUST000446,5,9,38393,7678.6,4.0,4.0,2023-01-26,2024-10-23,38,Adult,Female,Ahmedabad,No,0,4,Clothing,Shorts,Adidas,68,False,Active,0.0,80.0,20.0
CUST000448,4,5,24165,6041.25,11.5,2.75,2023-05-10,2024-10-15,43,Adult,Female,Jaipur,No,0,2,Clothing,Jacket,Adidas,76,False,Active,0.0,50.0,50.0
CUST000449,9,13,54269,6029.89,6.33,4.11,2023-02-06,2024-09-23,51,Adult,Female,Gurgaon,No,1,6,Clothing,Running Shoes,Puma,98,False,Active,11.11,66.67,33.33
CUST000450,2,3,11204,5602.0,10.5,3.0,2023-11-18,2024-06-22,48,Adult,Male,Bhubaneswar,No,0,2,Accessories,Cap,Adidas,191,False,Active,0.0,100.0,0.0
CUST000451,1,1,2633,2633.0,4.0,4.0,2023-10-12,2023-10-12,64,Adult,Male,Gurgaon,No,0,1,Footwear,Sandals,Hush Puppies,445,True,Inactive 270+ days,0.0,100.0,0.0
CUST000452,1,2,2448,2448.0,10.0,2.0,2023-05-22,2023-05-22,43,Adult,Male,Chandigarh,Yes,0,1,Clothing,T-shirt,Zara,588,True,Inactive 270+ days,0.0,100.0,0.0
CUST000453,4,6,24414,6103.5,5.5,3.25,2023-01-24,2024-11-12,55,Adult,Male,Kolkata,Yes,2,4,Accessories,Bag,Wildcraft,48,False,Active,50.0,100.0,0.0
CUST000454,2,2,12216,6108.0,7.5,4.0,2023-07-30,2024-03-13,46,Adult,Female,Visakhapatnam,No,1,2,Clothing,Kurta,Adidas,292,True,Inactive 270+ days,50.0,100.0,0.0
CUST000455,3,5,30573,10191.0,4.67,3.0,2023-03-04,2024-10-20,21,Young Adult,Male,Mumbai,No,0,2,Footwear,Formal Shoes,Hush Puppies,71,False,Active,0.0,66.67,33.33
CUST000456,2,4,20120,10060.0,9.5,2.5,2023-03-09,2024-06-21,48,Adult,Male,Bhubaneswar,No,1,2,Clothing,Running Shoes,Biba,192,False,Active,50.0,100.0,0.0
CUST000457,3,3,13384,4461.33,5.67,3.33,2023-04-09,2024-05-15,39,Adult,Female,Jaipur,No,1,2,Footwear,Boots,Adidas,229,False,Active,33.33,66.67,33.33
CUST000458,4,8,20815,5203.75,2.5,3.75,2023-02-21,2024-09-05,48,Adult,Female,Bhubaneswar,No,1,2,Clothing,Jacket,Biba,116,False,Active,25.0,50.0,50.0
CUST000459,2,2,5572,2786.0,8.5,3.0,2024-02-17,2024-04-11,47,Adult,Male,Chennai,Yes,0,2,Clothing,Kurta,Biba,263,False,Active,0.0,100.0,0.0
CUST000460,3,3,31208,10402.67,10.67,3.33,2023-02-04,2024-06-09,45,Adult,Female,Indore,No,0,1,Accessories,Backpack,Adidas,204,False,Active,0.0,33.33,66.67
CUST000461,2,2,3807,1903.5,7.0,4.5,2023-04-28,2024-04-30,50,Adult,Male,Pune,No,0,1,Clothing,Kurta,FabIndia,244,False,Active,0.0,50.0,50.0
CUST000462,8,11,58308,7288.5,7.12,3.5,2023-01-15,2024-07-27,32,Adult,Male,Patna,No,2,6,Clothing,Running Shoes,Puma,156,False,Active,25.0,75.0,25.0
CUST000463,3,3,8996,2998.67,7.33,4.33,2023-01-30,2024-11-11,43,Adult,Female,Gurgaon,No,0,2,Footwear,Sandals,Zara,49,False,Active,0.0,66.67,33.33
CUST000464,3,3,6405,2135.0,7.33,3.67,2023-11-18,2024-05-29,20,Young Adult,Male,Noida,No,1,3,Clothing,Heels,Bata,215,False,Active,33.33,100.0,0.0
CUST000465,3,6,7776,2592.0,5.67,3.33,2024-07-07,2024-08-24,23,Young Adult,Female,Kolkata,No,0,1,Footwear,Kurta,Bata,128,False,Active,0.0,33.33,66.67
CUST000466,5,5,12943,2588.6,6.8,3.6,2023-03-17,2024-06-29,59,Adult,Female,Bhubaneswar,No,1,4,Clothing,Backpack,Allen Solly,184,False,Active,20.0,80.0,20.0
CUST000467,2,3,38362,19181.0,12.5,4.0,2023-07-28,2024-04-28,37,Adult,Female,Bangalore,No,0,2,Clothing,Running Shoes,Adidas,246,False,Active,0.0,100.0,0.0
CUST000468,4,5,20907,5226.75,7.5,3.25,2024-02-13,2024-10-08,23,Young Adult,Female,Ahmedabad,No,1,1,Clothing,Running Shoes,Fastrack,83,False,Active,25.0,25.0,75.0
CUST000469,8,15,56954,7119.25,8.88,3.38,2023-01-22,2024-12-02,18,Young Adult,Female,Pune,No,1,6,Clothing,Saree,Wildcraft,28,False,Active,12.5,75.0,25.0
CUST000470,5,6,26361,5272.2,4.2,3.6,2023-02-10,2024-06-12,61,Adult,Male,Gurgaon,No,0,3,Footwear,Boots,Adidas,201,False,Active,0.0,60.0,40.0
CUST000471,4,11,78418,19604.5,10.0,3.25,2023-04-10,2023-11-29,38,Adult,Male,Jaipur,Yes,0,2,Clothing,Jacket,Adidas,397,True,Inactive 270+ days,0.0,50.0,50.0
CUST000472,4,7,16113,4028.25,8.25,3.25,2023-08-30,2024-09-12,24,Young Adult,Male,Patna,Yes,1,3,Clothing,Kurta,Puma,109,False,Active,25.0,75.0,25.0
CUST000473,2,2,8787,4393.5,5.5,3.0,2023-09-07,2024-02-28,42,Adult,Female,Jaipur,Yes,0,2,Clothing,Jacket,Adidas,306,True,Inactive 270+ days,0.0,100.0,0.0
CUST000474,2,4,19619,9809.5,4.5,3.5,2023-12-27,2024-08-21,60,Adult,Male,Indore,Yes,0,2,Clothing,Jacket,Hush Puppies,131,False,Active,0.0,100.0,0.0
CUST000475,2,3,8929,4464.5,7.5,4.5,2024-06-05,2024-06-29,50,Adult,Female,Kochi,No,1,1,Clothing,Sandals,H&M,184,False,Active,50.0,50.0,50.0
CUST000476,1,3,3708,3708.0,45.0,3.0,2024-11-16,2024-11-16,49,Adult,Female,Gurgaon,Yes,0,1,Accessories,Belt,Fastrack,44,False,Active,0.0,100.0,0.0
CUST000477,1,1,2070,2070.0,14.0,4.0,2023-10-20,2023-10-20,59,Adult,Female,Patna,No,0,1,Clothing,Kurta,Max,437,True,Inactive 270+ days,0.0,100.0,0.0
CUST000478,1,1,1672,1672.0,15.0,3.0,2024-02-07,2024-02-07,38,Adult,Male,Hyderabad,No,0,1,Accessories,Backpack,Wildcraft,327,True,Inactive 270+ days,0.0,100.0,0.0
CUST000479,5,7,36637,7327.4,10.8,3.8,2023-01-22,2024-06-22,41,Adult,Male,Bhubaneswar,No,0,1,Accessories,Backpack,Puma,191,False,Active,0.0,20.0,80.0
CUST000480,2,2,11080,5540.0,19.5,3.0,2023-10-15,2023-10-25,58,Adult,Male,Pune,No,0,1,Clothing,Formal Shoes,Max,432,True,Inactive 270+ days,0.0,50.0,50.0
CUST000481,2,4,6406,3203.0,3.0,3.0,2024-05-27,2024-12-04,24,Young Adult,Female,Chennai,No,0,2,Accessories,Formal Shoes,Fastrack,26,False,Active,0.0,100.0,0.0
CUST000483,3,6,39611,13203.67,9.67,4.0,2023-04-10,2023-11-01,34,Adult,Female,Patna,No,0,3,Footwear,Kurta,FabIndia,425,True,Inactive 270+ days,0.0,100.0,0.0
CUST000484,2,2,7261,3630.5,10.0,3.0,2023-02-13,2023-12-13,27,Adult,Male,Mumbai,No,1,2,Clothing,Kurta,FabIndia,383,True,Inactive 270+ days,50.0,100.0,0.0
CUST000485,4,5,17880,4470.0,9.0,4.5,2023-02-22,2024-07-31,19,Young Adult,Male,Nagpur,No,0,3,Clothing,Saree,Biba,152,False,Active,0.0,75.0,25.0
CUST000486,1,1,2927,2927.0,14.0,3.0,2024-07-08,2024-07-08,56,Adult,Female,Lucknow,No,0,1,Footwear,Heels,Bata,175,False,Active,0.0,100.0,0.0
CUST000487,1,1,13507,13507.0,20.0,5.0,2023-11-21,2023-11-21,27,Adult,Other,Bhubaneswar,No,0,0,Footwear,Running Shoes,Puma,405,True,Inactive 270+ days,0.0,0.0,100.0
CUST000488,4,6,48918,12229.5,5.0,4.0,2023-03-21,2024-05-22,37,Adult,Female,Pune,No,1,2,Clothing,Formal Shoes,Allen Solly,222,False,Active,25.0,50.0,50.0
CUST000489,3,3,13899,4633.0,12.67,3.33,2023-01-16,2024-12-28,32,Adult,Female,Patna,Yes,0,1,Clothing,Dress,HRX,2,False,Active,0.0,33.33,66.67
CUST000490,5,6,57121,11424.2,13.2,4.0,2023-01-13,2024-02-09,57,Adult,Other,Noida,Yes,1,3,Footwear,Formal Shoes,Adidas,325,True,Inactive 270+ days,20.0,60.0,40.0
CUST000491,2,4,7276,3638.0,6.0,4.0,2023-03-20,2024-10-11,20,Young Adult,Female,Chennai,No,0,2,Accessories,Trousers,Allen Solly,80,False,Active,0.0,100.0,0.0
CUST000492,2,4,16864,8432.0,9.0,3.5,2023-10-22,2024-12-26,23,Young Adult,Male,Surat,Yes,0,2,Accessories,Backpack,Levis,4,False,Active,0.0,100.0,0.0
CUST000494,4,5,23900,5975.0,8.0,3.0,2023-10-01,2024-11-14,45,Adult,Female,Visakhapatnam,No,0,4,Clothing,Formal Shoes,Biba,46,False,Active,0.0,100.0,0.0
CUST000495,3,4,15337,5112.33,8.67,2.67,2023-11-19,2024-12-12,64,Adult,Male,Patna,No,1,2,Footwear,Formal Shoes,Bata,18,False,Active,33.33,66.67,33.33
CUST000496,2,2,15062,7531.0,7.0,4.5,2024-05-01,2024-06-04,37,Adult,Female,Mumbai,No,1,2,Footwear,Sandals,Adidas,209,False,Active,50.0,100.0,0.0
CUST000497,3,5,9693,3231.0,9.33,3.33,2023-03-15,2024-10-22,62,Adult,Female,Surat,Yes,0,0,Clothing,Trousers,Allen Solly,69,False,Active,0.0,0.0,100.0
CUST000498,1,1,2884,2884.0,15.0,4.0,2023-03-25,2023-03-25,45,Adult,Male,Chandigarh,No,0,1,Clothing,Jacket,Puma,646,True,Inactive 270+ days,0.0,100.0,0.0
CUST000499,1,1,15232,15232.0,2.0,4.0,2023-06-11,2023-06-11,60,Adult,Male,Kochi,No,0,1,Footwear,Running Shoes,Nike,568,True,Inactive 270+ days,0.0,100.0,0.0
CUST000500,2,5,19639,9819.5,7.0,3.5,2023-04-23,2023-06-01,49,Adult,Male,Indore,No,0,2,Clothing,Saree,FabIndia,578,True,Inactive 270+ days,0.0,100.0,0.0
CUST000501,5,7,20676,4135.2,5.8,3.8,2023-01-12,2024-10-15,62,Adult,Other,Kolkata,No,0,4,Clothing,T-shirt,Allen Solly,76,False,Active,0.0,80.0,20.0
CUST000502,1,1,2119,2119.0,8.0,4.0,2023-09-15,2023-09-15,55,Adult,Other,Visakhapatnam,No,0,1,Clothing,Kurta,Biba,472,True,Inactive 270+ days,0.0,100.0,0.0
CUST000503,5,6,20750,4150.0,14.0,3.6,2023-03-21,2024-08-22,21,Young Adult,Female,Mumbai,Yes,1,3,Clothing,Saree,Adidas,130,False,Active,20.0,60.0,40.0
CUST000504,2,5,12066,6033.0,5.5,3.0,2023-09-04,2023-12-13,52,Adult,Male,Delhi,No,0,1,Clothing,Heels,Levis,383,True,Inactive 270+ days,0.0,50.0,50.0
CUST000505,4,10,36545,9136.25,9.5,2.75,2023-01-08,2024-10-05,23,Young Adult,Female,Jaipur,No,2,4,Accessories,Belt,Wildcraft,86,False,Active,50.0,100.0,0.0
CUST000506,5,12,44651,8930.2,16.0,2.8,2024-07-25,2024-11-05,64,Adult,Female,Delhi,No,1,5,Clothing,Shorts,Adidas,55,False,Active,20.0,100.0,0.0
CUST000507,3,3,3488,1162.67,9.0,3.33,2023-09-25,2024-11-29,39,Adult,Female,Nagpur,No,1,2,Clothing,Kurta,Max,31,False,Active,33.33,66.67,33.33
CUST000508,5,5,6170,1234.0,9.0,4.0,2023-01-17,2024-11-11,50,Adult,Male,Gurgaon,No,0,2,Clothing,Shorts,Levis,49,False,Active,0.0,40.0,60.0
CUST000509,4,6,62805,15701.25,8.75,3.5,2023-01-13,2024-03-09,64,Adult,Male,Indore,No,0,2,Clothing,Boots,Adidas,296,True,Inactive 270+ days,0.0,50.0,50.0
CUST000510,2,2,13564,6782.0,5.5,3.0,2024-04-04,2024-09-25,22,Young Adult,Female,Lucknow,Yes,0,2,Footwear,Running Shoes,Adidas,96,False,Active,0.0,100.0,0.0
CUST000512,6,11,54327,9054.5,10.5,4.0,2023-05-19,2024-07-04,64,Adult,Male,Delhi,No,0,5,Clothing,Kurta,Max,179,False,Active,0.0,83.33,16.67
CUST000513,1,2,4539,4539.0,13.0,4.0,2023-08-18,2023-08-18,25,Young Adult,Male,Hyderabad,No,1,1,Footwear,Sandals,Hush Puppies,500,True,Inactive 270+ days,100.0,100.0,0.0
CUST000514,4,6,18225,4556.25,14.25,3.25,2023-01-27,2024-12-13,64,Adult,Male,Hyderabad,No,0,0,Footwear,Backpack,Bata,17,False,Active,0.0,0.0,100.0
CUST000515,3,4,32686,10895.33,5.0,3.33,2024-04-14,2024-07-04,63,Adult,Female,Pune,No,1,2,Footwear,Running Shoes,HRX,179,False,Active,33.33,66.67,33.33
CUST000516,2,2,30637,15318.5,4.5,4.0,2023-02-25,2024-05-14,52,Adult,Male,Lucknow,Yes,0,0,Footwear,Boots,Nike,230,False,Active,0.0,0.0,100.0
CUST000517,4,6,22321,5580.25,8.5,3.75,2023-02-23,2024-08-27,23,Young Adult,Female,Mumbai,No,1,4,Clothing,Belt,Puma,125,False,Active,25.0,100.0,0.0
CUST000518,3,3,18073,6024.33,7.33,3.0,2023-05-03,2024-01-06,25,Young Adult,Male,Bhubaneswar,No,1,3,Footwear,Running Shoes,Nike,359,True,Inactive 270+ days,33.33,100.0,0.0
CUST000519,4,9,20936,5234.0,5.25,2.75,2023-12-12,2024-12-15,37,Adult,Male,Chandigarh,No,0,2,Clothing,Belt,Allen Solly,15,False,Active,0.0,50.0,50.0
CUST000520,2,2,6738,3369.0,4.5,3.5,2023-10-30,2024-03-04,55,Adult,Male,Nagpur,No,1,1,Clothing,Kurta,FabIndia,301,True,Inactive 270+ days,50.0,50.0,50.0
CUST000521,4,7,10311,2577.75,11.75,3.25,2023-12-04,2024-10-06,20,Young Adult,Female,Delhi,No,0,3,Clothing,Heels,Max,85,False,Active,0.0,75.0,25.0
CUST000522,2,4,4128,2064.0,1.5,3.0,2024-07-31,2024-11-13,24,Young Adult,Female,Delhi,No,0,2,Accessories,Shorts,Puma,47,False,Active,0.0,100.0,0.0
CUST000523,5,8,22964,4592.8,8.2,3.8,2023-07-09,2024-11-02,36,Adult,Female,Patna,Yes,3,3,Footwear,Kurta,Bata,58,False,Active,60.0,60.0,40.0
CUST000524,4,6,30212,7553.0,12.75,3.5,2023-05-03,2024-11-14,53,Adult,Male,Delhi,Yes,1,4,Accessories,Bag,Nike,46,False,Active,25.0,100.0,0.0
CUST000525,4,6,23521,5880.25,7.75,3.75,2023-06-14,2024-11-06,42,Adult,Female,Hyderabad,Yes,1,2,Clothing,Saree,Max,54,False,Active,25.0,50.0,50.0
CUST000526,5,8,12771,2554.2,8.6,4.0,2023-05-02,2024-11-27,21,Young Adult,Male,Chandigarh,No,1,4,Clothing,T-shirt,Adidas,33,False,Active,20.0,80.0,20.0
CUST000527,2,2,31716,15858.0,7.5,3.5,2024-02-04,2024-09-13,63,Adult,Male,Nagpur,Yes,0,2,Footwear,Running Shoes,Puma,108,False,Active,0.0,100.0,0.0
CUST000528,3,5,24365,8121.67,10.33,3.67,2024-07-28,2024-12-16,47,Adult,Male,Indore,No,0,1,Clothing,Backpack,FabIndia,14,False,Active,0.0,33.33,66.67
CUST000529,2,5,25576,12788.0,1.5,4.5,2023-01-03,2023-08-13,38,Adult,Female,Visakhapatnam,Yes,1,2,Clothing,Hoodie,Biba,505,True,Inactive 270+ days,50.0,100.0,0.0
CUST000530,3,4,7284,2428.0,11.0,4.33,2023-07-10,2024-06-04,20,Young Adult,Female,Delhi,No,0,2,Clothing,Dress,FabIndia,209,False,Active,0.0,66.67,33.33
CUST000531,4,8,9527,2381.75,4.0,2.75,2023-03-11,2024-06-08,52,Adult,Female,Chennai,Yes,0,2,Clothing,Heels,Bata,205,False,Active,0.0,50.0,50.0
CUST000532,5,7,35322,7064.4,10.2,3.8,2023-07-01,2023-09-13,29,Adult,Male,Lucknow,No,0,2,Footwear,Running Shoes,Adidas,474,True,Inactive 270+ days,0.0,40.0,60.0
CUST000533,3,3,14677,4892.33,3.33,2.33,2023-04-02,2024-12-02,46,Adult,Male,Bhubaneswar,No,0,3,Footwear,Heels,HRX,28,False,Active,0.0,100.0,0.0
CUST000534,6,9,58200,9700.0,10.17,3.0,2023-04-23,2024-08-03,46,Adult,Female,Ahmedabad,Yes,2,6,Clothing,Boots,Max,149,False,Active,33.33,100.0,0.0
CUST000535,4,4,9894,2473.5,7.75,3.75,2024-02-14,2024-12-12,39,Adult,Female,Hyderabad,No,0,3,Clothing,Jacket,Puma,18,False,Active,0.0,75.0,25.0
CUST000536,1,3,4341,4341.0,4.0,3.0,2024-08-12,2024-08-12,41,Adult,Female,Delhi,No,0,1,Clothing,Shorts,HRX,140,False,Active,0.0,100.0,0.0
CUST000537,2,2,37940,18970.0,19.0,3.0,2024-01-11,2024-07-30,35,Adult,Male,Jaipur,No,0,2,Clothing,Jacket,Allen Solly,153,False,Active,0.0,100.0,0.0
CUST000539,4,5,30952,7738.0,9.5,3.25,2023-01-17,2024-10-30,62,Adult,Female,Chandigarh,No,1,1,Clothing,Saree,Biba,61,False,Active,25.0,25.0,75.0
CUST000540,3,3,5661,1887.0,7.33,2.67,2023-01-12,2024-12-01,37,Adult,Male,Kolkata,No,2,3,Clothing,Jacket,Bata,29,False,Active,66.67,100.0,0.0
CUST000541,4,5,14525,3631.25,12.75,4.0,2023-01-25,2024-11-10,63,Adult,Male,Chandigarh,Yes,0,4,Clothing,Hoodie,Adidas,50,False,Active,0.0,100.0,0.0
CUST000542,2,5,29498,14749.0,5.5,4.5,2023-02-21,2024-11-10,50,Adult,Male,Noida,Yes,0,2,Accessories,Boots,Hush Puppies,50,False,Active,0.0,100.0,0.0
CUST000543,3,4,26911,8970.33,9.0,4.0,2023-08-04,2024-08-24,60,Adult,Male,Delhi,No,0,3,Accessories,Belt,Levis,128,False,Active,0.0,100.0,0.0
CUST000544,7,13,44038,6291.14,11.71,3.57,2023-01-13,2024-12-25,58,Adult,Female,Bhubaneswar,No,2,5,Clothing,Bag,Adidas,5,False,Active,28.57,71.43,28.57
CUST000545,2,3,28810,14405.0,15.0,4.0,2024-05-25,2024-08-24,56,Adult,Female,Indore,Yes,1,1,Clothing,Kurta,Adidas,128,False,Active,50.0,50.0,50.0
CUST000546,3,5,46980,15660.0,10.67,4.0,2023-02-15,2024-07-25,30,Adult,Female,Kolkata,No,1,1,Footwear,Sneakers,HRX,158,False,Active,33.33,33.33,66.67
CUST000547,3,3,7581,2527.0,9.0,2.33,2023-01-18,2024-06-23,36,Adult,Male,Chandigarh,No,1,3,Clothing,Hoodie,HRX,190,False,Active,33.33,100.0,0.0
CUST000548,3,6,28548,9516.0,5.67,2.67,2023-06-12,2024-09-05,29,Adult,Female,Chennai,No,1,3,Footwear,Kurta,HRX,116,False,Active,33.33,100.0,0.0
CUST000549,5,7,39446,7889.2,7.4,3.0,2023-06-07,2024-12-27,22,Young Adult,Male,Patna,Yes,1,5,Clothing,Hoodie,HRX,3,False,Active,20.0,100.0,0.0
CUST000550,8,10,86586,10823.25,9.12,3.75,2023-07-14,2024-12-18,64,Adult,Male,Lucknow,No,0,5,Footwear,Sneakers,Puma,12,False,Active,0.0,62.5,37.5
CUST000551,4,7,33004,8251.0,7.0,3.25,2023-11-02,2024-06-08,19,Young Adult,Female,Chennai,No,0,3,Footwear,Sneakers,HRX,205,False,Active,0.0,75.0,25.0
CUST000552,6,6,22122,3687.0,14.83,3.33,2023-09-10,2024-11-20,54,Adult,Male,Chandigarh,No,0,4,Clothing,Heels,Nike,40,False,Active,0.0,66.67,33.33
CUST000553,3,4,26841,8947.0,19.0,3.67,2023-02-02,2024-12-07,29,Adult,Male,Lucknow,No,0,3,Footwear,Formal Shoes,Hush Puppies,23,False,Active,0.0,100.0,0.0
CUST000554,1,3,7698,7698.0,9.0,3.0,2023-10-28,2023-10-28,46,Adult,Female,Mumbai,No,0,1,Clothing,Saree,Max,429,True,Inactive 270+ days,0.0,100.0,0.0
CUST000555,1,1,1077,1077.0,10.0,4.0,2023-06-21,2023-06-21,27,Adult,Female,Bhubaneswar,No,0,1,Accessories,Bag,Wildcraft,558,True,Inactive 270+ days,0.0,100.0,0.0
CUST000556,2,2,13333,6666.5,3.0,3.5,2023-02-28,2024-04-25,56,Adult,Female,Gurgaon,No,0,2,Clothing,Running Shoes,Biba,249,False,Active,0.0,100.0,0.0
CUST000558,1,1,1836,1836.0,2.0,3.0,2023-07-28,2023-07-28,34,Adult,Female,Jaipur,Yes,0,0,Clothing,Jeans,Max,521,True,Inactive 270+ days,0.0,0.0,100.0
CUST000559,6,9,37110,6185.0,11.33,3.67,2023-07-13,2024-12-18,62,Adult,Male,Visakhapatnam,Yes,0,4,Clothing,Formal Shoes,Max,12,False,Active,0.0,66.67,33.33
CUST000560,4,8,46077,11519.25,6.75,3.5,2023-07-31,2024-12-26,48,Adult,Male,Kochi,No,3,4,Footwear,Sandals,Max,4,False,Active,75.0,100.0,0.0
CUST000562,5,6,11073,2214.6,7.0,3.2,2023-01-13,2024-08-08,55,Adult,Female,Jaipur,No,1,4,Accessories,Bag,Wildcraft,144,False,Active,20.0,80.0,20.0
CUST000563,3,4,13823,4607.67,21.67,3.0,2023-10-11,2023-11-13,20,Young Adult,Female,Lucknow,No,0,2,Accessories,Boots,Adidas,413,True,Inactive 270+ days,0.0,66.67,33.33
CUST000564,1,1,882,882.0,9.0,3.0,2024-08-27,2024-08-27,49,Adult,Male,Pune,No,1,1,Clothing,Shorts,HRX,125,False,Active,100.0,100.0,0.0
CUST000565,2,5,17433,8716.5,5.5,2.5,2023-02-02,2024-07-03,45,Adult,Male,Pune,Yes,0,2,Accessories,Backpack,Fastrack,180,False,Active,0.0,100.0,0.0
CUST000566,5,7,20260,4052.0,7.8,3.4,2023-04-12,2024-10-15,18,Young Adult,Female,Bhubaneswar,Yes,0,3,Clothing,Jacket,Nike,76,False,Active,0.0,60.0,40.0
CUST000567,3,3,27953,9317.67,3.67,4.0,2023-09-11,2024-09-29,35,Adult,Female,Indore,No,0,3,Accessories,Bag,Puma,92,False,Active,0.0,100.0,0.0
CUST000568,3,6,12403,4134.33,5.33,4.0,2023-03-10,2024-05-06,28,Adult,Male,Kochi,No,0,2,Clothing,Saree,Bata,238,False,Active,0.0,66.67,33.33
CUST000569,1,4,12704,12704.0,12.0,3.0,2024-09-24,2024-09-24,29,Adult,Female,Pune,Yes,0,1,Clothing,Jacket,Puma,97,False,Active,0.0,100.0,0.0
CUST000570,3,4,12621,4207.0,6.0,3.0,2023-09-30,2024-09-30,22,Young Adult,Male,Hyderabad,No,0,1,Clothing,Hoodie,HRX,91,False,Active,0.0,33.33,66.67
CUST000571,2,3,15976,7988.0,3.0,4.0,2023-09-16,2024-06-03,43,Adult,Male,Indore,No,0,1,Clothing,Saree,Allen Solly,210,False,Active,0.0,50.0,50.0
CUST000572,1,1,5452,5452.0,6.0,4.0,2023-03-05,2023-03-05,23,Young Adult,Female,Lucknow,No,0,0,Accessories,Bag,Levis,666,True,Inactive 270+ days,0.0,0.0,100.0
CUST000573,4,6,49256,12314.0,7.75,4.25,2023-01-03,2023-06-07,54,Adult,Female,Visakhapatnam,No,0,3,Clothing,Saree,Biba,572,True,Inactive 270+ days,0.0,75.0,25.0
CUST000574,1,1,2337,2337.0,17.0,4.0,2024-10-31,2024-10-31,52,Adult,Female,Pune,No,0,0,Accessories,Backpack,Levis,60,False,Active,0.0,0.0,100.0
CUST000575,4,4,19980,4995.0,16.75,3.5,2024-08-11,2024-12-28,46,Adult,Male,Lucknow,Yes,1,3,Accessories,Socks,Adidas,2,False,Active,25.0,75.0,25.0
CUST000576,2,2,15578,7789.0,5.0,3.0,2024-03-08,2024-04-18,62,Adult,Other,Pune,No,0,0,Footwear,Running Shoes,HRX,256,False,Active,0.0,0.0,100.0
CUST000577,3,3,7361,2453.67,9.0,3.0,2023-05-10,2024-05-16,30,Adult,Female,Bhubaneswar,No,0,2,Clothing,Sandals,Adidas,228,False,Active,0.0,66.67,33.33
CUST000578,4,5,57091,14272.75,14.5,4.0,2023-08-13,2024-07-22,49,Adult,Female,Noida,No,0,4,Footwear,Heels,Adidas,161,False,Active,0.0,100.0,0.0
CUST000579,2,2,29438,14719.0,3.5,4.0,2023-05-17,2024-04-21,38,Adult,Other,Ahmedabad,No,0,2,Accessories,Sneakers,Adidas,253,False,Active,0.0,100.0,0.0
CUST000580,3,3,4822,1607.33,12.67,3.67,2023-04-03,2024-10-07,45,Adult,Female,Hyderabad,Yes,0,0,Clothing,Kurta,Biba,84,False,Active,0.0,0.0,100.0
CUST000581,4,5,28472,7118.0,9.0,3.25,2023-01-15,2024-08-14,28,Adult,Male,Noida,No,0,3,Clothing,Jacket,Hush Puppies,138,False,Active,0.0,75.0,25.0
CUST000582,1,2,4305,4305.0,3.0,4.0,2023-09-06,2023-09-06,57,Adult,Male,Bhubaneswar,Yes,0,1,Accessories,Sunglasses,Tommy Hilfiger,481,True,Inactive 270+ days,0.0,100.0,0.0
CUST000583,4,7,55202,13800.5,13.25,3.25,2023-01-20,2024-11-18,25,Young Adult,Male,Noida,No,1,3,Clothing,Running Shoes,Adidas,42,False,Active,25.0,75.0,25.0
CUST000584,3,3,40038,13346.0,8.33,3.67,2023-03-07,2023-12-20,44,Adult,Female,Indore,No,1,3,Footwear,Formal Shoes,Allen Solly,376,True,Inactive 270+ days,33.33,100.0,0.0
CUST000585,3,5,29058,9686.0,8.33,4.0,2024-10-10,2024-11-20,38,Adult,Female,Ahmedabad,Yes,1,3,Accessories,Bag,Bata,40,False,Active,33.33,100.0,0.0
CUST000586,4,6,21582,5395.5,5.0,3.25,2023-03-13,2024-05-13,37,Adult,Male,Jaipur,No,1,4,Footwear,Backpack,Levis,231,False,Active,25.0,100.0,0.0
CUST000587,2,3,53113,26556.5,7.5,4.0,2024-06-21,2024-11-07,36,Adult,Female,Jaipur,No,0,2,Footwear,Sneakers,Adidas,53,False,Active,0.0,100.0,0.0
CUST000588,3,5,6304,2101.33,11.67,3.33,2023-06-23,2024-08-25,53,Adult,Male,Chennai,No,0,3,Clothing,Kurta,Max,127,False,Active,0.0,100.0,0.0
CUST000589,2,2,5102,2551.0,10.5,3.0,2023-05-26,2024-04-28,28,Adult,Female,Bhubaneswar,No,2,2,Clothing,Heels,FabIndia,246,False,Active,100.0,100.0,0.0
CUST000590,1,1,307,307.0,7.0,3.0,2024-04-17,2024-04-17,31,Adult,Male,Bhubaneswar,No,0,1,Footwear,Slippers,Max,257,False,Active,0.0,100.0,0.0
CUST000591,4,5,17228,4307.0,8.0,3.75,2023-11-04,2024-01-07,24,Young Adult,Female,Nagpur,No,0,2,Clothing,Kurta,Biba,358,True,Inactive 270+ days,0.0,50.0,50.0
CUST000592,3,3,17140,5713.33,14.0,4.0,2023-02-19,2024-07-20,62,Adult,Male,Noida,Yes,2,1,Clothing,Dress,Adidas,163,False,Active,66.67,33.33,66.67
CUST000593,2,3,10576,5288.0,2.0,4.0,2023-07-12,2024-05-12,55,Adult,Male,Visakhapatnam,No,0,1,Clothing,Sneakers,Adidas,232,False,Active,0.0,50.0,50.0
CUST000594,3,4,17799,5933.0,6.0,4.0,2023-04-17,2024-10-04,48,Adult,Female,Surat,No,0,3,Accessories,Sneakers,Levis,87,False,Active,0.0,100.0,0.0
CUST000596,1,3,9551,9551.0,23.0,4.0,2024-11-18,2024-11-18,33,Adult,Female,Delhi,Yes,0,0,Clothing,Kurta,Biba,42,False,Active,0.0,0.0,100.0
CUST000597,2,6,60526,30263.0,8.5,3.5,2023-07-09,2024-11-18,47,Adult,Male,Bhubaneswar,Yes,0,2,Clothing,Sneakers,Nike,42,False,Active,0.0,100.0,0.0
CUST000598,3,4,21851,7283.67,3.67,3.67,2023-03-17,2024-03-24,57,Adult,Male,Ahmedabad,Yes,0,1,Accessories,Cap,HRX,281,True,Inactive 270+ days,0.0,33.33,66.67
CUST000599,5,7,20687,4137.4,7.0,3.6,2023-01-08,2024-01-14,42,Adult,Female,Lucknow,Yes,0,3,Clothing,Belt,Adidas,351,True,Inactive 270+ days,0.0,60.0,40.0
CUST000600,1,1,3236,3236.0,5.0,4.0,2024-05-29,2024-05-29,26,Adult,Female,Pune,No,1,1,Clothing,Jacket,Nike,215,False,Active,100.0,100.0,0.0
CUST000601,4,5,15545,3886.25,8.75,2.25,2023-01-20,2024-05-29,51,Adult,Male,Pune,No,2,3,Clothing,Formal Shoes,Bata,215,False,Active,50.0,75.0,25.0
CUST000602,5,5,5977,1195.4,8.0,3.8,2023-05-08,2024-08-26,52,Adult,Female,Patna,No,0,2,Accessories,Socks,Bata,126,False,Active,0.0,40.0,60.0
CUST000603,3,4,36262,12087.33,3.67,3.33,2023-01-06,2024-12-21,49,Adult,Male,Bhubaneswar,No,0,3,Footwear,Formal Shoes,Adidas,9,False,Active,0.0,100.0,0.0
CUST000604,2,4,78464,39232.0,7.5,4.0,2023-03-24,2023-04-15,57,Adult,Male,Mumbai,No,0,2,Clothing,Running Shoes,Nike,625,True,Inactive 270+ days,0.0,100.0,0.0
CUST000605,2,2,4663,2331.5,9.0,3.0,2024-01-02,2024-02-08,19,Young Adult,Male,Kolkata,No,0,2,Clothing,Jacket,HRX,326,True,Inactive 270+ days,0.0,100.0,0.0
CUST000606,3,3,13970,4656.67,2.33,3.33,2023-05-17,2024-12-01,51,Adult,Male,Chandigarh,Yes,2,3,Clothing,Saree,Max,29,False,Active,66.67,100.0,0.0
CUST000607,6,7,15461,2576.83,7.33,3.67,2024-06-26,2024-11-23,46,Adult,Female,Ahmedabad,Yes,1,3,Clothing,Slippers,Adidas,37,False,Active,16.67,50.0,50.0
CUST000608,4,5,18168,4542.0,8.5,3.25,2023-05-03,2024-04-19,47,Adult,Other,Bhubaneswar,No,1,4,Clothing,Hoodie,Puma,255,False,Active,25.0,100.0,0.0
CUST000609,1,1,429,429.0,1.0,3.0,2024-04-20,2024-04-20,42,Adult,Male,Noida,No,0,1,Accessories,Cap,Wildcraft,254,False,Active,0.0,100.0,0.0
CUST000610,4,4,10662,2665.5,11.75,3.0,2023-03-22,2024-11-04,27,Adult,Female,Gurgaon,No,1,3,Clothing,Jacket,Adidas,56,False,Active,25.0,75.0,25.0
CUST000611,1,2,3897,3897.0,6.0,3.0,2023-04-19,2023-04-19,31,Adult,Male,Patna,No,0,0,Clothing,Jacket,Puma,621,True,Inactive 270+ days,0.0,0.0,100.0
CUST000612,3,6,68285,22761.67,4.33,3.0,2023-03-02,2024-12-09,30,Adult,Female,Chandigarh,Yes,1,3,Footwear,Running Shoes,Adidas,21,False,Active,33.33,100.0,0.0
CUST000613,2,2,22627,11313.5,7.5,4.0,2023-06-04,2024-03-17,35,Adult,Female,Indore,Yes,0,1,Clothing,Kurta,Adidas,288,True,Inactive 270+ days,0.0,50.0,50.0
CUST000614,3,3,21616,7205.33,8.67,3.0,2023-10-08,2023-12-31,32,Adult,Male,Noida,No,0,2,Clothing,Hoodie,Adidas,365,True,Inactive 270+ days,0.0,66.67,33.33
CUST000615,3,3,8589,2863.0,1.33,4.0,2023-09-25,2024-03-02,35,Adult,Male,Kochi,No,0,3,Footwear,Boots,Allen Solly,303,True,Inactive 270+ days,0.0,100.0,0.0
CUST000616,1,4,5836,5836.0,4.0,4.0,2023-01-11,2023-01-11,25,Young Adult,Male,Visakhapatnam,No,0,1,Clothing,Kurta,FabIndia,719,True,Inactive 270+ days,0.0,100.0,0.0
CUST000617,2,2,3563,1781.5,11.0,3.0,2023-02-17,2024-08-10,45,Adult,Male,Chennai,Yes,1,2,Clothing,Kurta,Biba,142,False,Active,50.0,100.0,0.0
CUST000618,3,3,5442,1814.0,9.33,4.0,2023-03-06,2023-09-18,44,Adult,Female,Pune,No,1,1,Clothing,Kurta,Biba,469,True,Inactive 270+ days,33.33,33.33,66.67
CUST000619,3,4,23980,7993.33,9.0,3.67,2024-04-01,2024-09-10,30,Adult,Male,Kochi,No,0,2,Accessories,Jacket,Adidas,111,False,Active,0.0,66.67,33.33
CUST000620,4,6,43707,10926.75,11.5,4.0,2024-06-14,2024-10-08,54,Adult,Male,Chennai,No,0,2,Clothing,Saree,Adidas,83,False,Active,0.0,50.0,50.0
CUST000621,2,4,6393,3196.5,2.0,3.5,2023-02-24,2023-12-15,27,Adult,Male,Indore,No,0,2,Accessories,Backpack,Hush Puppies,381,True,Inactive 270+ days,0.0,100.0,0.0
CUST000622,3,7,28478,9492.67,10.33,3.67,2023-08-10,2024-07-24,41,Adult,Female,Noida,No,1,2,Accessories,Cap,HRX,159,False,Active,33.33,66.67,33.33
CUST000623,5,7,35120,7024.0,3.4,3.2,2023-05-04,2024-08-22,47,Adult,Male,Gurgaon,No,3,3,Clothing,Boots,Hush Puppies,130,False,Active,60.0,60.0,40.0
CUST000624,3,4,24044,8014.67,14.33,4.33,2024-03-04,2024-11-16,54,Adult,Male,Visakhapatnam,No,0,1,Footwear,Boots,Max,44,False,Active,0.0,33.33,66.67
CUST000625,1,1,3832,3832.0,3.0,5.0,2023-04-20,2023-04-20,58,Adult,Male,Nagpur,Yes,0,0,Clothing,Hoodie,Adidas,620,True,Inactive 270+ days,0.0,0.0,100.0
CUST000626,2,2,8869,4434.5,14.0,2.5,2023-04-30,2023-10-28,61,Adult,Male,Ahmedabad,No,0,2,Accessories,Cap,Adidas,429,True,Inactive 270+ days,0.0,100.0,0.0
CUST000627,5,8,22766,4553.2,18.4,3.2,2023-02-09,2024-11-23,54,Adult,Female,Mumbai,Yes,1,3,Clothing,Jacket,Allen Solly,37,False,Active,20.0,60.0,40.0
CUST000628,6,9,38947,6491.17,10.5,3.17,2023-01-04,2024-08-18,55,Adult,Male,Chennai,No,2,3,Clothing,Formal Shoes,Nike,134,False,Active,33.33,50.0,50.0
CUST000629,2,3,5416,2708.0,10.5,4.5,2023-08-10,2024-01-22,62,Adult,Male,Chandigarh,No,0,1,Accessories,Kurta,Biba,343,True,Inactive 270+ days,0.0,50.0,50.0
CUST000630,1,1,6854,6854.0,3.0,2.0,2024-11-06,2024-11-06,20,Young Adult,Male,Jaipur,Yes,0,1,Footwear,Sneakers,HRX,54,False,Active,0.0,100.0,0.0
CUST000631,2,6,35919,17959.5,8.5,4.0,2024-04-24,2024-11-14,57,Adult,Male,Chennai,No,1,2,Accessories,Boots,Hush Puppies,46,False,Active,50.0,100.0,0.0
CUST000632,5,9,36479,7295.8,4.0,3.8,2023-11-11,2024-11-24,60,Adult,Male,Noida,Yes,1,4,Accessories,Bag,Adidas,36,False,Active,20.0,80.0,20.0
CUST000633,2,2,928,464.0,7.0,3.0,2023-03-22,2023-09-02,61,Adult,Male,Bangalore,Yes,2,1,Clothing,Kurta,Max,485,True,Inactive 270+ days,100.0,50.0,50.0
CUST000634,4,5,74690,18672.5,7.5,3.5,2023-01-19,2024-10-06,55,Adult,Male,Noida,Yes,1,4,Footwear,Sneakers,Puma,85,False,Active,25.0,100.0,0.0
CUST000636,2,2,16474,8237.0,1.5,4.0,2023-07-28,2024-03-30,41,Adult,Female,Pune,Yes,1,1,Clothing,Formal Shoes,Biba,275,True,Inactive 270+ days,50.0,50.0,50.0
CUST000637,5,6,10860,2172.0,10.2,3.0,2023-01-27,2024-06-19,55,Adult,Female,Nagpur,No,1,3,Clothing,Heels,Max,194,False,Active,20.0,60.0,40.0
CUST000638,3,3,15583,5194.33,11.33,3.33,2023-03-18,2024-12-05,29,Adult,Male,Bangalore,No,2,3,Footwear,Sneakers,Nike,25,False,Active,66.67,100.0,0.0
CUST000639,5,8,23991,4798.2,13.2,3.4,2023-01-05,2024-03-26,51,Adult,Male,Ahmedabad,Yes,0,4,Clothing,Shorts,Puma,279,True,Inactive 270+ days,0.0,80.0,20.0
CUST000640,4,6,9956,2489.0,4.75,3.25,2023-01-10,2023-09-11,42,Adult,Female,Ahmedabad,No,1,4,Clothing,Backpack,HRX,476,True,Inactive 270+ days,25.0,100.0,0.0
CUST000641,6,8,41163,6860.5,11.5,3.5,2023-05-10,2024-12-15,33,Adult,Female,Pune,No,0,5,Footwear,Formal Shoes,Bata,15,False,Active,0.0,83.33,16.67
CUST000642,5,8,33521,6704.2,11.8,3.8,2023-06-03,2024-12-14,64,Adult,Female,Indore,No,2,3,Accessories,Backpack,Levis,16,False,Active,40.0,60.0,40.0
CUST000643,4,5,17399,4349.75,8.25,3.25,2023-03-13,2024-09-20,25,Young Adult,Male,Pune,No,1,3,Footwear,Belt,Zara,101,False,Active,25.0,75.0,25.0
CUST000644,7,13,80241,11463.0,6.71,3.71,2023-03-26,2024-11-22,58,Adult,Female,Mumbai,No,2,6,Clothing,Cap,Puma,38,False,Active,28.57,85.71,14.29
CUST000645,3,6,30292,10097.33,6.0,4.33,2023-07-19,2024-07-27,40,Adult,Female,Pune,No,0,2,Clothing,Formal Shoes,Allen Solly,156,False,Active,0.0,66.67,33.33
CUST000646,2,3,12747,6373.5,11.0,4.5,2023-12-27,2024-04-26,22,Young Adult,Female,Gurgaon,No,1,2,Accessories,Backpack,Allen Solly,248,False,Active,50.0,100.0,0.0
CUST000647,2,4,23170,11585.0,15.0,4.0,2023-10-13,2024-01-04,39,Adult,Male,Jaipur,No,1,1,Clothing,Formal Shoes,Max,361,True,Inactive 270+ days,50.0,50.0,50.0
CUST000648,3,3,8654,2884.67,8.33,3.33,2023-08-09,2024-03-27,43,Adult,Female,Kolkata,Yes,1,3,Accessories,Backpack,Biba,278,True,Inactive 270+ days,33.33,100.0,0.0
CUST000649,5,7,8384,1676.8,7.6,3.0,2023-02-10,2024-08-27,25,Young Adult,Female,Lucknow,Yes,2,3,Clothing,Heels,Max,125,False,Active,40.0,60.0,40.0
CUST000652,1,1,2940,2940.0,6.0,4.0,2024-05-25,2024-05-25,22,Young Adult,Female,Delhi,No,0,0,Clothing,T-shirt,Adidas,219,False,Active,0.0,0.0,100.0
CUST000653,3,3,24998,8332.67,6.33,3.67,2023-01-31,2024-04-17,55,Adult,Female,Lucknow,No,0,3,Footwear,Formal Shoes,Bata,257,False,Active,0.0,100.0,0.0
CUST000654,6,9,39327,6554.5,9.0,2.83,2023-03-31,2024-08-31,38,Adult,Other,Kochi,Yes,2,5,Footwear,Running Shoes,Bata,121,False,Active,33.33,83.33,16.67
CUST000655,3,4,17840,5946.67,5.0,3.0,2023-09-06,2023-12-17,31,Adult,Female,Kolkata,No,0,3,Accessories,Kurta,Max,379,True,Inactive 270+ days,0.0,100.0,0.0
CUST000656,3,3,26961,8987.0,8.33,3.33,2023-10-12,2024-12-30,47,Adult,Female,Chandigarh,Yes,0,3,Accessories,Shorts,Levis,0,False,Active,0.0,100.0,0.0
CUST000657,1,2,2004,2004.0,7.0,4.0,2023-06-20,2023-06-20,61,Adult,Female,Nagpur,No,1,1,Clothing,T-shirt,H&M,559,True,Inactive 270+ days,100.0,100.0,0.0
CUST000658,2,2,5019,2509.5,8.5,4.0,2023-01-15,2023-05-16,28,Adult,Male,Jaipur,No,0,2,Footwear,Formal Shoes,Bata,594,True,Inactive 270+ days,0.0,100.0,0.0
CUST000659,7,12,24081,3440.14,9.71,3.57,2023-04-12,2024-12-30,52,Adult,Female,Jaipur,Yes,0,4,Clothing,Saree,Biba,0,False,Active,0.0,57.14,42.86
CUST000660,2,3,6954,3477.0,5.5,3.5,2023-07-05,2024-03-22,35,Adult,Female,Kochi,No,0,1,Clothing,Sneakers,Adidas,283,True,Inactive 270+ days,0.0,50.0,50.0
CUST000661,5,9,38251,7650.2,10.6,3.6,2023-06-02,2023-11-09,23,Young Adult,Male,Bhubaneswar,No,0,1,Clothing,Formal Shoes,Adidas,417,True,Inactive 270+ days,0.0,20.0,80.0
CUST000662,2,2,7117,3558.5,6.0,4.0,2023-08-16,2023-12-18,51,Adult,Female,Indore,No,0,1,Clothing,Saree,FabIndia,378,True,Inactive 270+ days,0.0,50.0,50.0
CUST000663,4,5,17328,4332.0,6.5,3.0,2023-08-05,2024-04-29,51,Adult,Female,Kolkata,No,0,4,Clothing,Kurta,FabIndia,245,False,Active,0.0,100.0,0.0
CUST000664,2,3,6079,3039.5,8.0,4.0,2023-06-22,2024-07-03,64,Adult,Male,Indore,No,0,0,Accessories,Jeans,H&M,180,False,Active,0.0,0.0,100.0
CUST000665,5,6,58150,11630.0,7.8,4.2,2023-06-22,2024-12-03,37,Adult,Female,Jaipur,Yes,2,2,Footwear,Running Shoes,Zara,27,False,Active,40.0,40.0,60.0
CUST000666,5,7,61669,12333.8,2.8,3.8,2023-06-22,2024-07-25,53,Adult,Male,Bangalore,No,0,3,Footwear,Running Shoes,Adidas,158,False,Active,0.0,60.0,40.0
CUST000667,3,3,3784,1261.33,11.67,3.67,2023-09-07,2024-08-10,41,Adult,Female,Chandigarh,No,0,2,Clothing,Shorts,H&M,142,False,Active,0.0,66.67,33.33
CUST000668,2,4,4578,2289.0,3.0,2.5,2023-12-27,2024-07-03,39,Adult,Male,Hyderabad,No,0,1,Clothing,Hoodie,HRX,180,False,Active,0.0,50.0,50.0
CUST000669,3,3,13135,4378.33,12.67,3.33,2023-09-27,2024-06-11,27,Adult,Female,Mumbai,No,1,3,Accessories,Saree,Biba,202,False,Active,33.33,100.0,0.0
CUST000670,4,7,39060,9765.0,15.75,3.75,2023-05-31,2024-09-27,46,Adult,Female,Hyderabad,No,1,4,Clothing,Jacket,Adidas,94,False,Active,25.0,100.0,0.0
CUST000671,2,2,5794,2897.0,6.5,4.5,2023-01-24,2023-08-16,47,Adult,Female,Noida,No,0,2,Clothing,Saree,Biba,502,True,Inactive 270+ days,0.0,100.0,0.0
CUST000672,5,7,31656,6331.2,10.8,3.4,2023-01-09,2024-10-22,31,Adult,Female,Kolkata,Yes,1,3,Clothing,Jacket,Biba,69,False,Active,20.0,60.0,40.0
CUST000673,5,8,16485,3297.0,12.6,2.8,2023-01-26,2024-09-09,44,Adult,Male,Chennai,Yes,0,3,Clothing,Jacket,Allen Solly,112,False,Active,0.0,60.0,40.0
CUST000674,5,7,34863,6972.6,9.2,3.4,2023-06-29,2024-09-11,43,Adult,Female,Gurgaon,Yes,1,3,Accessories,Bag,FabIndia,110,False,Active,20.0,60.0,40.0
CUST000675,4,5,12573,3143.25,4.5,4.0,2023-02-17,2024-11-12,28,Adult,Female,Visakhapatnam,Yes,0,2,Clothing,Kurta,Biba,48,False,Active,0.0,50.0,50.0
CUST000676,4,6,13415,3353.75,22.0,3.5,2023-01-09,2024-08-07,39,Adult,Female,Kolkata,Yes,1,1,Clothing,Sandals,Adidas,145,False,Active,25.0,25.0,75.0
CUST000677,1,1,716,716.0,14.0,3.0,2024-11-22,2024-11-22,22,Young Adult,Female,Bhubaneswar,No,0,1,Footwear,Slippers,Zara,38,False,Active,0.0,100.0,0.0
CUST000678,1,1,5022,5022.0,1.0,3.0,2024-10-12,2024-10-12,43,Adult,Female,Kolkata,No,0,1,Accessories,Backpack,Levis,79,False,Active,0.0,100.0,0.0
CUST000679,5,8,17154,3430.8,5.0,3.2,2023-01-15,2024-02-28,57,Adult,Male,Patna,No,0,4,Clothing,Hoodie,Roadster,306,True,Inactive 270+ days,0.0,80.0,20.0
CUST000680,3,5,9531,3177.0,10.33,3.67,2023-05-25,2024-08-14,37,Adult,Female,Gurgaon,Yes,0,2,Clothing,Hoodie,Nike,138,False,Active,0.0,66.67,33.33
CUST000681,5,9,68128,13625.6,6.8,3.2,2023-04-10,2024-09-27,36,Adult,Female,Patna,Yes,1,4,Accessories,Running Shoes,Zara,94,False,Active,20.0,80.0,20.0
CUST000682,2,3,13954,6977.0,10.5,4.0,2023-06-14,2023-07-03,44,Adult,Male,Lucknow,No,1,2,Clothing,Running Shoes,Adidas,546,True,Inactive 270+ days,50.0,100.0,0.0
CUST000683,2,2,2653,1326.5,11.0,2.5,2024-04-08,2024-12-26,20,Young Adult,Male,Chandigarh,Yes,0,1,Accessories,Kurta,Max,4,False,Active,0.0,50.0,50.0
CUST000684,2,4,9019,4509.5,5.0,1.5,2023-09-18,2024-11-02,51,Adult,Female,Bangalore,No,1,2,Accessories,Saree,Max,58,False,Active,50.0,100.0,0.0
CUST000685,1,2,3023,3023.0,8.0,4.0,2024-06-04,2024-06-04,40,Adult,Male,Gurgaon,No,0,0,Clothing,Shorts,H&M,209,False,Active,0.0,0.0,100.0
CUST000686,1,1,5121,5121.0,2.0,3.0,2023-05-04,2023-05-04,48,Adult,Male,Delhi,Yes,1,1,Footwear,Sneakers,HRX,606,True,Inactive 270+ days,100.0,100.0,0.0
CUST000687,4,6,21633,5408.25,3.0,3.75,2023-03-14,2023-11-27,23,Young Adult,Male,Bangalore,Yes,1,4,Clothing,Dress,Adidas,399,True,Inactive 270+ days,25.0,100.0,0.0
CUST000688,2,2,9481,4740.5,18.5,4.0,2023-01-22,2023-11-22,37,Adult,Male,Bhubaneswar,Yes,0,1,Clothing,Dress,Levis,404,True,Inactive 270+ days,0.0,50.0,50.0
CUST000689,1,1,3370,3370.0,3.0,3.0,2024-02-13,2024-02-13,45,Adult,Male,Bhubaneswar,No,0,0,Clothing,Jacket,Adidas,321,True,Inactive 270+ days,0.0,0.0,100.0
CUST000690,4,7,25374,6343.5,7.25,3.25,2023-07-30,2024-06-19,22,Young Adult,Female,Surat,No,1,1,Clothing,Hoodie,H&M,194,False,Active,25.0,25.0,75.0
CUST000691,5,8,56748,11349.6,5.4,2.6,2023-03-21,2024-07-05,42,Adult,Male,Bhubaneswar,Yes,1,4,Footwear,Sandals,Bata,178,False,Active,20.0,80.0,20.0
CUST000692,2,2,3462,1731.0,7.5,2.0,2024-05-24,2024-09-20,64,Adult,Female,Ahmedabad,Yes,1,2,Clothing,Jeans,Max,101,False,Active,50.0,100.0,0.0
CUST000693,3,3,7499,2499.67,6.0,4.0,2023-06-28,2023-11-01,38,Adult,Male,Nagpur,Yes,0,1,Footwear,Boots,Bata,425,True,Inactive 270+ days,0.0,33.33,66.67
CUST000694,4,4,16783,4195.75,11.5,3.5,2023-01-21,2024-06-17,27,Adult,Male,Mumbai,No,0,4,Accessories,Kurta,Puma,196,False,Active,0.0,100.0,0.0
CUST000695,6,8,23080,3846.67,18.83,3.0,2023-06-14,2024-08-27,34,Adult,Female,Bangalore,No,2,6,Clothing,Jacket,Allen Solly,125,False,Active,33.33,100.0,0.0
CUST000696,3,3,5231,1743.67,9.33,3.33,2023-09-26,2024-09-10,21,Young Adult,Female,Lucknow,No,1,3,Clothing,Kurta,Allen Solly,111,False,Active,33.33,100.0,0.0
CUST000697,3,4,7948,2649.33,10.33,4.0,2023-10-10,2024-10-03,54,Adult,Male,Chennai,No,1,3,Clothing,Hoodie,Adidas,88,False,Active,33.33,100.0,0.0
CUST000698,1,1,179,179.0,8.0,2.0,2023-12-19,2023-12-19,53,Adult,Other,Mumbai,No,1,1,Footwear,Slippers,Max,377,True,Inactive 270+ days,100.0,100.0,0.0
CUST000699,2,3,9686,4843.0,5.5,4.0,2023-09-30,2024-03-02,23,Young Adult,Female,Ahmedabad,No,0,1,Clothing,Jacket,Allen Solly,303,True,Inactive 270+ days,0.0,50.0,50.0
CUST000700,2,3,16214,8107.0,6.5,3.5,2023-05-06,2024-08-22,34,Adult,Male,Delhi,Yes,0,1,Footwear,Sandals,HRX,130,False,Active,0.0,50.0,50.0
CUST000701,3,5,26335,8778.33,13.67,3.33,2023-05-06,2023-08-08,23,Young Adult,Male,Gurgaon,Yes,0,1,Footwear,Sneakers,Biba,510,True,Inactive 270+ days,0.0,33.33,66.67
CUST000702,1,1,4037,4037.0,3.0,5.0,2023-03-20,2023-03-20,29,Adult,Female,Kolkata,No,0,0,Footwear,Formal Shoes,Hush Puppies,651,True,Inactive 270+ days,0.0,0.0,100.0
CUST000703,4,8,45393,11348.25,10.0,3.75,2023-11-03,2024-05-26,34,Adult,Male,Lucknow,No,0,1,Clothing,Kurta,Fastrack,218,False,Active,0.0,25.0,75.0
CUST000704,1,2,1552,1552.0,5.0,3.0,2023-10-21,2023-10-21,35,Adult,Male,Indore,No,0,1,Footwear,Sandals,Max,436,True,Inactive 270+ days,0.0,100.0,0.0
CUST000705,2,2,10813,5406.5,11.5,4.5,2023-04-10,2024-08-13,50,Adult,Other,Pune,No,0,2,Clothing,Jacket,H&M,139,False,Active,0.0,100.0,0.0
CUST000706,2,3,2788,1394.0,9.0,3.0,2023-03-21,2023-05-23,36,Adult,Female,Chennai,No,1,1,Clothing,Kurta,Max,587,True,Inactive 270+ days,50.0,50.0,50.0
CUST000707,3,3,11991,3997.0,5.0,3.67,2023-07-17,2023-10-28,18,Young Adult,Male,Nagpur,No,0,3,Clothing,Kurta,Biba,429,True,Inactive 270+ days,0.0,100.0,0.0
CUST000708,3,3,6218,2072.67,13.67,3.0,2023-03-20,2024-01-18,52,Adult,Female,Nagpur,Yes,0,1,Accessories,Formal Shoes,Hush Puppies,347,True,Inactive 270+ days,0.0,33.33,66.67
CUST000709,1,1,5475,5475.0,15.0,5.0,2023-03-18,2023-03-18,42,Adult,Male,Pune,No,0,1,Footwear,Formal Shoes,Zara,653,True,Inactive 270+ days,0.0,100.0,0.0
CUST000710,3,4,16452,5484.0,13.33,4.0,2023-04-16,2024-01-07,39,Adult,Female,Visakhapatnam,Yes,0,2,Clothing,Jacket,HRX,358,True,Inactive 270+ days,0.0,66.67,33.33
CUST000711,1,1,4780,4780.0,8.0,4.0,2023-12-24,2023-12-24,33,Adult,Other,Bhubaneswar,Yes,0,1,Clothing,Kurta,FabIndia,372,True,Inactive 270+ days,0.0,100.0,0.0
CUST000712,4,7,18622,4655.5,6.25,4.5,2023-06-11,2024-12-23,50,Adult,Female,Indore,Yes,0,4,Clothing,Kurta,FabIndia,7,False,Active,0.0,100.0,0.0
CUST000713,4,8,12042,3010.5,10.5,3.5,2023-01-31,2024-01-12,34,Adult,Female,Visakhapatnam,No,2,4,Clothing,Cap,Max,353,True,Inactive 270+ days,50.0,100.0,0.0
CUST000714,1,3,5175,5175.0,5.0,4.0,2024-01-12,2024-01-12,50,Adult,Male,Nagpur,No,0,1,Clothing,Kurta,Biba,353,True,Inactive 270+ days,0.0,100.0,0.0
CUST000715,8,11,93673,11709.12,11.75,3.62,2023-05-27,2024-05-28,19,Young Adult,Male,Ahmedabad,No,2,7,Footwear,Running Shoes,Puma,216,False,Active,25.0,87.5,12.5
CUST000716,4,6,34437,8609.25,6.25,3.5,2023-02-10,2024-12-13,37,Adult,Female,Lucknow,Yes,1,3,Clothing,Saree,Adidas,17,False,Active,25.0,75.0,25.0
CUST000717,2,3,11491,5745.5,6.5,4.0,2024-09-04,2024-09-04,46,Adult,Male,Surat,No,0,2,Footwear,Boots,Hush Puppies,117,False,Active,0.0,100.0,0.0
CUST000718,4,4,6038,1509.5,8.5,3.5,2023-04-23,2023-12-23,25,Young Adult,Male,Bangalore,Yes,0,4,Accessories,Belt,Puma,373,True,Inactive 270+ days,0.0,100.0,0.0
CUST000719,2,2,8823,4411.5,11.0,3.0,2023-01-25,2024-03-12,22,Young Adult,Other,Delhi,No,1,1,Footwear,Formal Shoes,Bata,293,True,Inactive 270+ days,50.0,50.0,50.0
CUST000720,4,6,37276,9319.0,8.0,4.25,2023-01-31,2024-03-14,37,Adult,Male,Noida,No,0,2,Clothing,Boots,Hush Puppies,291,True,Inactive 270+ days,0.0,50.0,50.0
CUST000721,3,4,18422,6140.67,20.67,3.67,2023-01-09,2024-01-21,20,Young Adult,Male,Hyderabad,Yes,0,3,Clothing,Heels,Bata,344,True,Inactive 270+ days,0.0,100.0,0.0
CUST000722,2,2,7268,3634.0,3.5,4.5,2023-06-26,2024-07-19,41,Adult,Female,Indore,No,0,1,Accessories,Belt,FabIndia,164,False,Active,0.0,50.0,50.0
CUST000723,2,4,8528,4264.0,24.5,2.0,2023-01-28,2023-10-10,46,Adult,Female,Gurgaon,Yes,0,2,Clothing,Shirt,Roadster,447,True,Inactive 270+ days,0.0,100.0,0.0
CUST000724,2,2,6086,3043.0,8.5,3.5,2024-09-23,2024-11-11,61,Adult,Male,Hyderabad,No,0,1,Clothing,Saree,Adidas,49,False,Active,0.0,50.0,50.0
CUST000725,2,2,10420,5210.0,6.0,3.0,2023-01-12,2023-10-20,51,Adult,Female,Kochi,Yes,0,2,Clothing,Jacket,Adidas,437,True,Inactive 270+ days,0.0,100.0,0.0
CUST000726,2,2,2028,1014.0,10.0,3.0,2023-02-16,2024-08-08,26,Adult,Female,Nagpur,No,0,0,Clothing,Kurta,Max,144,False,Active,0.0,0.0,100.0
CUST000727,5,10,50807,10161.4,4.4,3.6,2023-01-24,2024-08-26,53,Adult,Male,Mumbai,No,2,3,Clothing,Jacket,Adidas,126,False,Active,40.0,60.0,40.0
CUST000729,3,3,7676,2558.67,5.33,4.0,2023-02-24,2023-09-23,39,Adult,Female,Pune,No,0,2,Clothing,Hoodie,Puma,464,True,Inactive 270+ days,0.0,66.67,33.33
CUST000730,1,1,16294,16294.0,3.0,3.0,2024-09-20,2024-09-20,62,Adult,Male,Noida,No,1,1,Footwear,Running Shoes,Puma,101,False,Active,100.0,100.0,0.0
CUST000731,3,4,13186,4395.33,5.67,3.67,2023-02-13,2024-12-23,26,Adult,Male,Chennai,Yes,0,2,Clothing,Belt,Adidas,7,False,Active,0.0,66.67,33.33
CUST000732,5,6,38401,7680.2,3.4,3.8,2023-07-11,2024-09-17,62,Adult,Female,Kochi,No,0,4,Clothing,Kurta,Nike,104,False,Active,0.0,80.0,20.0
CUST000733,3,4,37993,12664.33,3.33,4.0,2023-06-28,2024-06-25,27,Adult,Male,Surat,Yes,0,2,Footwear,Boots,Allen Solly,188,False,Active,0.0,66.67,33.33
CUST000734,1,3,12981,12981.0,19.0,3.0,2023-08-29,2023-08-29,38,Adult,Female,Lucknow,Yes,0,0,Clothing,Shirt,Zara,489,True,Inactive 270+ days,0.0,0.0,100.0
CUST000735,2,2,2059,1029.5,1.5,3.0,2023-09-10,2024-10-25,26,Adult,Male,Bhubaneswar,No,0,1,Clothing,Heels,Max,66,False,Active,0.0,50.0,50.0
CUST000736,3,4,17424,5808.0,12.33,3.0,2023-01-06,2024-06-14,60,Adult,Female,Bangalore,No,1,2,Footwear,Formal Shoes,Allen Solly,199,False,Active,33.33,66.67,33.33
CUST000737,1,1,10062,10062.0,15.0,3.0,2023-01-06,2023-01-06,57,Adult,Female,Lucknow,No,0,1,Footwear,Running Shoes,HRX,724,True,Inactive 270+ days,0.0,100.0,0.0
CUST000738,2,2,8900,4450.0,4.5,3.5,2023-09-02,2023-09-05,63,Adult,Male,Nagpur,No,0,2,Accessories,Belt,Fastrack,482,True,Inactive 270+ days,0.0,100.0,0.0
CUST000739,2,5,13193,6596.5,38.5,4.0,2023-01-04,2024-06-20,20,Young Adult,Male,Chennai,No,0,1,Clothing,Kurta,Adidas,193,False,Active,0.0,50.0,50.0
CUST000740,1,1,596,596.0,0.0,5.0,2024-08-19,2024-08-19,47,Adult,Female,Bangalore,No,0,1,Clothing,T-shirt,Puma,133,False,Active,0.0,100.0,0.0
CUST000741,5,6,35192,7038.4,6.4,3.6,2023-03-30,2023-12-22,53,Adult,Female,Kolkata,No,0,2,Clothing,Boots,Puma,374,True,Inactive 270+ days,0.0,40.0,60.0
CUST000742,3,3,8778,2926.0,7.33,3.67,2023-10-12,2024-12-09,27,Adult,Female,Patna,Yes,1,3,Footwear,Formal Shoes,Bata,21,False,Active,33.33,100.0,0.0
CUST000743,4,7,18698,4674.5,7.5,3.25,2023-03-10,2024-07-14,34,Adult,Female,Kochi,No,0,3,Accessories,Backpack,Hush Puppies,169,False,Active,0.0,75.0,25.0
CUST000744,7,9,21933,3133.29,7.86,3.0,2023-02-18,2024-08-13,45,Adult,Female,Visakhapatnam,No,2,5,Clothing,Sandals,Bata,139,False,Active,28.57,71.43,28.57
CUST000745,1,1,659,659.0,15.0,3.0,2024-12-15,2024-12-15,38,Adult,Male,Indore,No,0,1,Footwear,Sandals,Bata,15,False,Active,0.0,100.0,0.0
CUST000746,4,6,41333,10333.25,8.75,3.0,2023-06-30,2024-12-19,57,Adult,Male,Indore,No,1,2,Clothing,Hoodie,Nike,11,False,Active,25.0,50.0,50.0
CUST000747,1,1,1870,1870.0,2.0,4.0,2023-04-17,2023-04-17,35,Adult,Female,Indore,No,0,1,Clothing,Shorts,Puma,623,True,Inactive 270+ days,0.0,100.0,0.0
CUST000748,2,4,13758,6879.0,12.0,3.5,2023-03-11,2023-11-09,21,Young Adult,Female,Ahmedabad,Yes,2,1,Clothing,Saree,FabIndia,417,True,Inactive 270+ days,100.0,50.0,50.0
CUST000749,3,3,10887,3629.0,2.67,2.67,2023-06-27,2024-02-16,45,Adult,Male,Hyderabad,No,2,2,Clothing,Hoodie,Adidas,318,True,Inactive 270+ days,66.67,66.67,33.33
CUST000750,1,1,2209,2209.0,2.0,5.0,2023-10-19,2023-10-19,18,Young Adult,Female,Nagpur,No,0,1,Clothing,Saree,FabIndia,438,True,Inactive 270+ days,0.0,100.0,0.0
CUST000751,1,2,13122,13122.0,1.0,3.0,2024-07-01,2024-07-01,27,Adult,Female,Surat,No,0,1,Footwear,Boots,Hush Puppies,182,False,Active,0.0,100.0,0.0
CUST000753,2,3,8979,4489.5,5.0,3.5,2023-07-19,2024-02-14,21,Young Adult,Female,Bangalore,No,1,1,Clothing,Dress,H&M,320,True,Inactive 270+ days,50.0,50.0,50.0
CUST000754,3,4,48208,16069.33,2.67,3.67,2024-01-31,2024-10-24,41,Adult,Female,Patna,No,0,3,Footwear,Formal Shoes,Adidas,67,False,Active,0.0,100.0,0.0
CUST000755,4,4,15194,3798.5,9.5,3.75,2023-08-27,2024-12-22,53,Adult,Female,Noida,No,0,3,Clothing,Kurta,Biba,8,False,Active,0.0,75.0,25.0
CUST000756,1,1,437,437.0,4.0,2.0,2023-12-22,2023-12-22,38,Adult,Female,Kochi,No,0,1,Footwear,Sandals,Bata,374,True,Inactive 270+ days,0.0,100.0,0.0
CUST000757,4,5,7299,1824.75,7.75,2.75,2023-01-31,2024-11-19,56,Adult,Male,Visakhapatnam,No,2,3,Clothing,Shirt,Max,41,False,Active,50.0,75.0,25.0
CUST000758,3,5,8476,2825.33,6.67,3.0,2023-05-25,2024-02-21,29,Adult,Female,Hyderabad,No,0,2,Clothing,Dress,FabIndia,313,True,Inactive 270+ days,0.0,66.67,33.33
CUST000759,3,5,4494,1498.0,15.33,2.67,2023-05-31,2024-11-01,46,Adult,Male,Kolkata,No,1,2,Clothing,Kurta,Max,59,False,Active,33.33,66.67,33.33
CUST000760,1,1,2259,2259.0,9.0,3.0,2024-07-09,2024-07-09,64,Adult,Female,Kolkata,Yes,0,1,Clothing,Hoodie,HRX,174,False,Active,0.0,100.0,0.0
CUST000761,2,2,4483,2241.5,18.0,2.5,2023-11-19,2024-05-09,19,Young Adult,Female,Jaipur,No,0,1,Clothing,Saree,Max,235,False,Active,0.0,50.0,50.0
CUST000762,4,5,11732,2933.0,14.25,3.0,2023-01-10,2023-10-12,47,Adult,Male,Indore,No,0,3,Accessories,Bag,Max,445,True,Inactive 270+ days,0.0,75.0,25.0
CUST000763,5,8,25025,5005.0,11.2,4.2,2023-08-09,2024-11-11,31,Adult,Male,Lucknow,Yes,0,3,Clothing,Bag,Biba,49,False,Active,0.0,60.0,40.0
CUST000764,4,5,9458,2364.5,7.25,3.0,2023-10-23,2024-08-17,51,Adult,Female,Indore,Yes,2,3,Accessories,Backpack,Tommy Hilfiger,135,False,Active,50.0,75.0,25.0
CUST000765,3,7,30514,10171.33,5.67,4.33,2024-01-01,2024-07-09,32,Adult,Female,Chandigarh,No,1,2,Clothing,Formal Shoes,Adidas,174,False,Active,33.33,66.67,33.33
CUST000766,8,9,42318,5289.75,9.0,3.75,2023-01-30,2024-07-14,64,Adult,Female,Chennai,No,1,4,Clothing,Running Shoes,FabIndia,169,False,Active,12.5,50.0,50.0
CUST000767,2,2,6123,3061.5,14.0,4.0,2023-10-17,2024-08-08,57,Adult,Female,Chennai,Yes,0,1,Clothing,Jacket,Zara,144,False,Active,0.0,50.0,50.0
CUST000768,2,2,2734,1367.0,12.5,3.5,2023-01-21,2024-12-12,30,Adult,Female,Mumbai,Yes,1,0,Clothing,Shorts,Puma,18,False,Active,50.0,0.0,100.0
CUST000769,3,3,5097,1699.0,4.33,4.0,2023-01-12,2024-11-10,46,Adult,Male,Noida,Yes,0,2,Accessories,Kurta,Biba,50,False,Active,0.0,66.67,33.33
CUST000770,6,7,37536,6256.0,4.83,3.0,2023-02-27,2024-10-08,43,Adult,Female,Ahmedabad,No,1,6,Footwear,Sneakers,Biba,83,False,Active,16.67,100.0,0.0
CUST000771,2,5,2162,1081.0,6.0,3.5,2023-06-28,2023-12-14,18,Young Adult,Male,Noida,No,0,1,Clothing,Shorts,Allen Solly,382,True,Inactive 270+ days,0.0,50.0,50.0
CUST000772,3,4,14709,4903.0,7.67,4.0,2023-12-30,2024-11-05,20,Young Adult,Female,Indore,No,0,3,Clothing,Boots,Biba,55,False,Active,0.0,100.0,0.0
CUST000774,4,4,9210,2302.5,10.25,3.25,2023-04-07,2024-11-22,46,Adult,Female,Nagpur,Yes,1,1,Accessories,Saree,Max,38,False,Active,25.0,25.0,75.0
CUST000775,4,6,15616,3904.0,4.75,2.75,2023-02-10,2024-05-27,58,Adult,Female,Bhubaneswar,No,2,4,Clothing,Heels,Bata,217,False,Active,50.0,100.0,0.0
CUST000776,3,3,7538,2512.67,3.67,4.0,2023-06-21,2024-09-25,62,Adult,Female,Indore,Yes,0,3,Accessories,Cap,Biba,96,False,Active,0.0,100.0,0.0
CUST000778,2,2,4303,2151.5,13.5,4.0,2023-11-29,2024-08-18,64,Adult,Female,Pune,No,1,0,Clothing,Shirt,Allen Solly,134,False,Active,50.0,0.0,100.0
CUST000779,3,5,17165,5721.67,18.0,4.0,2023-08-31,2024-10-23,62,Adult,Male,Kolkata,No,1,1,Accessories,Backpack,Adidas,68,False,Active,33.33,33.33,66.67
CUST000780,3,3,33966,11322.0,10.67,3.33,2023-05-22,2023-11-09,46,Adult,Female,Hyderabad,Yes,0,1,Footwear,Boots,Adidas,417,True,Inactive 270+ days,0.0,33.33,66.67
CUST000781,4,6,14224,3556.0,6.5,3.25,2023-05-01,2024-08-31,21,Young Adult,Male,Gurgaon,Yes,1,4,Clothing,Bag,Allen Solly,121,False,Active,25.0,100.0,0.0
CUST000782,4,8,36409,9102.25,8.5,4.25,2023-04-02,2024-04-19,49,Adult,Male,Indore,No,0,2,Clothing,Hoodie,Allen Solly,255,False,Active,0.0,50.0,50.0
CUST000783,3,5,26759,8919.67,4.0,3.0,2023-01-29,2024-09-30,26,Adult,Male,Mumbai,No,0,3,Clothing,Dress,Allen Solly,91,False,Active,0.0,100.0,0.0
CUST000784,2,3,21619,10809.5,10.5,3.5,2023-09-10,2024-11-02,53,Adult,Female,Visakhapatnam,No,0,2,Clothing,Shirt,HRX,58,False,Active,0.0,100.0,0.0
CUST000785,2,5,17562,8781.0,6.5,3.5,2024-07-18,2024-10-02,34,Adult,Male,Bhubaneswar,No,0,2,Clothing,Jacket,FabIndia,89,False,Active,0.0,100.0,0.0
CUST000786,2,2,9234,4617.0,5.5,3.0,2023-06-09,2023-08-25,24,Young Adult,Female,Kochi,No,0,2,Accessories,Backpack,Nike,493,True,Inactive 270+ days,0.0,100.0,0.0
CUST000787,3,3,7684,2561.33,10.33,4.33,2023-01-20,2024-09-01,33,Adult,Female,Hyderabad,No,1,2,Clothing,Dress,FabIndia,120,False,Active,33.33,66.67,33.33
CUST000788,1,1,5396,5396.0,9.0,5.0,2024-06-30,2024-06-30,53,Adult,Female,Bangalore,No,0,1,Clothing,Jacket,Zara,183,False,Active,0.0,100.0,0.0
CUST000789,1,1,757,757.0,11.0,3.0,2024-10-03,2024-10-03,30,Adult,Female,Nagpur,Yes,1,1,Clothing,Trousers,Max,88,False,Active,100.0,100.0,0.0
CUST000790,4,4,29479,7369.75,16.25,3.25,2023-01-07,2024-10-20,57,Adult,Female,Mumbai,No,0,2,Clothing,Dress,Allen Solly,71,False,Active,0.0,50.0,50.0
CUST000791,6,7,40906,6817.67,9.83,3.83,2023-02-20,2024-08-24,27,Adult,Female,Lucknow,No,2,5,Footwear,Sneakers,Puma,128,False,Active,33.33,83.33,16.67
CUST000792,4,7,52784,13196.0,6.0,3.5,2023-11-29,2024-10-11,19,Young Adult,Male,Bhubaneswar,No,1,2,Clothing,Backpack,Adidas,80,False,Active,25.0,50.0,50.0
CUST000793,3,3,10085,3361.67,3.67,3.67,2023-02-15,2024-04-27,49,Adult,Male,Kochi,No,0,3,Clothing,Bag,Adidas,247,False,Active,0.0,100.0,0.0
CUST000794,4,8,53540,13385.0,7.5,3.5,2023-03-22,2024-06-17,55,Adult,Female,Chennai,No,1,4,Footwear,Formal Shoes,Hush Puppies,196,False,Active,25.0,100.0,0.0
CUST000795,1,2,502,502.0,0.0,2.0,2023-08-04,2023-08-04,38,Adult,Female,Kolkata,No,1,1,Footwear,Slippers,Bata,514,True,Inactive 270+ days,100.0,100.0,0.0
CUST000796,4,4,42764,10691.0,10.75,3.75,2023-02-06,2023-12-08,56,Adult,Female,Lucknow,No,0,3,Footwear,Sneakers,Adidas,388,True,Inactive 270+ days,0.0,75.0,25.0
CUST000797,2,2,10841,5420.5,5.0,4.0,2023-12-08,2024-04-24,54,Adult,Female,Chennai,No,1,2,Accessories,Bag,Fastrack,250,False,Active,50.0,100.0,0.0
CUST000798,2,3,5873,2936.5,8.0,4.5,2023-07-20,2024-03-31,54,Adult,Male,Kochi,No,0,1,Accessories,Hoodie,HRX,274,True,Inactive 270+ days,0.0,50.0,50.0
CUST000799,3,3,15861,5287.0,8.33,3.33,2024-01-18,2024-04-21,32,Adult,Female,Patna,No,0,1,Accessories,Backpack,Fastrack,253,False,Active,0.0,33.33,66.67
CUST000800,5,5,21156,4231.2,18.4,3.4,2023-01-20,2024-12-14,63,Adult,Female,Chandigarh,No,0,4,Clothing,Jacket,Puma,16,False,Active,0.0,80.0,20.0
CUST000801,5,6,11747,2349.4,5.6,2.8,2023-09-12,2024-07-09,55,Adult,Male,Chandigarh,Yes,2,3,Clothing,Dress,HRX,174,False,Active,40.0,60.0,40.0
CUST000802,2,2,1343,671.5,20.0,3.0,2023-01-19,2024-08-05,55,Adult,Male,Gurgaon,No,0,1,Clothing,Kurta,Hush Puppies,147,False,Active,0.0,50.0,50.0
CUST000803,4,5,45431,11357.75,8.75,4.25,2023-01-25,2023-12-22,48,Adult,Female,Bangalore,Yes,1,3,Clothing,Formal Shoes,Nike,374,True,Inactive 270+ days,25.0,75.0,25.0
CUST000804,2,3,18529,9264.5,22.0,2.5,2024-08-29,2024-11-13,52,Adult,Female,Nagpur,No,0,2,Clothing,Running Shoes,HRX,47,False,Active,0.0,100.0,0.0
CUST000805,4,8,13888,3472.0,10.0,3.75,2023-09-23,2024-11-22,52,Adult,Male,Bhubaneswar,No,1,2,Clothing,Belt,Allen Solly,38,False,Active,25.0,50.0,50.0
CUST000806,2,3,7465,3732.5,3.0,4.5,2024-08-07,2024-12-01,52,Adult,Male,Patna,No,0,2,Accessories,Belt,H&M,29,False,Active,0.0,100.0,0.0
CUST000807,2,3,5222,2611.0,7.0,3.5,2023-04-27,2024-09-19,49,Adult,Male,Lucknow,No,0,2,Clothing,Saree,Adidas,102,False,Active,0.0,100.0,0.0
CUST000808,5,7,38680,7736.0,7.0,3.4,2023-03-22,2024-07-04,52,Adult,Female,Visakhapatnam,No,1,2,Footwear,Dress,Adidas,179,False,Active,20.0,40.0,60.0
CUST000809,5,5,15207,3041.4,5.0,3.8,2023-02-20,2024-09-23,36,Adult,Female,Bhubaneswar,No,0,3,Footwear,Dress,Adidas,98,False,Active,0.0,60.0,40.0
CUST000810,1,1,3378,3378.0,1.0,3.0,2024-12-28,2024-12-28,60,Adult,Female,Nagpur,No,0,0,Clothing,Saree,Max,2,False,Active,0.0,0.0,100.0
CUST000811,3,4,39074,13024.67,3.67,3.67,2023-02-04,2024-09-15,63,Adult,Male,Visakhapatnam,No,0,2,Footwear,Running Shoes,Bata,106,False,Active,0.0,66.67,33.33
CUST000812,2,4,2993,1496.5,3.5,3.5,2023-02-28,2024-09-29,38,Adult,Other,Pune,No,1,2,Footwear,Heels,Hush Puppies,92,False,Active,50.0,100.0,0.0
CUST000813,6,8,20008,3334.67,9.33,3.83,2023-01-09,2024-11-15,37,Adult,Female,Patna,Yes,3,3,Clothing,Hoodie,Adidas,45,False,Active,50.0,50.0,50.0
CUST000814,4,7,21714,5428.5,4.5,3.0,2023-06-04,2024-08-14,35,Adult,Male,Surat,Yes,0,2,Footwear,Formal Shoes,Bata,138,False,Active,0.0,50.0,50.0
CUST000816,5,7,24427,4885.4,8.4,3.8,2023-02-13,2024-09-22,58,Adult,Male,Bhubaneswar,No,1,5,Footwear,Kurta,Adidas,99,False,Active,20.0,100.0,0.0
CUST000817,2,3,23509,11754.5,8.0,4.0,2023-01-23,2024-04-12,18,Young Adult,Male,Jaipur,Yes,0,2,Clothing,Shirt,Levis,262,False,Active,0.0,100.0,0.0
CUST000818,2,3,13591,6795.5,9.5,4.0,2023-01-10,2023-05-01,64,Adult,Male,Patna,Yes,0,1,Accessories,Bag,Allen Solly,609,True,Inactive 270+ days,0.0,50.0,50.0
CUST000819,2,2,4088,2044.0,5.5,3.5,2023-06-02,2023-09-01,50,Adult,Female,Indore,No,1,1,Accessories,Bag,Fastrack,486,True,Inactive 270+ days,50.0,50.0,50.0
CUST000820,5,7,29548,5909.6,7.8,4.2,2023-07-12,2024-11-21,47,Adult,Female,Kolkata,Yes,0,4,Clothing,Kurta,Nike,39,False,Active,0.0,80.0,20.0
CUST000821,3,4,7423,2474.33,6.67,3.33,2023-01-24,2023-07-11,55,Adult,Female,Indore,No,2,3,Clothing,Jeans,FabIndia,538,True,Inactive 270+ days,66.67,100.0,0.0
CUST000822,3,5,9138,3046.0,8.33,3.33,2023-01-02,2024-01-08,39,Adult,Female,Chandigarh,Yes,1,1,Clothing,Belt,Adidas,357,True,Inactive 270+ days,33.33,33.33,66.67
CUST000823,2,3,2827,1413.5,8.5,3.5,2023-09-07,2024-04-11,37,Adult,Female,Nagpur,No,0,1,Accessories,Cap,Fastrack,263,False,Active,0.0,50.0,50.0
CUST000824,3,3,36089,12029.67,12.0,5.0,2023-04-28,2024-10-24,24,Young Adult,Female,Lucknow,No,0,3,Accessories,Saree,FabIndia,67,False,Active,0.0,100.0,0.0
CUST000825,1,1,1745,1745.0,6.0,3.0,2023-03-12,2023-03-12,40,Adult,Male,Delhi,No,0,0,Clothing,Kurta,Max,659,True,Inactive 270+ days,0.0,0.0,100.0
CUST000826,4,4,26432,6608.0,13.0,3.25,2023-03-02,2023-11-25,54,Adult,Female,Lucknow,No,1,2,Clothing,Jacket,Adidas,401,True,Inactive 270+ days,25.0,50.0,50.0
CUST000827,4,7,62021,15505.25,13.75,3.75,2023-09-17,2024-12-18,25,Young Adult,Female,Patna,No,0,2,Clothing,Kurta,Adidas,12,False,Active,0.0,50.0,50.0
CUST000828,5,5,15096,3019.2,3.2,3.0,2023-04-12,2024-06-24,29,Adult,Female,Bangalore,No,0,4,Clothing,Boots,Bata,189,False,Active,0.0,80.0,20.0
CUST000830,3,5,3969,1323.0,28.67,3.33,2024-02-14,2024-10-25,51,Adult,Male,Surat,Yes,1,3,Accessories,Socks,Fastrack,66,False,Active,33.33,100.0,0.0
CUST000831,2,4,14267,7133.5,11.0,3.5,2023-04-26,2023-06-09,49,Adult,Male,Visakhapatnam,No,0,1,Clothing,Jeans,Nike,570,True,Inactive 270+ days,0.0,50.0,50.0
CUST000832,3,3,6977,2325.67,9.33,3.67,2023-11-20,2024-09-10,57,Adult,Male,Jaipur,Yes,0,3,Clothing,Hoodie,Nike,111,False,Active,0.0,100.0,0.0
CUST000833,3,5,20375,6791.67,7.0,4.0,2024-02-01,2024-09-16,63,Adult,Female,Bangalore,Yes,0,3,Accessories,Bag,Max,105,False,Active,0.0,100.0,0.0
CUST000834,2,2,1732,866.0,7.5,4.0,2023-02-13,2023-07-07,53,Adult,Female,Pune,Yes,0,2,Accessories,Slippers,Fastrack,542,True,Inactive 270+ days,0.0,100.0,0.0
CUST000835,3,4,20465,6821.67,15.33,4.33,2023-01-15,2024-06-27,48,Adult,Female,Kochi,No,0,2,Clothing,Running Shoes,FabIndia,186,False,Active,0.0,66.67,33.33
CUST000836,2,3,8885,4442.5,11.5,4.0,2023-08-31,2024-01-16,48,Adult,Male,Patna,No,0,1,Clothing,Jacket,Allen Solly,349,True,Inactive 270+ days,0.0,50.0,50.0
CUST000837,1,1,9724,9724.0,0.0,3.0,2024-05-24,2024-05-24,55,Adult,Female,Patna,No,0,1,Footwear,Sneakers,HRX,220,False,Active,0.0,100.0,0.0
CUST000839,1,1,3126,3126.0,1.0,3.0,2023-02-08,2023-02-08,51,Adult,Male,Kolkata,No,0,1,Clothing,Saree,Max,691,True,Inactive 270+ days,0.0,100.0,0.0
CUST000840,5,10,43421,8684.2,8.0,3.4,2023-07-02,2024-12-10,29,Adult,Female,Lucknow,Yes,0,5,Accessories,Belt,Allen Solly,20,False,Active,0.0,100.0,0.0
CUST000842,1,1,2840,2840.0,2.0,3.0,2024-05-18,2024-05-18,38,Adult,Female,Nagpur,No,0,1,Clothing,Jacket,Nike,226,False,Active,0.0,100.0,0.0
CUST000843,2,3,25744,12872.0,7.0,2.5,2023-01-09,2023-06-06,61,Adult,Female,Ahmedabad,Yes,1,1,Clothing,Running Shoes,HRX,573,True,Inactive 270+ days,50.0,50.0,50.0
CUST000844,2,3,20985,10492.5,3.0,3.5,2023-02-21,2024-06-10,33,Adult,Male,Pune,No,0,2,Clothing,Sneakers,Puma,203,False,Active,0.0,100.0,0.0
CUST000845,4,7,14697,3674.25,14.75,3.75,2023-11-17,2024-10-12,62,Adult,Female,Visakhapatnam,No,0,2,Clothing,Kurta,Biba,79,False,Active,0.0,50.0,50.0
CUST000846,3,3,11965,3988.33,8.67,3.33,2023-12-31,2024-05-22,43,Adult,Female,Pune,No,2,3,Clothing,Jacket,Adidas,222,False,Active,66.67,100.0,0.0
CUST000847,1,1,413,413.0,12.0,2.0,2023-03-20,2023-03-20,30,Adult,Female,Kochi,Yes,0,1,Footwear,Slippers,Max,651,True,Inactive 270+ days,0.0,100.0,0.0
CUST000848,2,2,2502,1251.0,6.5,3.5,2023-05-29,2023-07-12,47,Adult,Female,Hyderabad,Yes,0,1,Accessories,Backpack,Fastrack,537,True,Inactive 270+ days,0.0,50.0,50.0
CUST000849,2,6,13201,6600.5,14.5,3.5,2024-03-07,2024-10-30,33,Adult,Male,Kochi,No,0,1,Accessories,Kurta,Max,61,False,Active,0.0,50.0,50.0
CUST000850,2,2,15815,7907.5,3.5,4.5,2024-06-17,2024-07-18,23,Young Adult,Male,Hyderabad,No,1,1,Clothing,Sneakers,Allen Solly,165,False,Active,50.0,50.0,50.0
CUST000851,4,9,39952,9988.0,8.25,3.25,2023-05-09,2024-10-25,29,Adult,Female,Visakhapatnam,Yes,1,4,Footwear,Cap,Fastrack,66,False,Active,25.0,100.0,0.0
CUST000852,4,11,45551,11387.75,7.0,2.5,2024-01-29,2024-08-23,58,Adult,Male,Gurgaon,Yes,1,4,Footwear,Kurta,Biba,129,False,Active,25.0,100.0,0.0
CUST000853,3,3,11139,3713.0,10.67,3.0,2023-09-14,2024-09-03,30,Adult,Female,Bangalore,No,0,3,Clothing,Boots,FabIndia,118,False,Active,0.0,100.0,0.0
CUST000854,2,4,6294,3147.0,5.0,3.0,2024-05-21,2024-10-05,30,Adult,Male,Pune,No,1,2,Footwear,Boots,Bata,86,False,Active,50.0,100.0,0.0
CUST000855,3,5,34866,11622.0,5.33,4.33,2023-06-04,2024-11-14,34,Adult,Male,Chandigarh,No,1,2,Clothing,Hoodie,Adidas,46,False,Active,33.33,66.67,33.33
CUST000856,3,4,3293,1097.67,10.0,3.67,2023-01-06,2024-03-24,40,Adult,Male,Chandigarh,No,0,1,Clothing,Kurta,Biba,281,True,Inactive 270+ days,0.0,33.33,66.67
CUST000857,1,2,2215,2215.0,0.0,3.0,2024-02-17,2024-02-17,30,Adult,Male,Noida,No,0,0,Clothing,T-shirt,HRX,317,True,Inactive 270+ days,0.0,0.0,100.0
CUST000859,3,6,17637,5879.0,3.33,3.67,2023-09-30,2024-09-29,49,Adult,Male,Patna,No,0,2,Clothing,Formal Shoes,Adidas,92,False,Active,0.0,66.67,33.33
CUST000860,5,6,45702,9140.4,9.4,3.8,2023-02-21,2024-12-23,60,Adult,Male,Nagpur,No,1,3,Footwear,Running Shoes,Allen Solly,7,False,Active,20.0,60.0,40.0
CUST000861,4,10,39947,9986.75,6.75,3.5,2023-09-14,2024-08-26,32,Adult,Female,Bangalore,No,1,3,Clothing,Backpack,Allen Solly,126,False,Active,25.0,75.0,25.0
CUST000862,4,5,8393,2098.25,5.5,3.25,2023-03-27,2024-03-31,40,Adult,Female,Chennai,No,2,2,Clothing,Kurta,FabIndia,274,True,Inactive 270+ days,50.0,50.0,50.0
CUST000863,1,1,5058,5058.0,12.0,4.0,2023-03-03,2023-03-03,64,Adult,Male,Hyderabad,No,0,1,Clothing,Jacket,Adidas,668,True,Inactive 270+ days,0.0,100.0,0.0
CUST000864,1,1,678,678.0,4.0,2.0,2024-10-13,2024-10-13,49,Adult,Male,Chennai,No,0,1,Clothing,Trousers,Max,78,False,Active,0.0,100.0,0.0
CUST000865,1,2,17370,17370.0,14.0,3.0,2024-02-27,2024-02-27,25,Young Adult,Male,Jaipur,No,0,1,Footwear,Formal Shoes,Zara,307,True,Inactive 270+ days,0.0,100.0,0.0
CUST000866,2,2,22734,11367.0,5.5,4.0,2023-01-09,2024-01-16,28,Adult,Female,Noida,Yes,0,2,Clothing,Jacket,Adidas,349,True,Inactive 270+ days,0.0,100.0,0.0
CUST000867,5,6,21441,4288.2,7.2,4.2,2023-03-10,2024-07-21,46,Adult,Female,Chandigarh,No,1,4,Accessories,Cap,Levis,162,False,Active,20.0,80.0,20.0
CUST000868,1,2,4198,4198.0,1.0,3.0,2023-09-30,2023-09-30,55,Adult,Male,Bhubaneswar,No,1,1,Clothing,T-shirt,Puma,457,True,Inactive 270+ days,100.0,100.0,0.0
CUST000869,4,4,23614,5903.5,3.25,3.75,2023-01-02,2024-01-29,52,Adult,Male,Noida,No,1,4,Clothing,Kurta,Biba,336,True,Inactive 270+ days,25.0,100.0,0.0
CUST000870,2,5,10036,5018.0,5.0,3.5,2023-06-18,2024-12-05,57,Adult,Female,Noida,No,0,2,Clothing,Sandals,Roadster,25,False,Active,0.0,100.0,0.0
CUST000871,6,10,93039,15506.5,10.67,4.0,2023-02-24,2023-12-24,19,Young Adult,Female,Visakhapatnam,No,1,4,Accessories,Backpack,Puma,372,True,Inactive 270+ days,16.67,66.67,33.33
CUST000872,3,3,28365,9455.0,6.67,2.67,2023-02-13,2024-08-10,39,Adult,Male,Indore,No,2,3,Footwear,Kurta,Adidas,142,False,Active,66.67,100.0,0.0
CUST000873,3,4,5786,1928.67,12.0,3.0,2023-09-10,2024-05-06,49,Adult,Female,Pune,No,1,2,Clothing,Hoodie,HRX,238,False,Active,33.33,66.67,33.33
CUST000874,3,7,23904,7968.0,3.0,3.67,2023-07-10,2024-03-21,52,Adult,Male,Chennai,Yes,0,1,Clothing,Belt,Levis,284,True,Inactive 270+ days,0.0,33.33,66.67
CUST000875,3,4,47084,15694.67,5.67,4.0,2023-04-29,2024-09-25,29,Adult,Male,Nagpur,No,2,3,Footwear,Boots,Adidas,96,False,Active,66.67,100.0,0.0
CUST000876,2,3,5981,2990.5,4.0,4.0,2024-04-30,2024-12-02,44,Adult,Male,Nagpur,No,1,1,Accessories,Sneakers,Adidas,28,False,Active,50.0,50.0,50.0
CUST000877,4,5,7205,1801.25,12.25,3.75,2023-06-15,2024-11-07,42,Adult,Female,Hyderabad,Yes,0,3,Clothing,Dress,Adidas,53,False,Active,0.0,75.0,25.0
CUST000878,3,5,25778,8592.67,17.33,3.33,2023-02-05,2024-03-17,26,Adult,Female,Chandigarh,No,0,3,Clothing,Hoodie,FabIndia,288,True,Inactive 270+ days,0.0,100.0,0.0
CUST000879,5,11,51581,10316.2,3.8,3.2,2023-02-07,2024-06-29,41,Adult,Female,Nagpur,No,1,4,Clothing,Formal Shoes,Adidas,184,False,Active,20.0,80.0,20.0
CUST000881,4,6,15027,3756.75,8.25,3.5,2023-03-10,2024-07-23,40,Adult,Female,Gurgaon,No,0,3,Accessories,Bag,Hush Puppies,160,False,Active,0.0,75.0,25.0
CUST000882,4,4,23449,5862.25,15.25,3.75,2023-01-09,2024-01-05,40,Adult,Male,Nagpur,Yes,1,3,Clothing,Jacket,Puma,360,True,Inactive 270+ days,25.0,75.0,25.0
CUST000883,4,8,5927,1481.75,13.75,3.5,2024-01-18,2024-11-24,19,Young Adult,Male,Gurgaon,No,1,2,Footwear,Heels,Max,36,False,Active,25.0,50.0,50.0
CUST000884,1,2,12740,12740.0,2.0,4.0,2024-05-29,2024-05-29,50,Adult,Male,Lucknow,No,1,0,Footwear,Sneakers,Adidas,215,False,Active,100.0,0.0,100.0
CUST000885,1,1,956,956.0,29.0,4.0,2024-08-28,2024-08-28,32,Adult,Male,Visakhapatnam,No,0,0,Clothing,Shorts,Adidas,124,False,Active,0.0,0.0,100.0
CUST000886,3,3,5407,1802.33,6.67,2.67,2023-02-02,2024-12-03,61,Adult,Female,Pune,No,1,2,Clothing,Hoodie,Nike,27,False,Active,33.33,66.67,33.33
CUST000887,3,4,8247,2749.0,8.0,3.0,2024-02-08,2024-09-03,45,Adult,Female,Chandigarh,No,1,2,Clothing,Heels,FabIndia,118,False,Active,33.33,66.67,33.33
CUST000888,3,3,12191,4063.67,5.33,3.0,2023-05-30,2024-05-29,57,Adult,Male,Gurgaon,Yes,1,2,Clothing,Saree,Max,215,False,Active,33.33,66.67,33.33
CUST000889,5,7,8580,1716.0,10.0,3.6,2023-10-26,2024-11-01,22,Young Adult,Male,Visakhapatnam,Yes,0,3,Clothing,Cap,Max,59,False,Active,0.0,60.0,40.0
CUST000890,1,1,1851,1851.0,50.0,2.0,2024-11-12,2024-11-12,55,Adult,Male,Delhi,No,0,1,Clothing,Hoodie,HRX,48,False,Active,0.0,100.0,0.0
CUST000891,2,3,15568,7784.0,8.0,2.5,2024-03-30,2024-05-07,18,Young Adult,Female,Bhubaneswar,No,0,1,Clothing,Sneakers,HRX,237,False,Active,0.0,50.0,50.0
CUST000892,3,4,10841,3613.67,4.0,3.0,2023-09-02,2024-03-24,61,Adult,Male,Kolkata,No,1,2,Clothing,Dress,Allen Solly,281,True,Inactive 270+ days,33.33,66.67,33.33
CUST000893,3,4,6645,2215.0,13.67,2.67,2023-02-05,2024-10-29,45,Adult,Other,Delhi,Yes,0,1,Clothing,Saree,Max,62,False,Active,0.0,33.33,66.67
CUST000894,1,1,2255,2255.0,4.0,2.0,2024-02-13,2024-02-13,38,Adult,Male,Mumbai,Yes,0,1,Accessories,Cap,Tommy Hilfiger,321,True,Inactive 270+ days,0.0,100.0,0.0
CUST000895,5,11,27754,5550.8,7.6,3.6,2024-02-19,2024-11-20,42,Adult,Female,Chandigarh,No,0,4,Accessories,Backpack,Max,40,False,Active,0.0,80.0,20.0
CUST000896,4,7,15358,3839.5,4.75,3.25,2023-07-02,2024-10-12,18,Young Adult,Male,Bangalore,No,1,3,Footwear,Slippers,Max,79,False,Active,25.0,75.0,25.0
CUST000897,3,5,10357,3452.33,8.33,2.67,2023-03-21,2023-10-14,32,Adult,Female,Kochi,No,0,3,Clothing,Hoodie,Fastrack,443,True,Inactive 270+ days,0.0,100.0,0.0
CUST000899,3,4,22246,7415.33,5.67,2.33,2023-02-03,2024-08-26,31,Adult,Female,Hyderabad,Yes,2,2,Footwear,Boots,HRX,126,False,Active,66.67,66.67,33.33
CUST000900,6,13,58440,9740.0,16.33,3.5,2023-03-27,2024-08-16,32,Adult,Female,Kolkata,No,1,5,Accessories,Bag,Puma,136,False,Active,16.67,83.33,16.67
CUST000901,4,6,35709,8927.25,5.25,3.75,2023-07-08,2023-11-17,52,Adult,Male,Visakhapatnam,No,0,3,Clothing,Boots,Adidas,409,True,Inactive 270+ days,0.0,75.0,25.0
CUST000903,2,2,11100,5550.0,9.5,3.5,2023-02-01,2023-09-18,23,Young Adult,Male,Surat,No,1,2,Clothing,Kurta,Biba,469,True,Inactive 270+ days,50.0,100.0,0.0
CUST000904,3,5,24097,8032.33,6.67,3.0,2023-03-05,2023-11-11,31,Adult,Female,Ahmedabad,No,1,3,Clothing,Jacket,Allen Solly,415,True,Inactive 270+ days,33.33,100.0,0.0
CUST000906,2,4,7975,3987.5,13.5,3.5,2023-10-19,2024-12-05,37,Adult,Female,Nagpur,Yes,1,2,Accessories,Hoodie,Fastrack,25,False,Active,50.0,100.0,0.0
CUST000907,3,4,11386,3795.33,12.67,3.67,2023-06-17,2023-12-10,34,Adult,Female,Surat,Yes,0,3,Footwear,Sandals,Bata,386,True,Inactive 270+ days,0.0,100.0,0.0
CUST000908,1,1,3468,3468.0,29.0,4.0,2024-10-04,2024-10-04,30,Adult,Female,Patna,Yes,0,0,Clothing,Dress,Zara,87,False,Active,0.0,0.0,100.0
CUST000909,6,7,15377,2562.83,7.5,3.67,2023-04-28,2024-10-27,57,Adult,Male,Nagpur,Yes,1,5,Footwear,Boots,Bata,64,False,Active,16.67,83.33,16.67
CUST000910,1,1,7965,7965.0,7.0,4.0,2023-05-23,2023-05-23,43,Adult,Male,Kolkata,No,0,1,Accessories,Bag,Tommy Hilfiger,587,True,Inactive 270+ days,0.0,100.0,0.0
CUST000911,3,3,15831,5277.0,10.33,3.33,2023-10-21,2023-12-08,25,Young Adult,Female,Indore,Yes,2,3,Clothing,Hoodie,H&M,388,True,Inactive 270+ days,66.67,100.0,0.0
CUST000912,3,5,45296,15098.67,4.67,4.0,2023-08-21,2024-05-12,19,Young Adult,Female,Jaipur,No,1,2,Footwear,Running Shoes,Hush Puppies,232,False,Active,33.33,66.67,33.33
CUST000913,3,4,16726,5575.33,7.33,4.33,2023-05-03,2023-05-29,33,Adult,Male,Bangalore,No,0,3,Clothing,Saree,Biba,581,True,Inactive 270+ days,0.0,100.0,0.0
CUST000914,4,6,25943,6485.75,5.25,3.5,2024-02-25,2024-10-07,22,Young Adult,Female,Ahmedabad,No,0,3,Clothing,Running Shoes,Puma,84,False,Active,0.0,75.0,25.0
CUST000915,3,4,16335,5445.0,26.0,3.33,2023-10-17,2024-10-18,62,Adult,Female,Kochi,No,0,2,Clothing,Kurta,Biba,73,False,Active,0.0,66.67,33.33
CUST000916,3,4,11172,3724.0,6.33,3.33,2023-04-15,2023-11-16,63,Adult,Male,Kochi,Yes,0,2,Clothing,Boots,Max,410,True,Inactive 270+ days,0.0,66.67,33.33
CUST000917,1,1,6091,6091.0,3.0,2.0,2023-04-01,2023-04-01,32,Adult,Female,Delhi,No,0,1,Accessories,Bag,Puma,639,True,Inactive 270+ days,0.0,100.0,0.0
CUST000918,5,7,22948,4589.6,13.8,3.6,2023-01-30,2024-09-02,23,Young Adult,Male,Hyderabad,No,1,3,Clothing,Shorts,Adidas,119,False,Active,20.0,60.0,40.0
CUST000919,4,11,54080,13520.0,10.25,4.0,2023-02-01,2024-09-13,34,Adult,Female,Pune,Yes,0,3,Clothing,Jacket,FabIndia,108,False,Active,0.0,75.0,25.0
CUST000920,5,6,8391,1678.2,11.2,3.0,2023-06-15,2024-05-05,22,Young Adult,Female,Kochi,No,2,4,Accessories,Backpack,Tommy Hilfiger,239,False,Active,40.0,80.0,20.0
CUST000921,3,3,17299,5766.33,4.67,3.67,2023-07-23,2024-09-19,37,Adult,Male,Indore,No,0,3,Accessories,Sandals,H&M,102,False,Active,0.0,100.0,0.0
CUST000922,3,7,40486,13495.33,11.33,2.0,2023-03-26,2024-12-22,20,Young Adult,Other,Jaipur,No,0,2,Footwear,Running Shoes,HRX,8,False,Active,0.0,66.67,33.33
CUST000923,3,3,11479,3826.33,11.0,4.33,2023-11-03,2024-01-31,35,Adult,Male,Delhi,Yes,0,2,Clothing,Kurta,Adidas,334,True,Inactive 270+ days,0.0,66.67,33.33
CUST000924,1,1,25146,25146.0,12.0,3.0,2023-07-03,2023-07-03,36,Adult,Female,Visakhapatnam,No,0,1,Footwear,Sneakers,Adidas,546,True,Inactive 270+ days,0.0,100.0,0.0
CUST000925,3,4,61785,20595.0,6.33,4.0,2023-03-31,2024-04-25,45,Adult,Male,Nagpur,No,0,3,Footwear,Jeans,Adidas,249,False,Active,0.0,100.0,0.0
CUST000926,2,2,14012,7006.0,14.5,3.0,2023-01-19,2023-08-09,31,Adult,Female,Patna,No,0,1,Clothing,Hoodie,FabIndia,509,True,Inactive 270+ days,0.0,50.0,50.0
CUST000927,1,1,3081,3081.0,9.0,3.0,2024-03-09,2024-03-09,42,Adult,Female,Gurgaon,No,0,0,Clothing,Saree,Max,296,True,Inactive 270+ days,0.0,0.0,100.0
CUST000928,5,7,37724,7544.8,8.0,2.8,2023-01-04,2023-08-02,52,Adult,Male,Kolkata,No,1,5,Footwear,Heels,Bata,516,True,Inactive 270+ days,20.0,100.0,0.0
CUST000929,4,5,51796,12949.0,7.0,3.25,2023-02-05,2024-05-28,19,Young Adult,Female,Bangalore,No,1,3,Footwear,Kurta,Nike,216,False,Active,25.0,75.0,25.0
CUST000930,2,4,6413,3206.5,4.5,4.0,2024-08-28,2024-12-25,28,Adult,Male,Bhubaneswar,No,0,2,Clothing,Saree,FabIndia,5,False,Active,0.0,100.0,0.0
CUST000931,2,2,10462,5231.0,11.0,3.0,2023-08-24,2024-09-09,43,Adult,Female,Jaipur,No,0,2,Clothing,Running Shoes,H&M,112,False,Active,0.0,100.0,0.0
CUST000932,3,4,10627,3542.33,5.33,3.67,2023-11-23,2024-11-26,29,Adult,Male,Pune,No,0,3,Clothing,Kurta,Biba,34,False,Active,0.0,100.0,0.0
CUST000933,5,9,40439,8087.8,9.2,3.8,2023-05-13,2024-09-27,43,Adult,Male,Lucknow,Yes,2,5,Accessories,Bag,Fastrack,94,False,Active,40.0,100.0,0.0
CUST000934,2,2,8635,4317.5,6.5,4.0,2024-07-22,2024-09-24,29,Adult,Male,Indore,No,1,2,Clothing,Jacket,Adidas,97,False,Active,50.0,100.0,0.0
CUST000936,3,5,49441,16480.33,10.0,3.33,2023-04-14,2024-10-01,45,Adult,Male,Lucknow,No,0,2,Footwear,Heels,HRX,90,False,Active,0.0,66.67,33.33
CUST000937,2,4,47965,23982.5,13.0,3.5,2023-12-16,2024-05-06,24,Young Adult,Male,Visakhapatnam,No,0,2,Footwear,Formal Shoes,Hush Puppies,238,False,Active,0.0,100.0,0.0
CUST000938,3,4,26230,8743.33,13.0,3.67,2023-04-12,2024-08-02,64,Adult,Female,Bhubaneswar,Yes,0,1,Footwear,Running Shoes,HRX,150,False,Active,0.0,33.33,66.67
CUST000939,1,1,5649,5649.0,4.0,5.0,2023-04-24,2023-04-24,54,Adult,Female,Gurgaon,No,0,0,Clothing,Jacket,Puma,616,True,Inactive 270+ days,0.0,0.0,100.0
CUST000940,2,2,2335,1167.5,10.5,4.0,2024-08-03,2024-09-29,23,Young Adult,Male,Mumbai,No,0,2,Clothing,Kurta,Biba,92,False,Active,0.0,100.0,0.0
CUST000941,3,3,7360,2453.33,16.0,3.33,2023-10-07,2024-11-13,22,Young Adult,Female,Kolkata,No,1,3,Clothing,Formal Shoes,Biba,47,False,Active,33.33,100.0,0.0
CUST000942,2,3,8183,4091.5,3.5,2.0,2023-07-18,2024-09-30,30,Adult,Male,Pune,No,2,2,Clothing,Kurta,Biba,91,False,Active,100.0,100.0,0.0
CUST000943,6,11,56427,9404.5,9.0,4.17,2023-07-23,2024-10-12,64,Adult,Male,Ahmedabad,Yes,1,3,Footwear,Sneakers,Puma,79,False,Active,16.67,50.0,50.0
CUST000944,5,6,6709,1341.8,11.4,3.4,2023-12-16,2024-12-21,64,Adult,Female,Gurgaon,No,1,5,Accessories,Backpack,Levis,9,False,Active,20.0,100.0,0.0
CUST000945,4,8,21794,5448.5,5.25,3.5,2023-07-19,2024-02-03,35,Adult,Male,Indore,No,0,4,Clothing,Dress,H&M,331,True,Inactive 270+ days,0.0,100.0,0.0
CUST000946,6,11,41362,6893.67,8.83,2.83,2023-11-03,2024-12-07,21,Young Adult,Male,Mumbai,Yes,2,6,Clothing,Dress,Nike,23,False,Active,33.33,100.0,0.0
CUST000947,2,2,11043,5521.5,12.5,4.0,2023-07-17,2023-11-09,59,Adult,Female,Pune,No,0,2,Accessories,Saree,Biba,417,True,Inactive 270+ days,0.0,100.0,0.0
CUST000948,3,3,11037,3679.0,7.67,4.0,2023-11-29,2024-10-29,38,Adult,Female,Bhubaneswar,No,0,2,Clothing,Formal Shoes,FabIndia,62,False,Active,0.0,66.67,33.33
CUST000949,3,4,18870,6290.0,17.67,2.33,2023-02-01,2024-09-27,27,Adult,Male,Noida,No,0,3,Clothing,Jeans,HRX,94,False,Active,0.0,100.0,0.0
CUST000950,2,3,10000,5000.0,2.5,3.0,2023-06-04,2024-12-24,48,Adult,Female,Chennai,Yes,1,1,Clothing,Running Shoes,HRX,6,False,Active,50.0,50.0,50.0
CUST000951,6,8,34208,5701.33,5.83,3.0,2023-02-05,2024-11-18,21,Young Adult,Female,Lucknow,No,0,4,Clothing,Boots,Max,42,False,Active,0.0,66.67,33.33
CUST000952,3,5,7641,2547.0,7.33,2.67,2023-04-20,2024-09-22,50,Adult,Female,Chennai,No,1,2,Clothing,Jacket,H&M,99,False,Active,33.33,66.67,33.33
CUST000953,1,1,613,613.0,2.0,3.0,2023-12-13,2023-12-13,59,Adult,Female,Bangalore,No,0,1,Clothing,Saree,Max,383,True,Inactive 270+ days,0.0,100.0,0.0
CUST000954,2,2,9711,4855.5,1.5,3.5,2023-03-04,2024-12-30,36,Adult,Male,Chandigarh,Yes,0,2,Accessories,Belt,FabIndia,0,False,Active,0.0,100.0,0.0
CUST000955,3,3,8924,2974.67,9.0,3.67,2023-05-29,2024-08-29,62,Adult,Male,Hyderabad,No,0,3,Clothing,Backpack,Biba,123,False,Active,0.0,100.0,0.0
CUST000956,2,2,6507,3253.5,5.5,4.0,2023-04-03,2023-09-26,19,Young Adult,Female,Mumbai,No,0,1,Clothing,Jeans,Allen Solly,461,True,Inactive 270+ days,0.0,50.0,50.0
CUST000957,5,9,35474,7094.8,7.2,3.4,2023-04-27,2024-12-02,55,Adult,Male,Bangalore,No,0,2,Footwear,Heels,Max,28,False,Active,0.0,40.0,60.0
CUST000958,2,2,874,437.0,13.5,3.5,2023-08-19,2024-01-27,30,Adult,Female,Bangalore,Yes,2,2,Accessories,Belt,HRX,338,True,Inactive 270+ days,100.0,100.0,0.0
CUST000959,1,1,3592,3592.0,0.0,4.0,2024-03-07,2024-03-07,39,Adult,Male,Surat,Yes,0,0,Accessories,Sunglasses,Tommy Hilfiger,298,True,Inactive 270+ days,0.0,0.0,100.0
CUST000960,1,1,1336,1336.0,11.0,4.0,2024-08-20,2024-08-20,33,Adult,Male,Mumbai,No,0,0,Clothing,Dress,Levis,132,False,Active,0.0,0.0,100.0
CUST000961,7,14,59079,8439.86,6.14,3.71,2023-06-29,2024-10-07,29,Adult,Male,Bangalore,Yes,3,4,Footwear,Formal Shoes,Max,84,False,Active,42.86,57.14,42.86
CUST000962,3,3,28421,9473.67,6.0,3.33,2024-02-08,2024-07-24,37,Adult,Female,Mumbai,No,1,3,Footwear,Sneakers,HRX,159,False,Active,33.33,100.0,0.0
CUST000963,2,4,23547,11773.5,13.5,3.5,2023-04-26,2023-08-30,53,Adult,Male,Mumbai,No,1,1,Accessories,Saree,FabIndia,488,True,Inactive 270+ days,50.0,50.0,50.0
CUST000965,1,1,447,447.0,6.0,1.0,2024-05-15,2024-05-15,56,Adult,Female,Bangalore,No,1,1,Clothing,T-shirt,HRX,229,False,Active,100.0,100.0,0.0
CUST000966,5,9,21650,4330.0,12.4,4.0,2023-01-16,2024-05-15,35,Adult,Male,Mumbai,No,2,4,Clothing,Hoodie,Adidas,229,False,Active,40.0,80.0,20.0
CUST000967,2,2,22465,11232.5,3.5,4.5,2023-07-29,2024-04-19,39,Adult,Male,Pune,No,0,2,Clothing,Kurta,FabIndia,255,False,Active,0.0,100.0,0.0
CUST000968,4,8,28340,7085.0,11.25,3.75,2023-08-03,2024-07-21,53,Adult,Female,Chennai,No,2,2,Clothing,Hoodie,Adidas,162,False,Active,50.0,50.0,50.0
CUST000969,4,7,16572,4143.0,14.5,2.75,2023-04-02,2024-11-02,35,Adult,Female,Kolkata,Yes,2,3,Clothing,Jeans,FabIndia,58,False,Active,50.0,75.0,25.0
CUST000970,4,4,6048,1512.0,5.5,2.75,2023-03-23,2024-12-25,22,Young Adult,Female,Chandigarh,Yes,2,2,Clothing,Kurta,Biba,5,False,Active,50.0,50.0,50.0
CUST000971,2,5,11149,5574.5,4.5,3.5,2024-05-03,2024-12-14,33,Adult,Female,Patna,Yes,0,1,Clothing,Saree,FabIndia,16,False,Active,0.0,50.0,50.0
CUST000972,5,5,37219,7443.8,14.6,3.4,2023-03-10,2024-10-31,34,Adult,Female,Lucknow,No,0,4,Clothing,Jacket,Adidas,60,False,Active,0.0,80.0,20.0
CUST000973,2,4,38635,19317.5,5.5,4.0,2023-11-10,2024-10-15,62,Adult,Female,Chandigarh,Yes,0,2,Accessories,Formal Shoes,Hush Puppies,76,False,Active,0.0,100.0,0.0
CUST000974,1,3,2557,2557.0,7.0,4.0,2023-11-23,2023-11-23,50,Adult,Male,Hyderabad,No,0,1,Accessories,Wallet,Tommy Hilfiger,403,True,Inactive 270+ days,0.0,100.0,0.0
CUST000975,2,2,3809,1904.5,7.0,3.5,2023-02-26,2023-09-02,63,Adult,Male,Chandigarh,No,1,2,Clothing,Kurta,Allen Solly,485,True,Inactive 270+ days,50.0,100.0,0.0
CUST000976,1,2,7218,7218.0,4.0,4.0,2023-01-02,2023-01-02,52,Adult,Female,Kochi,No,0,1,Clothing,Jacket,HRX,728,True,Inactive 270+ days,0.0,100.0,0.0
CUST000977,2,2,11521,5760.5,6.5,4.5,2024-04-28,2024-11-25,62,Adult,Other,Chandigarh,Yes,1,2,Accessories,Bag,Adidas,35,False,Active,50.0,100.0,0.0
CUST000978,2,2,6407,3203.5,7.5,3.5,2023-07-02,2024-12-09,61,Adult,Male,Indore,No,0,1,Accessories,Bag,Biba,21,False,Active,0.0,50.0,50.0
CUST000979,2,2,17914,8957.0,4.5,4.5,2023-05-26,2024-02-12,46,Adult,Male,Nagpur,No,0,2,Accessories,Backpack,Adidas,322,True,Inactive 270+ days,0.0,100.0,0.0
CUST000980,1,1,9647,9647.0,30.0,3.0,2024-10-27,2024-10-27,18,Young Adult,Male,Lucknow,No,0,1,Accessories,Bag,Tommy Hilfiger,64,False,Active,0.0,100.0,0.0
CUST000981,1,1,3952,3952.0,14.0,4.0,2023-03-22,2023-03-22,46,Adult,Female,Chandigarh,No,0,1,Clothing,Kurta,FabIndia,649,True,Inactive 270+ days,0.0,100.0,0.0
CUST000982,4,5,17537,4384.25,7.75,3.25,2023-05-16,2024-08-02,50,Adult,Female,Hyderabad,No,1,3,Footwear,Boots,Bata,150,False,Active,25.0,75.0,25.0
CUST000983,2,4,48425,24212.5,6.5,4.0,2023-10-15,2023-12-12,29,Adult,Female,Gurgaon,No,0,1,Clothing,Sneakers,Adidas,384,True,Inactive 270+ days,0.0,50.0,50.0
CUST000984,2,3,5215,2607.5,15.5,3.0,2023-10-28,2024-03-25,36,Adult,Female,Kolkata,No,0,0,Clothing,Boots,Bata,280,True,Inactive 270+ days,0.0,0.0,100.0
CUST000985,4,5,57457,14364.25,15.25,3.25,2023-01-05,2024-11-22,39,Adult,Male,Lucknow,No,1,2,Footwear,Sneakers,Nike,38,False,Active,25.0,50.0,50.0
CUST000986,3,5,8835,2945.0,4.0,3.0,2023-03-22,2024-02-02,36,Adult,Male,Chandigarh,No,0,2,Footwear,Backpack,Zara,332,True,Inactive 270+ days,0.0,66.67,33.33
CUST000987,3,5,12432,4144.0,8.33,3.33,2024-03-11,2024-08-22,43,Adult,Male,Kolkata,No,0,2,Clothing,Dress,HRX,130,False,Active,0.0,66.67,33.33
CUST000988,4,6,16641,4160.25,10.5,3.75,2023-04-28,2024-10-02,36,Adult,Female,Bhubaneswar,No,1,4,Footwear,Boots,Hush Puppies,89,False,Active,25.0,100.0,0.0
CUST000989,3,3,9968,3322.67,3.33,3.67,2023-07-03,2024-12-30,43,Adult,Male,Indore,Yes,1,2,Clothing,Jacket,Adidas,0,False,Active,33.33,66.67,33.33
CUST000990,4,7,29594,7398.5,9.25,3.0,2023-12-31,2024-12-13,36,Adult,Female,Patna,No,1,4,Clothing,Backpack,FabIndia,17,False,Active,25.0,100.0,0.0
CUST000991,5,5,33164,6632.8,7.2,2.8,2023-01-04,2024-09-25,59,Adult,Male,Hyderabad,No,1,4,Clothing,Cap,Adidas,96,False,Active,20.0,80.0,20.0
CUST000993,1,4,47132,47132.0,5.0,4.0,2023-12-10,2023-12-10,42,Adult,Female,Kochi,No,0,1,Footwear,Running Shoes,Nike,386,True,Inactive 270+ days,0.0,100.0,0.0
CUST000994,3,3,3868,1289.33,16.33,4.33,2023-06-21,2023-08-14,54,Adult,Male,Nagpur,Yes,0,1,Clothing,Hoodie,HRX,504,True,Inactive 270+ days,0.0,33.33,66.67
CUST000995,3,4,11843,3947.67,7.67,2.67,2023-01-09,2023-05-25,21,Young Adult,Male,Noida,No,1,3,Clothing,Jeans,Allen Solly,585,True,Inactive 270+ days,33.33,100.0,0.0
CUST000996,4,9,7724,1931.0,7.25,3.5,2023-05-21,2024-10-27,28,Adult,Male,Delhi,Yes,1,4,Footwear,Cap,Bata,64,False,Active,25.0,100.0,0.0
CUST000997,3,5,21956,7318.67,11.33,3.33,2023-02-01,2024-12-26,45,Adult,Female,Bhubaneswar,Yes,1,2,Clothing,Heels,Levis,4,False,Active,33.33,66.67,33.33
CUST000998,1,1,2094,2094.0,9.0,3.0,2024-06-12,2024-06-12,47,Adult,Female,Hyderabad,No,0,1,Clothing,Saree,Max,201,False,Active,0.0,100.0,0.0
CUST000999,2,3,2759,1379.5,8.0,3.5,2023-12-02,2024-07-03,46,Adult,Female,Patna,No,0,2,Accessories,Belt,Fastrack,180,False,Active,0.0,100.0,0.0
CUST001000,2,3,18586,9293.0,11.0,4.5,2023-03-31,2024-10-02,55,Adult,Male,Lucknow,No,0,2,Footwear,Boots,Hush Puppies,89,False,Active,0.0,100.0,0.0
CUST001002,3,6,70849,23616.33,6.67,3.33,2023-02-16,2024-10-14,35,Adult,Male,Bangalore,No,1,3,Accessories,Kurta,FabIndia,77,False,Active,33.33,100.0,0.0
CUST001003,1,4,19484,19484.0,7.0,3.0,2023-04-28,2023-04-28,55,Adult,Female,Chennai,Yes,0,0,Accessories,Sunglasses,Fastrack,612,True,Inactive 270+ days,0.0,0.0,100.0
CUST001004,1,1,1988,1988.0,15.0,3.0,2024-10-28,2024-10-28,51,Adult,Male,Pune,Yes,0,1,Accessories,Sunglasses,Wildcraft,63,False,Active,0.0,100.0,0.0
CUST001006,3,4,25299,8433.0,5.33,3.67,2023-01-03,2024-03-30,25,Young Adult,Male,Bhubaneswar,Yes,1,2,Clothing,Dress,Adidas,275,True,Inactive 270+ days,33.33,66.67,33.33
CUST001007,2,2,5272,2636.0,4.5,4.5,2023-07-06,2023-12-04,60,Adult,Female,Patna,Yes,0,1,Accessories,Bag,Bata,392,True,Inactive 270+ days,0.0,50.0,50.0
CUST001008,3,3,11890,3963.33,10.33,4.0,2023-06-15,2024-07-07,46,Adult,Male,Lucknow,No,0,3,Clothing,Bag,Adidas,176,False,Active,0.0,100.0,0.0
CUST001009,4,7,15745,3936.25,10.5,2.75,2023-01-14,2024-11-09,54,Adult,Male,Nagpur,No,1,2,Footwear,Boots,Bata,51,False,Active,25.0,50.0,50.0
CUST001011,5,5,19126,3825.2,10.6,3.0,2023-10-21,2024-09-09,47,Adult,Male,Ahmedabad,No,2,3,Clothing,Hoodie,Nike,112,False,Active,40.0,60.0,40.0
CUST001012,4,5,6869,1717.25,5.5,2.5,2023-06-10,2024-04-02,43,Adult,Other,Kolkata,No,2,3,Accessories,Belt,Fastrack,272,True,Inactive 270+ days,50.0,75.0,25.0
CUST001013,1,2,5653,5653.0,8.0,3.0,2023-01-07,2023-01-07,25,Young Adult,Female,Bhubaneswar,No,1,1,Clothing,Saree,Max,723,True,Inactive 270+ days,100.0,100.0,0.0
CUST001014,2,2,2091,1045.5,0.5,3.5,2023-02-25,2023-10-30,47,Adult,Female,Chennai,Yes,1,1,Clothing,Slippers,Allen Solly,427,True,Inactive 270+ days,50.0,50.0,50.0
CUST001015,4,9,19230,4807.5,6.75,3.25,2023-07-10,2024-05-08,47,Adult,Male,Delhi,No,0,3,Clothing,Dress,Biba,236,False,Active,0.0,75.0,25.0
CUST001016,5,9,22810,4562.0,10.0,3.6,2024-02-10,2024-09-05,46,Adult,Male,Lucknow,No,0,4,Clothing,Dress,Allen Solly,116,False,Active,0.0,80.0,20.0
CUST001018,3,4,11537,3845.67,12.0,4.0,2023-08-06,2024-10-12,61,Adult,Female,Chennai,No,0,2,Accessories,Backpack,Levis,79,False,Active,0.0,66.67,33.33
CUST001019,6,8,44707,7451.17,17.5,3.33,2023-01-29,2024-10-12,28,Adult,Female,Surat,Yes,1,5,Footwear,Running Shoes,Nike,79,False,Active,16.67,83.33,16.67
CUST001020,1,1,8462,8462.0,0.0,4.0,2023-01-11,2023-01-11,46,Adult,Male,Mumbai,No,0,1,Accessories,Sunglasses,Tommy Hilfiger,719,True,Inactive 270+ days,0.0,100.0,0.0
CUST001021,1,1,9828,9828.0,13.0,3.0,2024-12-28,2024-12-28,42,Adult,Male,Nagpur,No,0,1,Footwear,Running Shoes,HRX,2,False,Active,0.0,100.0,0.0
CUST001022,5,8,70363,14072.6,15.6,3.2,2023-04-20,2024-04-10,49,Adult,Male,Noida,No,0,5,Footwear,Boots,HRX,264,False,Active,0.0,100.0,0.0
CUST001023,3,4,11830,3943.33,14.33,3.67,2024-03-25,2024-11-08,39,Adult,Male,Visakhapatnam,No,0,1,Clothing,Kurta,Adidas,52,False,Active,0.0,33.33,66.67
CUST001024,6,12,42649,7108.17,5.33,3.17,2023-02-12,2024-07-09,27,Adult,Female,Lucknow,No,1,5,Footwear,Running Shoes,Max,174,False,Active,16.67,83.33,16.67
CUST001025,3,3,18678,6226.0,6.0,3.67,2023-05-18,2024-03-26,64,Adult,Male,Bangalore,Yes,0,3,Footwear,Boots,Bata,279,True,Inactive 270+ days,0.0,100.0,0.0
CUST001026,3,4,3672,1224.0,20.33,4.0,2023-01-08,2023-10-21,23,Young Adult,Male,Kochi,No,0,2,Clothing,T-shirt,Nike,436,True,Inactive 270+ days,0.0,66.67,33.33
CUST001027,4,8,73676,18419.0,12.0,3.0,2024-06-27,2024-12-23,20,Young Adult,Male,Gurgaon,No,0,3,Clothing,Saree,Adidas,7,False,Active,0.0,75.0,25.0
CUST001028,3,3,7746,2582.0,7.0,4.0,2023-11-24,2023-12-23,38,Adult,Male,Chandigarh,No,0,2,Accessories,Jacket,Bata,373,True,Inactive 270+ days,0.0,66.67,33.33
CUST001029,2,4,13182,6591.0,6.5,4.0,2023-07-13,2024-06-17,20,Young Adult,Female,Patna,No,0,2,Clothing,Jacket,Adidas,196,False,Active,0.0,100.0,0.0
CUST001030,7,10,84947,12135.29,8.86,4.0,2023-03-16,2024-12-10,24,Young Adult,Male,Kochi,No,1,7,Clothing,Sneakers,Adidas,20,False,Active,14.29,100.0,0.0
CUST001031,1,1,1906,1906.0,36.0,3.0,2024-01-11,2024-01-11,54,Adult,Male,Bangalore,No,0,1,Accessories,Belt,Levis,354,True,Inactive 270+ days,0.0,100.0,0.0
CUST001032,1,1,4605,4605.0,0.0,4.0,2024-04-15,2024-04-15,42,Adult,Female,Noida,No,0,0,Clothing,Jacket,H&M,259,False,Active,0.0,0.0,100.0
CUST001033,3,5,50931,16977.0,12.33,3.0,2023-03-30,2024-12-26,53,Adult,Male,Indore,No,1,2,Footwear,Heels,Adidas,4,False,Active,33.33,66.67,33.33
CUST001034,3,3,6749,2249.67,5.67,3.33,2023-10-24,2024-05-06,60,Adult,Male,Kolkata,Yes,1,3,Clothing,Formal Shoes,Max,238,False,Active,33.33,100.0,0.0
CUST001035,3,4,14074,4691.33,3.67,4.0,2023-03-05,2023-12-07,35,Adult,Female,Bhubaneswar,No,0,3,Accessories,Sneakers,HRX,389,True,Inactive 270+ days,0.0,100.0,0.0
CUST001036,3,7,14318,4772.67,4.33,3.33,2023-03-13,2024-04-11,57,Adult,Female,Chennai,Yes,0,1,Footwear,Formal Shoes,Max,263,False,Active,0.0,33.33,66.67
CUST001037,2,3,11543,5771.5,8.0,2.5,2024-04-22,2024-10-20,51,Adult,Male,Chandigarh,No,1,2,Clothing,Saree,Biba,71,False,Active,50.0,100.0,0.0
CUST001038,3,4,9680,3226.67,16.33,3.33,2023-06-04,2024-10-15,30,Adult,Male,Gurgaon,Yes,1,1,Accessories,Backpack,Adidas,76,False,Active,33.33,33.33,66.67
CUST001039,3,4,51227,17075.67,5.0,2.67,2023-05-27,2024-04-19,19,Young Adult,Female,Kolkata,No,1,3,Clothing,Saree,Biba,255,False,Active,33.33,100.0,0.0
CUST001040,1,1,8916,8916.0,14.0,5.0,2024-03-04,2024-03-04,64,Adult,Male,Lucknow,No,0,1,Clothing,Saree,Biba,301,True,Inactive 270+ days,0.0,100.0,0.0
CUST001041,5,6,13703,2740.6,6.8,3.4,2023-03-30,2024-07-30,36,Adult,Other,Patna,No,0,3,Clothing,Kurta,Biba,153,False,Active,0.0,60.0,40.0
CUST001042,3,3,22115,7371.67,5.0,4.0,2024-03-05,2024-10-25,61,Adult,Female,Chennai,No,0,2,Clothing,Saree,FabIndia,66,False,Active,0.0,66.67,33.33
CUST001043,4,6,37729,9432.25,7.0,3.25,2023-08-02,2024-10-10,35,Adult,Female,Chennai,No,1,3,Clothing,Bag,Biba,81,False,Active,25.0,75.0,25.0
CUST001044,4,5,20138,5034.5,6.5,3.5,2023-02-02,2024-12-22,54,Adult,Female,Mumbai,No,0,2,Clothing,Backpack,Max,8,False,Active,0.0,50.0,50.0
CUST001045,2,5,29307,14653.5,7.0,4.0,2023-10-31,2024-11-18,40,Adult,Female,Nagpur,No,0,2,Footwear,Slippers,Adidas,42,False,Active,0.0,100.0,0.0
CUST001046,4,4,16393,4098.25,8.25,3.5,2023-06-03,2024-05-16,62,Adult,Male,Jaipur,No,0,3,Accessories,Bag,Fastrack,228,False,Active,0.0,75.0,25.0
CUST001047,1,1,14830,14830.0,14.0,4.0,2023-12-06,2023-12-06,43,Adult,Female,Delhi,Yes,0,1,Footwear,Running Shoes,Nike,390,True,Inactive 270+ days,0.0,100.0,0.0
CUST001048,1,2,4552,4552.0,5.0,4.0,2023-10-10,2023-10-10,40,Adult,Female,Kolkata,No,1,1,Clothing,Saree,Max,447,True,Inactive 270+ days,100.0,100.0,0.0
CUST001049,2,2,7344,3672.0,4.5,4.0,2023-03-12,2023-04-08,38,Adult,Male,Kolkata,Yes,1,1,Clothing,Boots,Bata,632,True,Inactive 270+ days,50.0,50.0,50.0
CUST001050,2,2,6538,3269.0,9.0,4.0,2023-08-03,2023-10-18,64,Adult,Male,Bangalore,No,0,2,Accessories,Belt,Allen Solly,439,True,Inactive 270+ days,0.0,100.0,0.0
CUST001051,2,4,7564,3782.0,4.0,3.0,2024-03-11,2024-09-02,44,Adult,Male,Delhi,No,1,0,Clothing,Shorts,HRX,119,False,Active,50.0,0.0,100.0
CUST001052,1,1,10016,10016.0,4.0,3.0,2024-12-05,2024-12-05,48,Adult,Male,Chandigarh,No,0,0,Footwear,Sneakers,Adidas,25,False,Active,0.0,0.0,100.0
CUST001053,1,2,15820,15820.0,3.0,3.0,2024-01-24,2024-01-24,40,Adult,Male,Noida,No,1,1,Accessories,Sunglasses,Tommy Hilfiger,341,True,Inactive 270+ days,100.0,100.0,0.0
CUST001054,7,12,27273,3896.14,5.43,3.29,2023-02-01,2024-08-19,42,Adult,Male,Delhi,No,2,5,Footwear,Kurta,Max,133,False,Active,28.57,71.43,28.57
CUST001055,4,4,36033,9008.25,11.25,3.5,2023-06-06,2024-10-05,55,Adult,Male,Indore,No,1,4,Clothing,Jacket,Adidas,86,False,Active,25.0,100.0,0.0
CUST001056,5,6,55085,11017.0,7.6,3.6,2023-03-09,2024-10-18,52,Adult,Male,Bhubaneswar,No,0,4,Footwear,Backpack,Puma,73,False,Active,0.0,80.0,20.0
CUST001057,2,2,19085,9542.5,2.5,4.0,2023-04-19,2024-06-17,41,Adult,Female,Chennai,Yes,0,2,Footwear,Formal Shoes,Zara,196,False,Active,0.0,100.0,0.0
CUST001058,6,7,35909,5984.83,7.17,3.5,2023-03-18,2024-04-16,60,Adult,Female,Nagpur,No,1,4,Clothing,Trousers,Adidas,258,False,Active,16.67,66.67,33.33
CUST001059,4,7,18005,4501.25,5.0,3.75,2023-07-24,2024-07-12,40,Adult,Male,Nagpur,Yes,1,3,Footwear,Heels,Biba,171,False,Active,25.0,75.0,25.0
CUST001060,1,1,3964,3964.0,3.0,4.0,2023-02-08,2023-02-08,18,Young Adult,Male,Chennai,Yes,0,0,Clothing,Jacket,Nike,691,True,Inactive 270+ days,0.0,0.0,100.0
CUST001061,3,8,16263,5421.0,9.67,3.67,2024-01-28,2024-08-20,57,Adult,Male,Mumbai,No,1,3,Clothing,Cap,Levis,132,False,Active,33.33,100.0,0.0
CUST001062,5,6,16139,3227.8,10.4,3.2,2023-04-13,2024-12-15,23,Young Adult,Female,Kochi,No,2,4,Clothing,Bag,Bata,15,False,Active,40.0,80.0,20.0
CUST001063,4,4,11462,2865.5,8.5,3.25,2023-07-14,2024-12-08,56,Adult,Female,Bangalore,No,2,4,Accessories,Backpack,Wildcraft,22,False,Active,50.0,100.0,0.0
CUST001065,3,3,10562,3520.67,13.0,3.67,2023-04-08,2024-11-21,57,Adult,Female,Delhi,Yes,1,3,Accessories,Backpack,FabIndia,39,False,Active,33.33,100.0,0.0
CUST001066,1,1,3893,3893.0,6.0,3.0,2023-10-03,2023-10-03,33,Adult,Male,Gurgaon,No,0,1,Clothing,Dress,Allen Solly,454,True,Inactive 270+ days,0.0,100.0,0.0
CUST001067,5,8,30526,6105.2,7.0,3.4,2023-05-21,2024-12-05,37,Adult,Female,Lucknow,No,0,5,Clothing,Hoodie,Adidas,25,False,Active,0.0,100.0,0.0
CUST001068,2,3,11641,5820.5,4.0,3.0,2023-08-29,2024-09-03,21,Young Adult,Other,Bangalore,Yes,0,2,Clothing,Hoodie,Adidas,118,False,Active,0.0,100.0,0.0
CUST001069,3,3,7876,2625.33,5.0,4.0,2023-12-07,2024-09-11,25,Young Adult,Female,Patna,Yes,0,3,Clothing,Heels,Biba,110,False,Active,0.0,100.0,0.0
CUST001070,4,5,22126,5531.5,9.5,3.0,2023-03-16,2024-12-04,28,Adult,Male,Bangalore,No,1,4,Clothing,Kurta,Adidas,26,False,Active,25.0,100.0,0.0
CUST001071,3,3,13711,4570.33,6.0,3.0,2023-03-13,2024-09-26,29,Adult,Male,Delhi,No,0,2,Footwear,Formal Shoes,Max,95,False,Active,0.0,66.67,33.33
CUST001072,3,4,42069,14023.0,7.67,3.0,2023-10-05,2024-11-03,40,Adult,Female,Ahmedabad,Yes,0,2,Clothing,Jacket,Adidas,57,False,Active,0.0,66.67,33.33
CUST001073,6,6,21942,3657.0,10.17,3.83,2023-01-26,2024-09-28,31,Adult,Male,Visakhapatnam,No,2,4,Accessories,Boots,Levis,93,False,Active,33.33,66.67,33.33
CUST001074,1,1,1498,1498.0,1.0,1.0,2024-05-11,2024-05-11,48,Adult,Other,Jaipur,Yes,0,1,Clothing,Trousers,Max,233,False,Active,0.0,100.0,0.0
CUST001075,4,5,23641,5910.25,5.5,2.75,2023-06-24,2024-05-18,19,Young Adult,Other,Ahmedabad,No,0,4,Clothing,Boots,HRX,226,False,Active,0.0,100.0,0.0
CUST001076,1,1,856,856.0,11.0,4.0,2023-05-01,2023-05-01,52,Adult,Male,Gurgaon,No,1,1,Clothing,Shorts,Levis,609,True,Inactive 270+ days,100.0,100.0,0.0
CUST001077,6,7,50087,8347.83,6.83,3.33,2023-01-13,2024-12-19,39,Adult,Male,Bhubaneswar,No,1,5,Clothing,Kurta,FabIndia,11,False,Active,16.67,83.33,16.67
CUST001078,3,6,14661,4887.0,8.0,4.0,2023-03-08,2024-11-27,21,Young Adult,Female,Jaipur,No,0,2,Footwear,Heels,Adidas,33,False,Active,0.0,66.67,33.33
CUST001079,1,1,1251,1251.0,8.0,3.0,2023-06-18,2023-06-18,36,Adult,Female,Ahmedabad,Yes,0,0,Accessories,Cap,Puma,561,True,Inactive 270+ days,0.0,0.0,100.0
CUST001080,1,2,5030,5030.0,11.0,3.0,2024-12-28,2024-12-28,42,Adult,Female,Chandigarh,No,0,1,Footwear,Heels,Max,2,False,Active,0.0,100.0,0.0
CUST001081,5,10,38347,7669.4,6.6,3.6,2023-07-20,2024-12-29,45,Adult,Female,Bhubaneswar,No,2,5,Clothing,Saree,Adidas,1,False,Active,40.0,100.0,0.0
CUST001082,3,8,28218,9406.0,8.67,4.33,2023-06-04,2024-12-14,30,Adult,Female,Bangalore,No,0,3,Footwear,Boots,Adidas,16,False,Active,0.0,100.0,0.0
CUST001083,1,2,1083,1083.0,6.0,5.0,2024-04-27,2024-04-27,23,Young Adult,Female,Kochi,No,1,1,Accessories,Belt,Levis,247,False,Active,100.0,100.0,0.0
CUST001084,1,1,5997,5997.0,1.0,2.0,2024-10-20,2024-10-20,34,Adult,Female,Indore,No,0,1,Accessories,Sunglasses,Wildcraft,71,False,Active,0.0,100.0,0.0
CUST001085,2,4,8783,4391.5,8.0,3.0,2023-02-07,2023-04-04,51,Adult,Male,Indore,No,1,2,Accessories,Backpack,Fastrack,636,True,Inactive 270+ days,50.0,100.0,0.0
CUST001086,1,1,3678,3678.0,12.0,4.0,2024-12-26,2024-12-26,43,Adult,Male,Ahmedabad,No,0,1,Clothing,Jacket,Puma,4,False,Active,0.0,100.0,0.0
CUST001087,2,4,28420,14210.0,2.5,3.5,2024-03-19,2024-03-21,37,Adult,Male,Ahmedabad,Yes,0,1,Clothing,Running Shoes,Adidas,284,True,Inactive 270+ days,0.0,50.0,50.0
CUST001088,4,4,11580,2895.0,10.25,4.0,2023-05-13,2024-10-21,46,Adult,Female,Pune,No,0,3,Clothing,Heels,Adidas,70,False,Active,0.0,75.0,25.0
CUST001089,4,5,18542,4635.5,7.25,3.0,2023-02-16,2024-01-06,62,Adult,Male,Chennai,No,0,2,Clothing,Boots,Adidas,359,True,Inactive 270+ days,0.0,50.0,50.0
CUST001090,3,4,6547,2182.33,11.0,4.0,2023-01-10,2024-05-22,40,Adult,Male,Indore,No,1,2,Footwear,Sandals,Adidas,222,False,Active,33.33,66.67,33.33
CUST001091,1,2,4420,4420.0,5.0,5.0,2023-06-03,2023-06-03,53,Adult,Female,Noida,No,0,1,Clothing,Dress,Zara,576,True,Inactive 270+ days,0.0,100.0,0.0
CUST001092,3,6,25705,8568.33,8.67,3.0,2023-05-26,2024-11-28,49,Adult,Female,Lucknow,Yes,0,3,Accessories,Sneakers,HRX,32,False,Active,0.0,100.0,0.0
CUST001093,5,5,14112,2822.4,18.4,3.8,2023-11-30,2024-10-16,31,Adult,Female,Noida,No,0,4,Clothing,Boots,Max,75,False,Active,0.0,80.0,20.0
CUST001094,2,3,4771,2385.5,10.5,3.5,2024-04-04,2024-05-26,40,Adult,Female,Patna,No,1,2,Accessories,Bag,Nike,218,False,Active,50.0,100.0,0.0
CUST001095,3,6,15255,5085.0,11.67,4.0,2023-03-31,2024-10-05,32,Adult,Female,Chandigarh,No,0,2,Clothing,Belt,Levis,86,False,Active,0.0,66.67,33.33
CUST001096,1,2,7023,7023.0,19.0,3.0,2024-08-20,2024-08-20,58,Adult,Male,Chandigarh,No,0,1,Clothing,Jacket,HRX,132,False,Active,0.0,100.0,0.0
CUST001097,3,3,17991,5997.0,18.67,3.33,2023-01-09,2024-01-08,30,Adult,Other,Lucknow,No,0,1,Footwear,Heels,Hush Puppies,357,True,Inactive 270+ days,0.0,33.33,66.67
CUST001098,6,7,14723,2453.83,9.5,2.67,2023-02-05,2024-11-25,46,Adult,Female,Ahmedabad,No,0,5,Clothing,Shorts,Max,35,False,Active,0.0,83.33,16.67
CUST001099,2,2,11305,5652.5,14.5,3.0,2023-04-08,2023-04-22,42,Adult,Male,Chandigarh,No,1,2,Clothing,Sandals,FabIndia,618,True,Inactive 270+ days,50.0,100.0,0.0
CUST001100,4,6,33510,8377.5,7.75,2.75,2023-08-12,2024-04-24,34,Adult,Male,Gurgaon,No,0,3,Clothing,Boots,Adidas,250,False,Active,0.0,75.0,25.0
CUST001101,7,8,24496,3499.43,12.14,3.29,2023-03-03,2024-08-02,39,Adult,Male,Nagpur,No,3,5,Clothing,Saree,Max,150,False,Active,42.86,71.43,28.57
CUST001102,3,3,19721,6573.67,6.67,3.33,2023-03-08,2023-07-01,60,Adult,Male,Mumbai,No,0,1,Footwear,Jacket,HRX,548,True,Inactive 270+ days,0.0,33.33,66.67
CUST001104,1,2,5434,5434.0,4.0,2.0,2023-05-17,2023-05-17,37,Adult,Male,Bhubaneswar,Yes,0,1,Clothing,T-shirt,Nike,593,True,Inactive 270+ days,0.0,100.0,0.0
CUST001105,2,3,60036,30018.0,8.5,4.0,2024-02-27,2024-05-13,22,Young Adult,Female,Mumbai,Yes,0,1,Footwear,Sneakers,Adidas,231,False,Active,0.0,50.0,50.0
CUST001106,1,1,2674,2674.0,3.0,3.0,2023-09-14,2023-09-14,39,Adult,Female,Mumbai,Yes,0,0,Clothing,Saree,Max,473,True,Inactive 270+ days,0.0,0.0,100.0
CUST001107,3,3,13121,4373.67,6.67,3.33,2023-10-15,2024-07-04,63,Adult,Female,Ahmedabad,No,2,3,Clothing,Cap,Adidas,179,False,Active,66.67,100.0,0.0
CUST001108,5,8,24931,4986.2,4.8,3.0,2023-02-13,2024-01-11,18,Young Adult,Male,Pune,Yes,0,4,Accessories,Bag,Max,354,True,Inactive 270+ days,0.0,80.0,20.0
CUST001109,3,5,19020,6340.0,7.67,4.67,2023-09-08,2024-10-02,60,Adult,Female,Chennai,No,0,2,Clothing,Jacket,FabIndia,89,False,Active,0.0,66.67,33.33
CUST001110,4,5,41220,10305.0,13.0,3.75,2023-01-05,2024-05-19,53,Adult,Female,Nagpur,Yes,1,3,Footwear,Cap,Adidas,225,False,Active,25.0,75.0,25.0
CUST001111,1,2,3060,3060.0,8.0,2.0,2023-07-27,2023-07-27,59,Adult,Male,Noida,No,0,1,Clothing,Jacket,HRX,522,True,Inactive 270+ days,0.0,100.0,0.0
CUST001112,1,1,2508,2508.0,1.0,4.0,2023-08-28,2023-08-28,30,Adult,Female,Indore,No,0,1,Clothing,Shorts,Levis,490,True,Inactive 270+ days,0.0,100.0,0.0
CUST001113,5,10,41626,8325.2,4.4,3.6,2023-01-04,2024-09-11,34,Adult,Female,Bhubaneswar,Yes,1,5,Clothing,Jeans,Adidas,110,False,Active,20.0,100.0,0.0
CUST001114,2,2,10398,5199.0,15.5,4.0,2023-09-14,2023-11-11,21,Young Adult,Other,Surat,No,0,1,Clothing,Kurta,Biba,415,True,Inactive 270+ days,0.0,50.0,50.0
CUST001115,4,5,41181,10295.25,25.75,2.75,2023-01-31,2024-10-15,18,Young Adult,Female,Noida,No,0,4,Footwear,Belt,Adidas,76,False,Active,0.0,100.0,0.0
CUST001116,4,5,57108,14277.0,4.5,3.5,2023-06-05,2024-12-05,46,Adult,Female,Patna,No,1,4,Clothing,Running Shoes,Adidas,25,False,Active,25.0,100.0,0.0
CUST001117,1,2,65177,65177.0,3.0,4.0,2024-09-19,2024-09-19,59,Adult,Male,Bhubaneswar,Yes,0,1,Footwear,Sneakers,Nike,102,False,Active,0.0,100.0,0.0
CUST001118,1,1,5752,5752.0,1.0,4.0,2023-06-29,2023-06-29,41,Adult,Male,Chandigarh,No,0,0,Footwear,Running Shoes,Puma,550,True,Inactive 270+ days,0.0,0.0,100.0
CUST001119,3,3,3424,1141.33,6.67,3.0,2023-02-13,2024-08-13,41,Adult,Female,Ahmedabad,Yes,1,2,Clothing,Jeans,Allen Solly,139,False,Active,33.33,66.67,33.33
CUST001122,2,2,12068,6034.0,9.0,3.5,2023-03-20,2023-08-09,34,Adult,Male,Lucknow,No,0,1,Clothing,Boots,Zara,509,True,Inactive 270+ days,0.0,50.0,50.0
CUST001123,1,1,3326,3326.0,5.0,5.0,2023-04-07,2023-04-07,36,Adult,Male,Mumbai,No,0,1,Clothing,Kurta,FabIndia,633,True,Inactive 270+ days,0.0,100.0,0.0
CUST001124,2,2,32293,16146.5,18.5,4.0,2023-10-27,2024-03-27,18,Young Adult,Female,Kochi,Yes,0,1,Footwear,Running Shoes,Nike,278,True,Inactive 270+ days,0.0,50.0,50.0
CUST001125,3,5,13969,4656.33,7.33,3.67,2023-02-20,2024-02-09,18,Young Adult,Male,Nagpur,Yes,0,2,Clothing,Jacket,Levis,325,True,Inactive 270+ days,0.0,66.67,33.33
CUST001126,3,7,27226,9075.33,6.0,3.0,2023-10-02,2024-04-11,57,Adult,Male,Chennai,No,1,3,Clothing,Boots,Bata,263,False,Active,33.33,100.0,0.0
CUST001127,1,2,876,876.0,11.0,3.0,2023-05-19,2023-05-19,34,Adult,Female,Ahmedabad,Yes,0,1,Accessories,Socks,Puma,591,True,Inactive 270+ days,0.0,100.0,0.0
CUST001128,1,1,1787,1787.0,10.0,3.0,2024-11-25,2024-11-25,32,Adult,Female,Kolkata,No,0,1,Clothing,Kurta,Biba,35,False,Active,0.0,100.0,0.0
CUST001129,2,2,18207,9103.5,8.5,5.0,2023-05-01,2023-05-28,19,Young Adult,Male,Noida,No,0,1,Clothing,Running Shoes,Puma,582,True,Inactive 270+ days,0.0,50.0,50.0
CUST001130,6,7,35228,5871.33,4.83,3.67,2023-06-02,2024-12-28,37,Adult,Female,Lucknow,No,2,4,Clothing,Saree,Max,2,False,Active,33.33,66.67,33.33
CUST001131,1,2,2596,2596.0,8.0,4.0,2023-09-20,2023-09-20,35,Adult,Male,Chennai,Yes,1,0,Clothing,Shorts,Adidas,467,True,Inactive 270+ days,100.0,0.0,100.0
CUST001132,7,10,34158,4879.71,7.43,3.29,2023-02-20,2024-08-13,30,Adult,Female,Jaipur,No,0,6,Footwear,Running Shoes,Fastrack,139,False,Active,0.0,85.71,14.29
CUST001133,4,9,18079,4519.75,7.5,4.5,2023-04-25,2024-05-06,32,Adult,Female,Visakhapatnam,Yes,1,3,Accessories,Belt,Adidas,238,False,Active,25.0,75.0,25.0
CUST001134,4,6,25370,6342.5,8.25,3.5,2024-03-24,2024-08-23,50,Adult,Female,Kochi,No,1,2,Clothing,Sneakers,Adidas,129,False,Active,25.0,50.0,50.0
CUST001135,1,1,4050,4050.0,9.0,3.0,2024-12-01,2024-12-01,43,Adult,Female,Hyderabad,Yes,1,0,Footwear,Sneakers,HRX,29,False,Active,100.0,0.0,100.0
CUST001136,1,2,39171,39171.0,27.0,3.0,2023-08-14,2023-08-14,50,Adult,Female,Ahmedabad,No,0,0,Footwear,Sneakers,Puma,504,True,Inactive 270+ days,0.0,0.0,100.0
CUST001137,8,14,55888,6986.0,10.38,3.75,2023-01-20,2024-10-30,60,Adult,Male,Chennai,No,2,6,Footwear,T-shirt,Hush Puppies,61,False,Active,25.0,75.0,25.0
CUST001138,5,7,31975,6395.0,8.2,2.6,2023-05-14,2024-11-03,49,Adult,Female,Bangalore,Yes,0,5,Accessories,Backpack,Fastrack,57,False,Active,0.0,100.0,0.0
CUST001139,5,8,64363,12872.6,11.4,3.4,2023-02-18,2024-11-15,47,Adult,Female,Noida,No,0,2,Clothing,Heels,Max,45,False,Active,0.0,40.0,60.0
CUST001140,5,5,26839,5367.8,7.0,3.2,2023-05-12,2024-09-28,64,Adult,Male,Jaipur,No,2,4,Clothing,Hoodie,Nike,93,False,Active,40.0,80.0,20.0
CUST001141,3,5,37301,12433.67,13.0,3.67,2023-11-09,2024-10-25,49,Adult,Male,Noida,Yes,0,2,Footwear,Formal Shoes,Zara,66,False,Active,0.0,66.67,33.33
CUST001142,2,2,5429,2714.5,6.0,3.0,2023-06-07,2024-11-21,19,Young Adult,Male,Surat,No,0,1,Clothing,Sandals,Hush Puppies,39,False,Active,0.0,50.0,50.0
CUST001143,1,1,1225,1225.0,2.0,3.0,2023-03-19,2023-03-19,40,Adult,Male,Chennai,No,0,1,Clothing,Kurta,FabIndia,652,True,Inactive 270+ days,0.0,100.0,0.0
CUST001144,4,4,8414,2103.5,10.0,3.75,2023-01-29,2024-12-01,54,Adult,Male,Kochi,Yes,0,4,Clothing,Saree,Biba,29,False,Active,0.0,100.0,0.0
CUST001145,6,10,26730,4455.0,8.83,3.67,2023-01-14,2024-11-28,34,Adult,Male,Mumbai,No,1,3,Clothing,Formal Shoes,Allen Solly,32,False,Active,16.67,50.0,50.0
CUST001146,1,2,13622,13622.0,6.0,3.0,2023-07-19,2023-07-19,41,Adult,Male,Noida,Yes,0,0,Footwear,Running Shoes,HRX,530,True,Inactive 270+ days,0.0,0.0,100.0
CUST001147,2,2,6971,3485.5,16.5,4.5,2023-12-30,2024-08-11,47,Adult,Male,Indore,Yes,0,0,Accessories,Kurta,Max,141,False,Active,0.0,0.0,100.0
CUST001148,1,2,4091,4091.0,12.0,3.0,2024-01-07,2024-01-07,46,Adult,Female,Kolkata,No,0,1,Footwear,Heels,Bata,358,True,Inactive 270+ days,0.0,100.0,0.0
CUST001149,1,1,3359,3359.0,14.0,3.0,2024-09-23,2024-09-23,37,Adult,Female,Surat,Yes,0,1,Clothing,Kurta,Biba,98,False,Active,0.0,100.0,0.0
CUST001150,2,2,8886,4443.0,4.0,3.0,2024-08-17,2024-11-05,46,Adult,Male,Surat,No,1,2,Accessories,Saree,Max,55,False,Active,50.0,100.0,0.0
CUST001151,3,3,7574,2524.67,7.0,3.0,2023-04-19,2024-12-16,61,Adult,Male,Lucknow,No,0,1,Clothing,Kurta,Biba,14,False,Active,0.0,33.33,66.67
CUST001152,1,1,2771,2771.0,11.0,3.0,2024-08-31,2024-08-31,54,Adult,Female,Gurgaon,No,0,1,Clothing,Hoodie,HRX,121,False,Active,0.0,100.0,0.0
CUST001153,2,2,20006,10003.0,8.0,3.5,2023-08-20,2024-05-28,43,Adult,Male,Noida,No,0,2,Accessories,Running Shoes,Adidas,216,False,Active,0.0,100.0,0.0
CUST001154,2,5,17241,8620.5,7.0,3.0,2023-04-03,2024-12-13,20,Young Adult,Male,Bangalore,No,1,2,Clothing,Boots,Max,17,False,Active,50.0,100.0,0.0
CUST001155,2,5,7494,3747.0,23.0,3.5,2024-10-04,2024-12-25,50,Adult,Male,Hyderabad,No,0,2,Clothing,Dress,FabIndia,5,False,Active,0.0,100.0,0.0
CUST001156,2,2,4499,2249.5,8.5,3.5,2023-09-04,2024-03-03,52,Adult,Other,Pune,No,0,1,Accessories,Bag,Bata,302,True,Inactive 270+ days,0.0,50.0,50.0
CUST001157,2,2,13594,6797.0,11.0,4.0,2023-11-29,2024-11-05,33,Adult,Male,Chennai,Yes,1,1,Clothing,Running Shoes,Adidas,55,False,Active,50.0,50.0,50.0
CUST001158,2,4,13812,6906.0,11.0,3.5,2023-01-16,2024-04-09,33,Adult,Male,Chandigarh,No,0,2,Clothing,Running Shoes,FabIndia,265,False,Active,0.0,100.0,0.0
CUST001159,3,5,7887,2629.0,8.33,2.67,2024-03-03,2024-05-20,23,Young Adult,Female,Nagpur,No,1,2,Footwear,Sandals,Bata,224,False,Active,33.33,66.67,33.33
CUST001160,5,8,12785,2557.0,3.8,2.8,2023-03-17,2024-10-04,43,Adult,Male,Ahmedabad,No,1,3,Footwear,Heels,Bata,87,False,Active,20.0,60.0,40.0
CUST001161,2,2,9605,4802.5,7.0,4.0,2023-04-26,2024-12-08,62,Adult,Male,Hyderabad,No,0,2,Footwear,Running Shoes,Adidas,22,False,Active,0.0,100.0,0.0
CUST001162,1,2,7417,7417.0,10.0,4.0,2023-04-09,2023-04-09,43,Adult,Female,Patna,No,0,1,Footwear,Boots,Max,631,True,Inactive 270+ days,0.0,100.0,0.0
CUST001163,1,1,7801,7801.0,9.0,4.0,2023-10-07,2023-10-07,29,Adult,Other,Chennai,No,0,1,Clothing,Jacket,Puma,450,True,Inactive 270+ days,0.0,100.0,0.0
CUST001164,3,4,13450,4483.33,4.0,3.67,2023-02-18,2023-07-25,61,Adult,Male,Nagpur,Yes,0,2,Footwear,Heels,Bata,524,True,Inactive 270+ days,0.0,66.67,33.33
CUST001165,2,3,7051,3525.5,4.0,4.0,2023-04-06,2024-12-25,59,Adult,Other,Lucknow,No,1,2,Clothing,Shorts,HRX,5,False,Active,50.0,100.0,0.0
CUST001166,1,1,342,342.0,10.0,3.0,2023-11-12,2023-11-12,19,Young Adult,Male,Patna,No,1,1,Clothing,T-shirt,Max,414,True,Inactive 270+ days,100.0,100.0,0.0
CUST001168,3,4,37138,12379.33,6.0,4.0,2023-03-15,2024-07-07,51,Adult,Female,Patna,Yes,1,3,Accessories,Saree,Biba,176,False,Active,33.33,100.0,0.0
CUST001169,4,6,48683,12170.75,16.75,3.25,2023-08-29,2024-11-11,39,Adult,Male,Gurgaon,No,1,1,Clothing,Jacket,Fastrack,49,False,Active,25.0,25.0,75.0
CUST001170,3,5,20752,6917.33,6.33,2.67,2023-05-15,2024-04-05,57,Adult,Male,Nagpur,No,0,2,Accessories,Formal Shoes,Hush Puppies,269,False,Active,0.0,66.67,33.33
CUST001171,3,4,9305,3101.67,2.67,4.0,2023-03-30,2024-11-27,44,Adult,Female,Visakhapatnam,No,0,3,Clothing,Jacket,Biba,33,False,Active,0.0,100.0,0.0
CUST001172,3,6,21725,7241.67,4.67,3.33,2023-01-11,2023-07-08,22,Young Adult,Male,Hyderabad,Yes,0,3,Clothing,Hoodie,Adidas,541,True,Inactive 270+ days,0.0,100.0,0.0
CUST001173,1,2,5104,5104.0,2.0,4.0,2024-12-16,2024-12-16,54,Adult,Male,Hyderabad,Yes,0,0,Clothing,Shirt,Allen Solly,14,False,Active,0.0,0.0,100.0
CUST001174,1,1,340,340.0,13.0,2.0,2024-03-02,2024-03-02,43,Adult,Male,Indore,No,0,1,Clothing,T-shirt,HRX,303,True,Inactive 270+ days,0.0,100.0,0.0
CUST001175,3,4,22623,7541.0,6.67,3.67,2023-08-20,2024-07-07,41,Adult,Female,Patna,Yes,0,3,Footwear,Running Shoes,Adidas,176,False,Active,0.0,100.0,0.0
CUST001176,4,5,17408,4352.0,10.5,3.25,2023-10-17,2024-11-01,29,Adult,Male,Patna,No,0,2,Footwear,Belt,Adidas,59,False,Active,0.0,50.0,50.0
CUST001177,1,3,9246,9246.0,10.0,5.0,2023-07-25,2023-07-25,34,Adult,Male,Bhubaneswar,No,0,1,Clothing,Jacket,Nike,524,True,Inactive 270+ days,0.0,100.0,0.0
CUST001178,4,5,8836,2209.0,12.5,3.5,2023-02-18,2023-12-04,59,Adult,Male,Bangalore,No,1,3,Clothing,Heels,H&M,392,True,Inactive 270+ days,25.0,75.0,25.0
CUST001179,6,9,105369,17561.5,7.67,3.67,2023-03-14,2024-11-16,21,Young Adult,Female,Bhubaneswar,No,2,3,Footwear,Sneakers,Adidas,44,False,Active,33.33,50.0,50.0
CUST001180,2,4,6198,3099.0,8.0,4.0,2023-02-01,2023-10-27,27,Adult,Female,Chandigarh,No,1,2,Clothing,T-shirt,Nike,430,True,Inactive 270+ days,50.0,100.0,0.0
CUST001181,2,2,7647,3823.5,1.0,4.0,2023-02-26,2023-07-29,29,Adult,Female,Chandigarh,Yes,0,1,Accessories,Belt,Nike,520,True,Inactive 270+ days,0.0,50.0,50.0
CUST001182,3,5,9497,3165.67,1.67,3.67,2023-02-23,2023-09-28,53,Adult,Male,Gurgaon,Yes,0,2,Footwear,Boots,Max,459,True,Inactive 270+ days,0.0,66.67,33.33
CUST001183,4,5,17426,4356.5,8.0,4.5,2023-03-28,2024-09-01,46,Adult,Male,Patna,No,1,4,Clothing,Boots,Allen Solly,120,False,Active,25.0,100.0,0.0
CUST001184,4,10,14000,3500.0,8.25,2.75,2023-01-28,2023-12-08,38,Adult,Female,Jaipur,No,0,4,Accessories,Boots,Max,388,True,Inactive 270+ days,0.0,100.0,0.0
CUST001185,2,2,8302,4151.0,6.0,2.0,2024-03-17,2024-08-03,41,Adult,Male,Delhi,No,0,2,Clothing,Running Shoes,HRX,149,False,Active,0.0,100.0,0.0
CUST001186,4,6,16177,4044.25,4.75,3.0,2023-07-17,2024-11-29,61,Adult,Male,Bangalore,No,0,4,Clothing,Backpack,HRX,31,False,Active,0.0,100.0,0.0
CUST001187,2,3,22681,11340.5,4.0,2.5,2023-07-18,2023-12-05,23,Young Adult,Female,Surat,Yes,1,2,Clothing,Jacket,Biba,391,True,Inactive 270+ days,50.0,100.0,0.0
CUST001188,3,6,23315,7771.67,5.0,2.67,2023-05-28,2024-05-14,27,Adult,Female,Kochi,No,1,3,Clothing,Jacket,Biba,230,False,Active,33.33,100.0,0.0
CUST001189,5,10,49499,9899.8,7.2,3.2,2023-09-28,2024-10-21,35,Adult,Male,Gurgaon,No,0,4,Clothing,Formal Shoes,Bata,70,False,Active,0.0,80.0,20.0
CUST001190,3,5,30557,10185.67,12.0,4.33,2023-02-04,2024-01-08,44,Adult,Male,Gurgaon,No,0,0,Clothing,Backpack,FabIndia,357,True,Inactive 270+ days,0.0,0.0,100.0
CUST001191,3,4,44737,14912.33,2.0,4.33,2024-05-02,2024-12-17,43,Adult,Male,Mumbai,No,0,2,Clothing,Dress,Adidas,13,False,Active,0.0,66.67,33.33
CUST001193,2,2,24092,12046.0,10.5,4.0,2023-08-31,2024-10-07,35,Adult,Male,Visakhapatnam,Yes,0,2,Accessories,Belt,Levis,84,False,Active,0.0,100.0,0.0
CUST001194,7,9,47013,6716.14,7.29,3.57,2023-03-16,2024-12-21,35,Adult,Male,Chandigarh,Yes,1,5,Clothing,Bag,Zara,9,False,Active,14.29,71.43,28.57
CUST001195,5,7,29962,5992.4,5.2,2.6,2023-03-04,2024-12-02,27,Adult,Male,Noida,No,2,5,Clothing,Kurta,HRX,28,False,Active,40.0,100.0,0.0
CUST001196,2,2,6756,3378.0,8.0,3.0,2023-09-07,2024-05-10,43,Adult,Female,Lucknow,Yes,0,1,Clothing,Hoodie,Adidas,234,False,Active,0.0,50.0,50.0
CUST001197,3,6,23337,7779.0,21.0,3.67,2023-02-16,2024-10-23,21,Young Adult,Female,Surat,No,0,1,Footwear,Running Shoes,Adidas,68,False,Active,0.0,33.33,66.67
CUST001198,3,3,7452,2484.0,2.67,3.67,2023-02-10,2023-12-31,40,Adult,Male,Nagpur,No,0,0,Clothing,Jacket,Adidas,365,True,Inactive 270+ days,0.0,0.0,100.0
CUST001199,2,2,12654,6327.0,3.5,4.0,2023-02-18,2023-10-25,25,Young Adult,Male,Nagpur,No,0,2,Accessories,Heels,Hush Puppies,432,True,Inactive 270+ days,0.0,100.0,0.0
CUST001201,1,2,20975,20975.0,21.0,3.0,2023-11-27,2023-11-27,29,Adult,Female,Jaipur,No,0,0,Footwear,Sneakers,HRX,399,True,Inactive 270+ days,0.0,0.0,100.0
CUST001202,2,2,15270,7635.0,7.5,3.5,2024-02-11,2024-10-07,54,Adult,Female,Mumbai,Yes,0,2,Clothing,Kurta,FabIndia,84,False,Active,0.0,100.0,0.0
CUST001203,2,2,9700,4850.0,3.0,3.0,2024-04-13,2024-06-09,43,Adult,Female,Nagpur,Yes,0,2,Accessories,Running Shoes,HRX,204,False,Active,0.0,100.0,0.0
CUST001204,2,3,18341,9170.5,29.5,4.0,2023-08-11,2023-10-15,26,Adult,Male,Visakhapatnam,No,1,2,Clothing,Saree,Biba,442,True,Inactive 270+ days,50.0,100.0,0.0
CUST001206,3,4,26063,8687.67,3.67,3.33,2023-07-14,2024-12-21,32,Adult,Male,Ahmedabad,No,0,2,Footwear,Running Shoes,Adidas,9,False,Active,0.0,66.67,33.33
CUST001207,4,6,72697,18174.25,10.75,3.25,2023-04-17,2024-02-04,32,Adult,Male,Kochi,No,0,3,Clothing,Boots,Adidas,330,True,Inactive 270+ days,0.0,75.0,25.0
CUST001208,9,11,81473,9052.56,9.78,3.0,2023-02-24,2024-03-27,61,Adult,Female,Visakhapatnam,No,2,7,Footwear,Boots,HRX,278,True,Inactive 270+ days,22.22,77.78,22.22
CUST001209,1,1,1339,1339.0,9.0,4.0,2024-12-02,2024-12-02,62,Adult,Male,Ahmedabad,Yes,0,0,Footwear,Sandals,Hush Puppies,28,False,Active,0.0,0.0,100.0
CUST001210,3,6,12380,4126.67,7.67,3.67,2023-07-12,2024-08-04,33,Adult,Male,Pune,No,0,1,Clothing,Kurta,Biba,148,False,Active,0.0,33.33,66.67
CUST001211,5,8,23767,4753.4,12.8,2.8,2023-12-20,2024-11-18,59,Adult,Male,Jaipur,No,0,4,Footwear,Boots,Bata,42,False,Active,0.0,80.0,20.0
CUST001212,5,6,31910,6382.0,6.8,4.0,2023-07-02,2023-09-04,45,Adult,Female,Visakhapatnam,No,1,4,Clothing,Saree,FabIndia,483,True,Inactive 270+ days,20.0,80.0,20.0
CUST001213,3,3,12901,4300.33,5.0,3.67,2023-10-19,2023-11-18,52,Adult,Male,Patna,Yes,0,3,Clothing,Hoodie,FabIndia,408,True,Inactive 270+ days,0.0,100.0,0.0
CUST001214,4,5,51320,12830.0,16.25,4.5,2023-08-03,2024-10-26,62,Adult,Female,Patna,Yes,0,3,Clothing,Heels,Allen Solly,65,False,Active,0.0,75.0,25.0
CUST001215,3,5,8260,2753.33,4.33,3.33,2023-05-04,2024-12-08,50,Adult,Male,Delhi,No,0,3,Clothing,Bag,Allen Solly,22,False,Active,0.0,100.0,0.0
CUST001216,2,3,11663,5831.5,11.0,4.0,2023-03-14,2023-11-02,27,Adult,Male,Lucknow,No,2,2,Clothing,Heels,Allen Solly,424,True,Inactive 270+ days,100.0,100.0,0.0
CUST001217,5,7,19019,3803.8,13.4,3.8,2023-09-30,2024-09-28,46,Adult,Male,Bhubaneswar,Yes,1,3,Clothing,Hoodie,Allen Solly,93,False,Active,20.0,60.0,40.0
CUST001218,2,2,10536,5268.0,8.5,3.5,2023-06-30,2024-09-20,48,Adult,Female,Chandigarh,No,0,1,Clothing,Sandals,FabIndia,101,False,Active,0.0,50.0,50.0
CUST001219,4,4,4169,1042.25,10.25,3.5,2023-03-29,2024-10-21,51,Adult,Female,Hyderabad,No,0,4,Clothing,T-shirt,Max,70,False,Active,0.0,100.0,0.0
CUST001220,3,4,21769,7256.33,5.0,3.67,2023-05-13,2023-12-03,35,Adult,Female,Mumbai,No,1,2,Accessories,Boots,FabIndia,393,True,Inactive 270+ days,33.33,66.67,33.33
CUST001224,5,7,20967,4193.4,10.6,3.4,2023-05-13,2024-07-08,41,Adult,Female,Bangalore,No,1,2,Clothing,Boots,Puma,175,False,Active,20.0,40.0,60.0
CUST001225,3,8,36420,12140.0,4.67,3.67,2023-09-07,2024-04-22,55,Adult,Female,Pune,No,0,2,Clothing,Running Shoes,Adidas,252,False,Active,0.0,66.67,33.33
CUST001226,4,6,14604,3651.0,8.75,3.25,2023-01-06,2024-09-13,21,Young Adult,Female,Mumbai,No,0,3,Clothing,Hoodie,Adidas,108,False,Active,0.0,75.0,25.0
CUST001227,1,1,934,934.0,12.0,4.0,2024-08-07,2024-08-07,60,Adult,Female,Noida,No,0,1,Clothing,T-shirt,Puma,145,False,Active,0.0,100.0,0.0
CUST001228,1,2,1783,1783.0,4.0,2.0,2023-07-21,2023-07-21,64,Adult,Female,Pune,No,0,1,Clothing,Kurta,Max,528,True,Inactive 270+ days,0.0,100.0,0.0
CUST001229,3,4,10436,3478.67,3.0,2.67,2023-05-14,2024-05-05,47,Adult,Other,Noida,Yes,2,3,Clothing,Jacket,Biba,239,False,Active,66.67,100.0,0.0
CUST001230,4,6,91903,22975.75,6.75,4.0,2024-01-24,2024-09-14,29,Adult,Female,Pune,No,1,3,Footwear,Kurta,Biba,107,False,Active,25.0,75.0,25.0
CUST001231,1,1,1899,1899.0,0.0,4.0,2023-02-10,2023-02-10,40,Adult,Male,Gurgaon,Yes,0,1,Footwear,Sandals,Hush Puppies,689,True,Inactive 270+ days,0.0,100.0,0.0
CUST001232,1,1,2255,2255.0,8.0,5.0,2023-09-16,2023-09-16,33,Adult,Female,Lucknow,No,0,1,Footwear,Sandals,Hush Puppies,471,True,Inactive 270+ days,0.0,100.0,0.0
CUST001233,3,8,11126,3708.67,10.67,2.0,2023-04-17,2024-09-18,30,Adult,Female,Kolkata,Yes,1,3,Clothing,Boots,HRX,103,False,Active,33.33,100.0,0.0
CUST001234,1,1,234,234.0,7.0,3.0,2024-07-01,2024-07-01,53,Adult,Female,Bhubaneswar,No,1,1,Footwear,Slippers,Bata,182,False,Active,100.0,100.0,0.0
CUST001235,3,3,6563,2187.67,7.67,2.67,2023-07-23,2024-07-25,61,Adult,Male,Mumbai,No,0,3,Footwear,Kurta,Biba,158,False,Active,0.0,100.0,0.0
CUST001236,1,3,3674,3674.0,20.0,3.0,2024-01-12,2024-01-12,49,Adult,Female,Kolkata,Yes,0,0,Clothing,Jeans,Roadster,353,True,Inactive 270+ days,0.0,0.0,100.0
CUST001238,5,7,56450,11290.0,7.8,3.4,2023-02-23,2024-04-01,45,Adult,Other,Patna,Yes,0,3,Footwear,Running Shoes,Adidas,273,True,Inactive 270+ days,0.0,60.0,40.0
CUST001239,4,7,14979,3744.75,6.0,3.5,2023-02-28,2024-05-23,26,Adult,Male,Gurgaon,No,2,1,Clothing,Cap,Biba,221,False,Active,50.0,25.0,75.0
CUST001240,2,2,6868,3434.0,8.5,4.0,2024-05-15,2024-08-25,36,Adult,Female,Chennai,Yes,1,1,Clothing,Running Shoes,HRX,127,False,Active,50.0,50.0,50.0
CUST001241,8,12,61162,7645.25,8.0,3.38,2023-03-12,2024-10-12,46,Adult,Female,Pune,No,0,4,Footwear,Running Shoes,Max,79,False,Active,0.0,50.0,50.0
CUST001242,1,1,780,780.0,2.0,4.0,2023-03-17,2023-03-17,48,Adult,Female,Chennai,No,0,0,Accessories,Socks,Tommy Hilfiger,654,True,Inactive 270+ days,0.0,0.0,100.0
CUST001243,3,3,15925,5308.33,8.67,3.33,2024-06-02,2024-11-12,38,Adult,Female,Nagpur,No,1,2,Clothing,Hoodie,HRX,48,False,Active,33.33,66.67,33.33
CUST001244,5,6,21354,4270.8,17.4,3.2,2023-07-11,2024-11-18,37,Adult,Female,Visakhapatnam,Yes,0,4,Accessories,Bag,Puma,42,False,Active,0.0,80.0,20.0
CUST001246,6,11,18334,3055.67,15.17,3.0,2023-08-26,2024-11-03,62,Adult,Male,Hyderabad,Yes,0,5,Clothing,Kurta,Allen Solly,57,False,Active,0.0,83.33,16.67
CUST001247,4,4,10956,2739.0,9.75,4.0,2023-05-25,2024-11-28,42,Adult,Male,Kochi,Yes,0,3,Clothing,Dress,Allen Solly,32,False,Active,0.0,75.0,25.0
CUST001248,3,3,6592,2197.33,9.67,4.0,2023-02-26,2024-03-06,61,Adult,Male,Nagpur,No,0,3,Accessories,Backpack,Nike,299,True,Inactive 270+ days,0.0,100.0,0.0
CUST001249,3,4,42412,14137.33,3.0,3.33,2023-05-23,2024-10-11,30,Adult,Male,Delhi,Yes,1,2,Clothing,Saree,FabIndia,80,False,Active,33.33,66.67,33.33
CUST001250,1,1,1603,1603.0,1.0,3.0,2023-12-28,2023-12-28,36,Adult,Female,Ahmedabad,No,0,1,Clothing,T-shirt,Puma,368,True,Inactive 270+ days,0.0,100.0,0.0
CUST001251,2,3,3116,1558.0,6.0,2.5,2024-01-11,2024-11-11,59,Adult,Female,Delhi,Yes,0,2,Clothing,Heels,HRX,49,False,Active,0.0,100.0,0.0
CUST001252,4,7,48263,12065.75,8.75,3.0,2023-08-12,2024-08-11,53,Adult,Female,Visakhapatnam,No,1,3,Accessories,Backpack,Adidas,141,False,Active,25.0,75.0,25.0
CUST001253,2,4,5486,2743.0,5.5,4.0,2024-03-14,2024-05-11,24,Young Adult,Female,Pune,Yes,0,2,Accessories,Cap,Levis,233,False,Active,0.0,100.0,0.0
CUST001254,5,7,38029,7605.8,10.2,3.6,2023-05-02,2024-12-20,55,Adult,Male,Jaipur,No,2,4,Clothing,Saree,Adidas,10,False,Active,40.0,80.0,20.0
CUST001255,3,3,27281,9093.67,7.33,2.67,2023-02-19,2024-07-26,26,Adult,Male,Patna,Yes,1,2,Footwear,Backpack,Adidas,157,False,Active,33.33,66.67,33.33
CUST001256,2,4,7657,3828.5,2.0,4.5,2023-05-08,2024-09-11,36,Adult,Female,Noida,No,0,2,Accessories,Backpack,Fastrack,110,False,Active,0.0,100.0,0.0
CUST001257,4,4,5755,1438.75,6.0,3.75,2023-04-21,2024-12-16,52,Adult,Male,Chennai,No,0,4,Clothing,Dress,Allen Solly,14,False,Active,0.0,100.0,0.0
CUST001258,2,2,2248,1124.0,7.5,3.0,2024-01-25,2024-06-15,26,Adult,Female,Hyderabad,No,1,2,Clothing,Formal Shoes,Bata,198,False,Active,50.0,100.0,0.0
CUST001259,4,7,26394,6598.5,11.75,3.75,2023-09-23,2024-11-17,62,Adult,Female,Chennai,Yes,0,2,Clothing,Jacket,Biba,43,False,Active,0.0,50.0,50.0
CUST001260,3,4,19149,6383.0,4.0,4.33,2023-02-04,2024-09-21,18,Young Adult,Male,Ahmedabad,No,0,1,Accessories,Bag,Hush Puppies,100,False,Active,0.0,33.33,66.67
CUST001261,3,3,8256,2752.0,13.0,2.0,2023-11-06,2024-12-23,63,Adult,Male,Surat,No,1,3,Footwear,Running Shoes,Allen Solly,7,False,Active,33.33,100.0,0.0
CUST001262,3,4,8506,2835.33,2.67,3.33,2023-04-04,2024-09-07,46,Adult,Male,Chandigarh,No,1,2,Accessories,Bag,Fastrack,114,False,Active,33.33,66.67,33.33
CUST001263,2,3,40309,20154.5,7.0,4.5,2023-05-15,2023-10-05,24,Young Adult,Male,Kochi,Yes,0,2,Clothing,Kurta,Biba,452,True,Inactive 270+ days,0.0,100.0,0.0
CUST001264,3,6,13081,4360.33,7.67,4.0,2023-04-06,2024-10-27,26,Adult,Male,Bhubaneswar,No,0,3,Clothing,Dress,Roadster,64,False,Active,0.0,100.0,0.0
CUST001265,1,1,15096,15096.0,26.0,4.0,2024-01-13,2024-01-13,31,Adult,Male,Pune,No,0,0,Footwear,Sneakers,Adidas,352,True,Inactive 270+ days,0.0,0.0,100.0
CUST001266,3,3,6670,2223.33,12.67,4.0,2023-08-31,2023-11-21,45,Adult,Male,Indore,Yes,0,2,Footwear,Belt,Bata,405,True,Inactive 270+ days,0.0,66.67,33.33
CUST001267,5,8,26631,5326.2,3.4,3.4,2023-01-19,2024-10-16,55,Adult,Male,Lucknow,No,2,5,Clothing,Cap,Max,75,False,Active,40.0,100.0,0.0
CUST001268,1,1,2192,2192.0,1.0,2.0,2024-09-22,2024-09-22,24,Young Adult,Male,Jaipur,No,0,1,Clothing,Jeans,Roadster,99,False,Active,0.0,100.0,0.0
CUST001269,4,9,159200,39800.0,12.25,3.25,2023-08-11,2024-12-29,59,Adult,Male,Jaipur,No,0,3,Clothing,Running Shoes,Adidas,1,False,Active,0.0,75.0,25.0
CUST001270,1,3,5827,5827.0,6.0,5.0,2023-10-30,2023-10-30,27,Adult,Female,Jaipur,No,0,1,Clothing,Shorts,Nike,427,True,Inactive 270+ days,0.0,100.0,0.0
CUST001271,3,5,22415,7471.67,16.33,3.67,2023-10-09,2024-04-27,24,Young Adult,Female,Bhubaneswar,No,0,1,Footwear,Boots,Bata,247,False,Active,0.0,33.33,66.67
CUST001272,5,6,55361,11072.2,8.0,3.4,2023-04-24,2024-09-20,23,Young Adult,Female,Kolkata,No,0,4,Footwear,Boots,Adidas,101,False,Active,0.0,80.0,20.0
CUST001273,2,3,24964,12482.0,7.0,4.0,2023-12-21,2024-11-02,61,Adult,Female,Kochi,No,0,2,Accessories,Sneakers,Adidas,58,False,Active,0.0,100.0,0.0
CUST001274,5,6,48559,9711.8,3.4,3.2,2023-04-07,2024-10-22,49,Adult,Male,Bangalore,Yes,1,4,Footwear,Boots,Zara,69,False,Active,20.0,80.0,20.0
CUST001275,3,5,14120,4706.67,8.67,4.33,2023-05-08,2024-08-28,29,Adult,Female,Noida,No,0,3,Clothing,Jacket,Puma,124,False,Active,0.0,100.0,0.0
CUST001276,4,9,36971,9242.75,3.0,3.25,2023-05-23,2024-10-20,21,Young Adult,Male,Noida,Yes,0,3,Accessories,Cap,Puma,71,False,Active,0.0,75.0,25.0
CUST001277,2,3,4399,2199.5,5.5,3.5,2023-01-02,2024-01-08,22,Young Adult,Female,Delhi,Yes,0,2,Footwear,Heels,Bata,357,True,Inactive 270+ days,0.0,100.0,0.0
CUST001278,3,3,9640,3213.33,0.67,4.33,2023-04-28,2024-12-27,38,Adult,Male,Pune,No,1,3,Clothing,Kurta,Biba,3,False,Active,33.33,100.0,0.0
CUST001279,4,6,27059,6764.75,5.0,3.25,2024-01-10,2024-04-05,20,Young Adult,Male,Visakhapatnam,Yes,0,3,Clothing,Formal Shoes,Adidas,269,False,Active,0.0,75.0,25.0
CUST001280,4,7,20349,5087.25,9.25,3.75,2023-06-13,2024-07-11,48,Adult,Male,Chandigarh,Yes,0,3,Footwear,Backpack,Biba,172,False,Active,0.0,75.0,25.0
CUST001281,2,3,3685,1842.5,11.5,3.5,2024-09-28,2024-10-25,44,Adult,Female,Pune,No,0,1,Accessories,Jeans,H&M,66,False,Active,0.0,50.0,50.0
CUST001282,3,7,33295,11098.33,10.67,4.33,2023-04-08,2023-08-26,34,Adult,Female,Kolkata,No,1,1,Footwear,Kurta,Adidas,492,True,Inactive 270+ days,33.33,33.33,66.67
CUST001283,5,7,26881,5376.2,10.6,3.8,2023-01-01,2024-11-22,45,Adult,Female,Lucknow,Yes,1,3,Accessories,Bag,Adidas,38,False,Active,20.0,60.0,40.0
CUST001284,4,6,40329,10082.25,6.5,4.0,2023-05-06,2024-05-11,52,Adult,Female,Jaipur,No,0,3,Accessories,Bag,Puma,233,False,Active,0.0,75.0,25.0
CUST001285,4,6,44071,11017.75,18.0,3.25,2023-07-20,2024-06-10,56,Adult,Other,Delhi,Yes,2,3,Footwear,Boots,Adidas,203,False,Active,50.0,75.0,25.0
CUST001286,1,1,2763,2763.0,11.0,3.0,2024-11-16,2024-11-16,29,Adult,Female,Bangalore,Yes,0,1,Footwear,Sandals,Hush Puppies,44,False,Active,0.0,100.0,0.0
CUST001287,2,3,14980,7490.0,4.0,2.5,2023-06-20,2024-03-04,52,Adult,Male,Visakhapatnam,No,0,2,Clothing,Shirt,HRX,301,True,Inactive 270+ days,0.0,100.0,0.0
CUST001288,1,2,5077,5077.0,12.0,5.0,2024-01-17,2024-01-17,27,Adult,Female,Mumbai,No,0,0,Clothing,Hoodie,Nike,348,True,Inactive 270+ days,0.0,0.0,100.0
CUST001289,5,5,21371,4274.2,5.0,3.6,2023-07-13,2024-01-30,62,Adult,Female,Mumbai,No,1,4,Clothing,Shorts,Adidas,335,True,Inactive 270+ days,20.0,80.0,20.0
CUST001290,2,2,29347,14673.5,22.5,3.5,2023-01-21,2024-01-20,51,Adult,Male,Jaipur,Yes,0,2,Footwear,Heels,Bata,345,True,Inactive 270+ days,0.0,100.0,0.0
CUST001291,5,8,44297,8859.4,8.4,3.0,2023-01-25,2024-09-26,62,Adult,Female,Patna,No,2,3,Footwear,Sneakers,Bata,95,False,Active,40.0,60.0,40.0
CUST001292,2,2,3918,1959.0,0.5,3.0,2023-08-31,2024-05-20,39,Adult,Female,Lucknow,No,1,1,Accessories,T-shirt,Allen Solly,224,False,Active,50.0,50.0,50.0
CUST001293,5,5,15302,3060.4,8.0,3.6,2023-01-15,2024-10-08,25,Young Adult,Female,Gurgaon,Yes,0,4,Footwear,Heels,Nike,83,False,Active,0.0,80.0,20.0
CUST001294,8,15,108470,13558.75,7.88,3.62,2023-01-27,2024-07-19,64,Adult,Male,Surat,No,1,7,Clothing,Bag,Hush Puppies,164,False,Active,12.5,87.5,12.5
CUST001295,1,1,11448,11448.0,7.0,4.0,2024-06-24,2024-06-24,54,Adult,Male,Bangalore,Yes,0,1,Footwear,Sneakers,Puma,189,False,Active,0.0,100.0,0.0
CUST001296,3,3,6965,2321.67,4.0,2.67,2023-03-10,2024-04-01,61,Adult,Female,Chennai,Yes,1,1,Accessories,Backpack,Fastrack,273,True,Inactive 270+ days,33.33,33.33,66.67
CUST001297,1,2,13868,13868.0,0.0,4.0,2023-06-22,2023-06-22,51,Adult,Female,Kolkata,No,0,1,Clothing,Jacket,Nike,557,True,Inactive 270+ days,0.0,100.0,0.0
CUST001298,1,1,813,813.0,2.0,3.0,2024-04-24,2024-04-24,22,Young Adult,Female,Ahmedabad,No,0,0,Footwear,Slippers,Zara,250,False,Active,0.0,0.0,100.0
CUST001299,1,1,7822,7822.0,0.0,5.0,2023-09-13,2023-09-13,44,Adult,Male,Kolkata,Yes,0,1,Clothing,Saree,Biba,474,True,Inactive 270+ days,0.0,100.0,0.0
CUST001300,3,7,20304,6768.0,15.0,3.33,2023-05-04,2023-08-03,64,Adult,Male,Kochi,No,0,2,Clothing,Jacket,Allen Solly,515,True,Inactive 270+ days,0.0,66.67,33.33
CUST001301,1,2,3958,3958.0,6.0,4.0,2023-09-25,2023-09-25,51,Adult,Other,Nagpur,Yes,0,1,Clothing,Jeans,Roadster,462,True,Inactive 270+ days,0.0,100.0,0.0
CUST001302,2,5,12803,6401.5,10.0,3.5,2023-02-01,2024-12-23,46,Adult,Female,Bhubaneswar,No,0,1,Clothing,Jeans,Allen Solly,7,False,Active,0.0,50.0,50.0
CUST001303,3,3,17014,5671.33,11.33,3.67,2023-02-11,2024-08-10,46,Adult,Female,Chennai,No,0,2,Footwear,Formal Shoes,Max,142,False,Active,0.0,66.67,33.33
CUST001304,3,3,11490,3830.0,11.33,3.67,2023-05-31,2024-10-22,44,Adult,Male,Ahmedabad,No,0,2,Clothing,Formal Shoes,Biba,69,False,Active,0.0,66.67,33.33
CUST001305,2,4,14524,7262.0,8.0,3.5,2023-11-03,2024-01-11,44,Adult,Male,Lucknow,No,0,2,Accessories,Bag,Allen Solly,354,True,Inactive 270+ days,0.0,100.0,0.0
CUST001306,2,2,10009,5004.5,19.0,4.0,2023-03-28,2023-11-24,52,Adult,Female,Ahmedabad,No,1,1,Accessories,Jacket,HRX,402,True,Inactive 270+ days,50.0,50.0,50.0
CUST001307,3,3,27195,9065.0,8.33,2.67,2023-06-17,2023-10-21,55,Adult,Female,Bhubaneswar,Yes,1,2,Accessories,Sneakers,Adidas,436,True,Inactive 270+ days,33.33,66.67,33.33
CUST001308,2,2,9883,4941.5,5.5,4.5,2023-12-24,2024-02-05,27,Adult,Male,Mumbai,No,1,2,Clothing,Hoodie,Puma,329,True,Inactive 270+ days,50.0,100.0,0.0
CUST001309,1,2,50584,50584.0,20.0,4.0,2023-10-21,2023-10-21,48,Adult,Female,Jaipur,No,1,0,Footwear,Sneakers,Adidas,436,True,Inactive 270+ days,100.0,0.0,100.0
CUST001310,2,3,27556,13778.0,11.5,4.0,2023-04-01,2024-05-06,64,Adult,Other,Noida,No,0,2,Clothing,Jacket,FabIndia,238,False,Active,0.0,100.0,0.0
CUST001311,1,1,1491,1491.0,11.0,3.0,2023-05-16,2023-05-16,63,Adult,Female,Kolkata,No,0,1,Clothing,Kurta,Max,594,True,Inactive 270+ days,0.0,100.0,0.0
CUST001312,3,4,28895,9631.67,6.67,3.67,2023-05-29,2024-08-11,43,Adult,Male,Lucknow,No,0,1,Footwear,Formal Shoes,Hush Puppies,141,False,Active,0.0,33.33,66.67
CUST001313,3,4,12328,4109.33,7.33,3.33,2023-04-12,2024-01-08,33,Adult,Female,Gurgaon,No,1,2,Accessories,Belt,Fastrack,357,True,Inactive 270+ days,33.33,66.67,33.33
CUST001314,2,5,3487,1743.5,10.0,3.5,2023-07-08,2024-03-18,33,Adult,Male,Mumbai,No,0,2,Clothing,Kurta,Bata,287,True,Inactive 270+ days,0.0,100.0,0.0
CUST001315,1,2,1670,1670.0,15.0,5.0,2024-01-08,2024-01-08,55,Adult,Female,Indore,No,0,1,Accessories,Socks,Tommy Hilfiger,357,True,Inactive 270+ days,0.0,100.0,0.0
CUST001316,4,8,13868,3467.0,8.25,3.5,2024-01-24,2024-09-10,24,Young Adult,Male,Chandigarh,No,1,2,Clothing,Kurta,FabIndia,111,False,Active,25.0,50.0,50.0
CUST001317,3,6,40156,13385.33,21.33,3.67,2023-04-28,2024-01-22,37,Adult,Female,Patna,No,1,1,Clothing,Kurta,Biba,343,True,Inactive 270+ days,33.33,33.33,66.67
CUST001318,4,6,11145,2786.25,7.0,3.5,2023-10-07,2024-12-14,46,Adult,Female,Lucknow,No,0,3,Clothing,Bag,Adidas,16,False,Active,0.0,75.0,25.0
CUST001319,2,2,6315,3157.5,8.0,3.0,2023-02-26,2024-01-15,46,Adult,Female,Pune,Yes,0,2,Clothing,Hoodie,Adidas,350,True,Inactive 270+ days,0.0,100.0,0.0
CUST001320,2,2,3978,1989.0,5.0,3.0,2023-03-15,2024-09-05,39,Adult,Female,Delhi,No,0,2,Accessories,Belt,FabIndia,116,False,Active,0.0,100.0,0.0
CUST001321,3,4,31691,10563.67,4.33,4.0,2023-02-13,2024-02-02,55,Adult,Male,Chennai,No,0,1,Clothing,Kurta,FabIndia,332,True,Inactive 270+ days,0.0,33.33,66.67
CUST001322,2,3,8230,4115.0,2.0,4.5,2023-05-31,2024-07-10,44,Adult,Male,Bhubaneswar,Yes,1,2,Accessories,Cap,Allen Solly,173,False,Active,50.0,100.0,0.0
CUST001323,2,3,5203,2601.5,7.0,3.0,2023-06-08,2023-12-26,45,Adult,Female,Visakhapatnam,No,1,1,Accessories,Backpack,Max,370,True,Inactive 270+ days,50.0,50.0,50.0
CUST001324,4,5,10041,2510.25,7.75,4.0,2023-05-30,2024-12-09,53,Adult,Male,Patna,No,1,2,Clothing,Cap,Biba,21,False,Active,25.0,50.0,50.0
CUST001325,4,5,24177,6044.25,7.5,3.5,2023-05-24,2024-12-09,44,Adult,Other,Bangalore,No,1,3,Clothing,Jacket,HRX,21,False,Active,25.0,75.0,25.0
CUST001326,7,10,18425,2632.14,8.29,3.43,2023-01-30,2024-11-01,20,Young Adult,Female,Kochi,No,0,6,Clothing,Kurta,Puma,59,False,Active,0.0,85.71,14.29
CUST001327,1,1,1611,1611.0,4.0,3.0,2024-09-17,2024-09-17,35,Adult,Female,Jaipur,No,1,1,Clothing,Shirt,Zara,104,False,Active,100.0,100.0,0.0
CUST001328,3,3,5005,1668.33,4.0,2.67,2023-09-26,2024-06-05,56,Adult,Female,Gurgaon,No,1,3,Accessories,Socks,Bata,208,False,Active,33.33,100.0,0.0
CUST001329,4,4,25031,6257.75,8.25,4.0,2023-08-17,2024-03-26,18,Young Adult,Male,Kolkata,No,1,3,Clothing,Boots,FabIndia,279,True,Inactive 270+ days,25.0,75.0,25.0
CUST001330,3,4,13889,4629.67,7.33,2.67,2023-04-02,2024-10-22,63,Adult,Female,Jaipur,Yes,1,2,Accessories,Backpack,HRX,69,False,Active,33.33,66.67,33.33
CUST001331,5,8,31694,6338.8,7.6,3.2,2023-02-26,2024-12-25,18,Young Adult,Male,Bangalore,No,0,3,Accessories,Sunglasses,Adidas,5,False,Active,0.0,60.0,40.0
CUST001332,2,2,18575,9287.5,21.0,4.0,2023-10-19,2024-11-28,53,Adult,Female,Nagpur,No,0,0,Footwear,Boots,Adidas,32,False,Active,0.0,0.0,100.0
CUST001333,2,2,8759,4379.5,5.5,3.0,2023-08-28,2024-10-29,32,Adult,Male,Mumbai,No,1,2,Footwear,Boots,Adidas,62,False,Active,50.0,100.0,0.0
CUST001334,4,5,36846,9211.5,18.75,3.75,2024-10-07,2024-11-27,21,Young Adult,Male,Hyderabad,Yes,0,2,Clothing,Kurta,FabIndia,33,False,Active,0.0,50.0,50.0
CUST001335,2,3,4161,2080.5,8.0,3.5,2023-02-26,2024-09-11,35,Adult,Other,Delhi,No,1,2,Clothing,Kurta,Biba,110,False,Active,50.0,100.0,0.0
CUST001336,3,3,6262,2087.33,6.67,3.0,2023-04-23,2024-01-26,56,Adult,Female,Ahmedabad,No,0,3,Clothing,Boots,Biba,339,True,Inactive 270+ days,0.0,100.0,0.0
CUST001337,1,1,17000,17000.0,1.0,5.0,2023-03-13,2023-03-13,54,Adult,Female,Mumbai,No,0,1,Footwear,Running Shoes,Puma,658,True,Inactive 270+ days,0.0,100.0,0.0
CUST001338,6,9,32846,5474.33,7.67,3.5,2023-01-18,2024-11-27,37,Adult,Male,Pune,Yes,0,5,Clothing,Heels,Adidas,33,False,Active,0.0,83.33,16.67
CUST001339,4,5,7540,1885.0,11.0,3.25,2023-02-18,2024-09-18,18,Young Adult,Male,Hyderabad,No,0,3,Clothing,Heels,Adidas,103,False,Active,0.0,75.0,25.0
CUST001340,2,2,5610,2805.0,10.0,2.5,2024-02-14,2024-08-16,42,Adult,Female,Bhubaneswar,No,1,2,Clothing,Jacket,HRX,136,False,Active,50.0,100.0,0.0
CUST001341,2,5,3348,1674.0,9.5,2.0,2023-12-23,2024-07-17,39,Adult,Male,Kolkata,Yes,2,2,Clothing,Dress,HRX,166,False,Active,100.0,100.0,0.0
CUST001342,2,3,2367,1183.5,8.5,4.0,2023-03-16,2023-04-18,53,Adult,Male,Pune,Yes,1,1,Clothing,Shirt,Allen Solly,622,True,Inactive 270+ days,50.0,50.0,50.0
CUST001343,3,3,7956,2652.0,3.67,3.0,2023-07-16,2024-01-30,33,Adult,Female,Mumbai,No,0,2,Accessories,Belt,Bata,335,True,Inactive 270+ days,0.0,66.67,33.33
CUST001344,5,6,73163,14632.6,3.4,3.6,2023-02-27,2024-07-23,56,Adult,Male,Noida,No,0,3,Footwear,Jacket,HRX,160,False,Active,0.0,60.0,40.0
CUST001345,2,2,18367,9183.5,6.0,3.5,2023-09-26,2024-07-01,26,Adult,Male,Noida,Yes,0,1,Clothing,Jacket,FabIndia,182,False,Active,0.0,50.0,50.0
CUST001346,4,4,36689,9172.25,13.75,3.75,2023-01-03,2024-08-19,63,Adult,Male,Chennai,No,0,4,Footwear,Boots,Adidas,133,False,Active,0.0,100.0,0.0
CUST001347,3,3,23946,7982.0,4.33,3.33,2023-05-07,2024-03-27,64,Adult,Female,Mumbai,Yes,1,3,Footwear,Heels,Max,278,True,Inactive 270+ days,33.33,100.0,0.0
CUST001348,3,3,15451,5150.33,4.33,4.0,2023-05-06,2024-03-22,54,Adult,Female,Pune,No,0,3,Clothing,Running Shoes,Allen Solly,283,True,Inactive 270+ days,0.0,100.0,0.0
CUST001349,1,1,264,264.0,6.0,3.0,2023-12-18,2023-12-18,52,Adult,Female,Bangalore,No,0,0,Accessories,Belt,Fastrack,378,True,Inactive 270+ days,0.0,0.0,100.0
CUST001350,2,4,37074,18537.0,6.0,3.5,2023-07-07,2023-12-09,34,Adult,Female,Bangalore,No,1,2,Footwear,Boots,Adidas,387,True,Inactive 270+ days,50.0,100.0,0.0
CUST001351,4,5,33806,8451.5,7.0,3.5,2023-01-10,2024-06-09,53,Adult,Male,Delhi,Yes,0,4,Footwear,Boots,Zara,204,False,Active,0.0,100.0,0.0
CUST001352,4,4,14683,3670.75,12.0,3.25,2023-11-10,2024-12-02,31,Adult,Male,Kochi,No,0,3,Footwear,Cap,Adidas,28,False,Active,0.0,75.0,25.0
CUST001353,2,2,9237,4618.5,15.5,3.5,2024-01-19,2024-05-22,32,Adult,Male,Surat,No,1,1,Clothing,Formal Shoes,Adidas,222,False,Active,50.0,50.0,50.0
CUST001354,1,1,1813,1813.0,11.0,2.0,2024-10-13,2024-10-13,61,Adult,Female,Indore,No,1,1,Clothing,Kurta,Max,78,False,Active,100.0,100.0,0.0
CUST001355,2,2,3389,1694.5,18.5,3.5,2023-02-12,2024-10-03,59,Adult,Male,Kolkata,No,0,1,Footwear,Boots,Hush Puppies,88,False,Active,0.0,50.0,50.0
CUST001356,2,2,14294,7147.0,5.5,4.0,2023-12-19,2024-03-26,37,Adult,Female,Kochi,Yes,0,2,Clothing,Jacket,Nike,279,True,Inactive 270+ days,0.0,100.0,0.0
CUST001357,5,5,19073,3814.6,7.8,3.8,2024-02-18,2024-11-05,45,Adult,Male,Chandigarh,No,0,5,Clothing,Backpack,Levis,55,False,Active,0.0,100.0,0.0
CUST001358,5,6,22975,4595.0,12.8,3.4,2023-03-05,2024-08-29,22,Young Adult,Male,Kolkata,No,0,3,Accessories,Wallet,Adidas,123,False,Active,0.0,60.0,40.0
CUST001359,5,6,16410,3282.0,4.2,2.6,2023-10-04,2024-12-01,20,Young Adult,Male,Jaipur,No,3,4,Footwear,Heels,Zara,29,False,Active,60.0,80.0,20.0
CUST001360,1,1,1575,1575.0,6.0,3.0,2023-01-26,2023-01-26,47,Adult,Male,Mumbai,No,0,1,Clothing,Shorts,HRX,704,True,Inactive 270+ days,0.0,100.0,0.0
CUST001361,3,4,25154,8384.67,11.33,3.0,2023-06-11,2024-05-24,42,Adult,Female,Ahmedabad,No,3,2,Footwear,Formal Shoes,FabIndia,220,False,Active,100.0,66.67,33.33
CUST001362,3,6,20798,6932.67,8.0,3.33,2023-09-18,2024-07-14,19,Young Adult,Male,Delhi,No,1,2,Accessories,Bag,HRX,169,False,Active,33.33,66.67,33.33
CUST001363,5,5,9012,1802.4,10.2,3.8,2023-01-23,2024-05-03,64,Adult,Female,Surat,No,0,3,Clothing,Shorts,HRX,241,False,Active,0.0,60.0,40.0
CUST001364,4,6,65340,16335.0,12.0,3.75,2023-04-14,2024-10-29,59,Adult,Female,Indore,No,0,3,Footwear,Backpack,Max,62,False,Active,0.0,75.0,25.0
CUST001365,2,2,6270,3135.0,17.0,3.0,2023-05-31,2023-08-03,54,Adult,Female,Kochi,No,0,0,Clothing,Jacket,HRX,515,True,Inactive 270+ days,0.0,0.0,100.0
CUST001366,5,5,16426,3285.2,5.6,3.4,2023-01-14,2024-11-09,30,Adult,Male,Kochi,No,1,4,Clothing,T-shirt,Adidas,51,False,Active,20.0,80.0,20.0
CUST001367,2,2,20138,10069.0,25.5,4.0,2023-08-27,2024-08-07,59,Adult,Female,Pune,No,1,0,Accessories,Cap,Adidas,145,False,Active,50.0,0.0,100.0
CUST001368,4,6,22769,5692.25,16.5,2.75,2023-02-20,2023-11-19,43,Adult,Male,Pune,Yes,3,3,Clothing,Dress,HRX,407,True,Inactive 270+ days,75.0,75.0,25.0
CUST001369,1,1,1740,1740.0,12.0,3.0,2024-08-24,2024-08-24,39,Adult,Male,Surat,No,0,0,Clothing,Jeans,Zara,128,False,Active,0.0,0.0,100.0
CUST001370,1,1,5614,5614.0,10.0,3.0,2023-06-25,2023-06-25,47,Adult,Female,Lucknow,No,0,1,Footwear,Heels,Zara,554,True,Inactive 270+ days,0.0,100.0,0.0
CUST001371,4,8,36055,9013.75,6.75,4.0,2023-05-22,2023-12-16,57,Adult,Female,Visakhapatnam,No,1,4,Clothing,Jacket,FabIndia,380,True,Inactive 270+ days,25.0,100.0,0.0
CUST001372,1,1,2025,2025.0,3.0,3.0,2023-02-18,2023-02-18,40,Adult,Female,Bhubaneswar,No,0,1,Clothing,Jacket,HRX,681,True,Inactive 270+ days,0.0,100.0,0.0
CUST001373,7,11,27456,3922.29,6.57,3.86,2023-01-27,2024-12-09,46,Adult,Male,Delhi,Yes,0,7,Clothing,Backpack,FabIndia,21,False,Active,0.0,100.0,0.0
CUST001374,6,6,29231,4871.83,17.0,3.33,2023-01-26,2024-12-14,36,Adult,Male,Nagpur,No,0,5,Accessories,Backpack,Puma,16,False,Active,0.0,83.33,16.67
CUST001375,4,4,5332,1333.0,9.75,4.0,2023-02-27,2024-07-14,49,Adult,Male,Visakhapatnam,No,0,4,Accessories,Belt,Allen Solly,169,False,Active,0.0,100.0,0.0
CUST001376,4,4,20458,5114.5,11.5,3.25,2023-03-16,2024-04-07,22,Young Adult,Female,Visakhapatnam,Yes,0,4,Clothing,Bag,Fastrack,267,False,Active,0.0,100.0,0.0
CUST001377,4,9,75947,18986.75,13.25,3.5,2023-08-03,2024-07-25,45,Adult,Female,Chennai,No,0,3,Clothing,Cap,Biba,158,False,Active,0.0,75.0,25.0
CUST001378,3,3,12575,4191.67,12.33,3.33,2023-01-10,2024-08-21,47,Adult,Female,Kolkata,No,0,1,Footwear,Kurta,Biba,131,False,Active,0.0,33.33,66.67
CUST001379,1,1,5362,5362.0,9.0,4.0,2023-04-15,2023-04-15,18,Young Adult,Male,Mumbai,No,0,1,Clothing,Dress,Levis,625,True,Inactive 270+ days,0.0,100.0,0.0
CUST001380,5,6,26546,5309.2,7.8,3.4,2023-02-14,2024-11-10,55,Adult,Male,Surat,No,1,5,Accessories,Bag,Levis,50,False,Active,20.0,100.0,0.0
CUST001381,1,2,4312,4312.0,5.0,3.0,2023-09-05,2023-09-05,27,Adult,Male,Kochi,No,0,1,Footwear,Boots,Bata,482,True,Inactive 270+ days,0.0,100.0,0.0
CUST001382,6,8,23767,3961.17,10.33,3.67,2023-05-22,2024-10-21,56,Adult,Female,Patna,No,0,3,Clothing,Cap,Levis,70,False,Active,0.0,50.0,50.0
CUST001383,4,7,38496,9624.0,9.25,3.25,2023-09-28,2024-11-30,42,Adult,Female,Delhi,Yes,1,3,Clothing,Hoodie,HRX,30,False,Active,25.0,75.0,25.0
CUST001385,3,4,15355,5118.33,8.67,4.0,2023-10-02,2024-03-03,51,Adult,Male,Hyderabad,Yes,0,3,Footwear,Boots,HRX,302,True,Inactive 270+ days,0.0,100.0,0.0
CUST001386,1,1,374,374.0,4.0,5.0,2024-07-22,2024-07-22,23,Young Adult,Male,Noida,No,1,1,Footwear,Slippers,Hush Puppies,161,False,Active,100.0,100.0,0.0
CUST001387,3,5,19229,6409.67,7.33,3.0,2023-04-24,2024-01-11,56,Adult,Male,Jaipur,No,0,3,Clothing,Saree,Adidas,354,True,Inactive 270+ days,0.0,100.0,0.0
CUST001388,3,5,12457,4152.33,3.0,3.33,2023-02-02,2024-12-25,47,Adult,Male,Chennai,No,1,2,Accessories,Wallet,Levis,5,False,Active,33.33,66.67,33.33
CUST001389,5,7,29103,5820.6,5.6,3.0,2023-02-18,2023-12-03,35,Adult,Male,Delhi,No,1,4,Accessories,Belt,Adidas,393,True,Inactive 270+ days,20.0,80.0,20.0
CUST001390,1,1,1773,1773.0,13.0,3.0,2023-10-17,2023-10-17,33,Adult,Other,Hyderabad,No,0,1,Clothing,T-shirt,Nike,440,True,Inactive 270+ days,0.0,100.0,0.0
CUST001391,3,5,18093,6031.0,2.33,2.67,2023-05-08,2024-02-25,63,Adult,Female,Nagpur,Yes,1,3,Clothing,Jacket,HRX,309,True,Inactive 270+ days,33.33,100.0,0.0
CUST001392,5,7,20187,4037.4,7.6,4.0,2023-03-01,2024-12-23,48,Adult,Male,Indore,No,0,2,Accessories,Bag,Adidas,7,False,Active,0.0,40.0,60.0
CUST001393,3,4,19251,6417.0,12.33,3.67,2023-02-06,2023-09-23,49,Adult,Male,Mumbai,Yes,0,3,Clothing,Backpack,Biba,464,True,Inactive 270+ days,0.0,100.0,0.0
CUST001394,2,6,31504,15752.0,3.5,3.0,2023-12-21,2024-07-24,55,Adult,Female,Chandigarh,Yes,0,2,Clothing,Heels,Bata,159,False,Active,0.0,100.0,0.0
CUST001395,4,4,7893,1973.25,5.5,3.0,2023-02-02,2024-12-14,31,Adult,Female,Nagpur,Yes,2,2,Clothing,T-shirt,HRX,16,False,Active,50.0,50.0,50.0
CUST001396,1,3,6236,6236.0,8.0,4.0,2024-10-28,2024-10-28,43,Adult,Female,Kochi,No,0,1,Clothing,Shirt,H&M,63,False,Active,0.0,100.0,0.0
CUST001397,2,3,4941,2470.5,10.5,3.5,2023-03-26,2023-07-04,18,Young Adult,Male,Bangalore,Yes,0,2,Clothing,Formal Shoes,Allen Solly,545,True,Inactive 270+ days,0.0,100.0,0.0
CUST001398,3,3,7323,2441.0,3.67,3.0,2023-02-01,2024-10-21,53,Adult,Male,Noida,No,1,3,Clothing,Saree,Allen Solly,70,False,Active,33.33,100.0,0.0
CUST001399,2,3,12947,6473.5,10.0,5.0,2023-04-13,2024-05-25,20,Young Adult,Female,Jaipur,Yes,1,1,Clothing,Jacket,H&M,219,False,Active,50.0,50.0,50.0
CUST001400,1,1,5569,5569.0,4.0,4.0,2023-08-07,2023-08-07,26,Adult,Female,Visakhapatnam,Yes,0,1,Clothing,Saree,FabIndia,511,True,Inactive 270+ days,0.0,100.0,0.0
CUST001401,2,5,59828,29914.0,8.5,4.5,2023-11-10,2024-05-01,19,Young Adult,Female,Chennai,Yes,0,2,Clothing,Shorts,Nike,243,False,Active,0.0,100.0,0.0
CUST001402,4,9,12714,3178.5,4.25,3.0,2023-05-04,2024-01-03,45,Adult,Female,Indore,Yes,1,3,Clothing,Jeans,Allen Solly,362,True,Inactive 270+ days,25.0,75.0,25.0
CUST001403,5,7,20860,4172.0,8.6,3.6,2023-02-16,2024-12-10,57,Adult,Female,Hyderabad,Yes,0,4,Accessories,Backpack,Nike,20,False,Active,0.0,80.0,20.0
CUST001404,4,5,20521,5130.25,8.0,3.5,2024-03-09,2024-12-29,38,Adult,Male,Gurgaon,No,0,4,Footwear,Backpack,HRX,1,False,Active,0.0,100.0,0.0
CUST001405,4,5,12784,3196.0,5.25,3.5,2023-05-05,2024-03-14,37,Adult,Female,Kochi,No,0,4,Footwear,Backpack,Bata,291,True,Inactive 270+ days,0.0,100.0,0.0
CUST001406,3,3,14458,4819.33,13.0,3.0,2023-03-04,2023-10-09,19,Young Adult,Female,Kochi,No,1,2,Footwear,Heels,HRX,448,True,Inactive 270+ days,33.33,66.67,33.33
CUST001407,1,3,27159,27159.0,1.0,3.0,2023-10-26,2023-10-26,50,Adult,Female,Visakhapatnam,No,1,1,Clothing,Saree,Biba,431,True,Inactive 270+ days,100.0,100.0,0.0
CUST001408,2,3,3020,1510.0,6.5,3.5,2023-01-17,2024-05-09,42,Adult,Male,Hyderabad,No,0,2,Accessories,Kurta,Max,235,False,Active,0.0,100.0,0.0
CUST001409,4,4,19309,4827.25,9.25,3.75,2023-02-12,2024-04-13,51,Adult,Female,Kolkata,Yes,0,3,Clothing,Heels,Biba,261,False,Active,0.0,75.0,25.0
CUST001410,4,5,46369,11592.25,6.75,3.25,2023-10-24,2024-10-16,37,Adult,Female,Chandigarh,No,1,2,Footwear,Backpack,Bata,75,False,Active,25.0,50.0,50.0
CUST001411,2,3,22596,11298.0,11.0,3.5,2023-01-20,2024-01-05,37,Adult,Female,Surat,Yes,0,1,Clothing,Jacket,H&M,360,True,Inactive 270+ days,0.0,50.0,50.0
CUST001412,2,4,7154,3577.0,4.5,3.0,2023-02-14,2023-12-11,62,Adult,Male,Patna,No,1,2,Clothing,Dress,Max,385,True,Inactive 270+ days,50.0,100.0,0.0
CUST001413,2,2,5218,2609.0,2.0,4.0,2023-08-23,2023-12-08,26,Adult,Male,Surat,No,0,2,Clothing,Heels,Max,388,True,Inactive 270+ days,0.0,100.0,0.0
CUST001414,2,3,7215,3607.5,12.0,3.5,2023-03-28,2024-10-04,49,Adult,Female,Pune,Yes,0,1,Clothing,Heels,Hush Puppies,87,False,Active,0.0,50.0,50.0
CUST001415,2,3,8847,4423.5,6.5,4.5,2023-02-24,2024-04-04,39,Adult,Male,Bangalore,No,0,1,Footwear,Formal Shoes,Hush Puppies,270,True,Inactive 270+ days,0.0,50.0,50.0
CUST001416,2,2,6555,3277.5,5.0,3.0,2023-04-02,2024-06-01,35,Adult,Female,Visakhapatnam,Yes,1,2,Accessories,Belt,Bata,212,False,Active,50.0,100.0,0.0
CUST001417,4,7,29935,7483.75,9.25,3.75,2023-06-16,2024-10-05,43,Adult,Female,Patna,No,0,2,Clothing,Jacket,Adidas,86,False,Active,0.0,50.0,50.0
CUST001418,4,7,41836,10459.0,11.25,3.5,2023-01-19,2024-12-22,42,Adult,Male,Indore,No,0,4,Clothing,Saree,FabIndia,8,False,Active,0.0,100.0,0.0
CUST001419,2,2,7763,3881.5,8.0,4.5,2023-11-16,2024-12-09,37,Adult,Female,Ahmedabad,No,0,0,Footwear,Boots,Hush Puppies,21,False,Active,0.0,0.0,100.0
CUST001420,3,6,17061,5687.0,5.67,3.0,2024-04-20,2024-12-03,40,Adult,Male,Chennai,No,1,3,Clothing,Dress,Allen Solly,27,False,Active,33.33,100.0,0.0
CUST001421,2,4,6488,3244.0,9.0,3.0,2023-08-21,2023-09-17,26,Adult,Male,Noida,No,1,2,Accessories,Belt,Roadster,470,True,Inactive 270+ days,50.0,100.0,0.0
CUST001422,1,1,1769,1769.0,10.0,3.0,2023-09-01,2023-09-01,54,Adult,Female,Pune,No,0,1,Clothing,Kurta,FabIndia,486,True,Inactive 270+ days,0.0,100.0,0.0
CUST001423,2,2,6530,3265.0,8.0,3.0,2024-05-06,2024-09-30,28,Adult,Male,Noida,Yes,0,2,Accessories,Dress,H&M,91,False,Active,0.0,100.0,0.0
CUST001424,4,7,101212,25303.0,6.5,3.75,2023-03-24,2024-11-02,33,Adult,Female,Jaipur,Yes,1,4,Clothing,Jacket,Adidas,58,False,Active,25.0,100.0,0.0
CUST001425,3,3,2975,991.67,9.67,3.33,2023-02-07,2024-08-15,60,Adult,Male,Noida,Yes,0,2,Clothing,Shirt,HRX,137,False,Active,0.0,66.67,33.33
CUST001426,4,6,15660,3915.0,8.75,4.25,2023-12-26,2024-07-05,37,Adult,Female,Delhi,No,0,2,Clothing,Dress,Adidas,178,False,Active,0.0,50.0,50.0
CUST001427,3,6,22886,7628.67,11.67,3.67,2023-08-17,2024-11-04,55,Adult,Male,Kochi,Yes,0,2,Clothing,Shorts,Levis,56,False,Active,0.0,66.67,33.33
CUST001428,1,2,3793,3793.0,9.0,4.0,2023-05-24,2023-05-24,54,Adult,Male,Mumbai,No,0,1,Clothing,Jacket,Max,586,True,Inactive 270+ days,0.0,100.0,0.0
CUST001429,4,8,8877,2219.25,8.0,3.25,2023-05-25,2024-06-11,43,Adult,Female,Ahmedabad,No,1,3,Clothing,Belt,Max,202,False,Active,25.0,75.0,25.0
CUST001430,4,4,41381,10345.25,2.75,3.75,2023-01-12,2024-12-20,48,Adult,Male,Bangalore,Yes,0,3,Footwear,Sneakers,Nike,10,False,Active,0.0,75.0,25.0
CUST001431,2,3,9620,4810.0,22.5,3.5,2023-01-31,2023-04-04,41,Adult,Female,Gurgaon,No,0,2,Accessories,Backpack,Puma,636,True,Inactive 270+ days,0.0,100.0,0.0
CUST001432,2,3,12288,6144.0,11.0,3.0,2023-03-11,2023-05-01,54,Adult,Female,Hyderabad,No,0,1,Accessories,Bag,HRX,609,True,Inactive 270+ days,0.0,50.0,50.0
CUST001433,2,3,35853,17926.5,10.0,3.5,2023-03-12,2024-02-23,59,Adult,Female,Hyderabad,No,0,1,Footwear,Formal Shoes,Puma,311,True,Inactive 270+ days,0.0,50.0,50.0
CUST001434,3,3,7851,2617.0,14.67,4.0,2023-04-15,2024-05-27,48,Adult,Female,Ahmedabad,No,0,2,Accessories,Bag,Adidas,217,False,Active,0.0,66.67,33.33
CUST001435,2,4,16634,8317.0,6.5,3.0,2023-08-01,2024-04-05,29,Adult,Female,Indore,No,0,0,Footwear,Heels,Nike,269,False,Active,0.0,0.0,100.0
CUST001436,4,5,36855,9213.75,13.0,4.0,2023-05-22,2024-06-19,60,Adult,Male,Mumbai,No,2,3,Clothing,Belt,Adidas,194,False,Active,50.0,75.0,25.0
CUST001437,2,2,2392,1196.0,5.5,3.5,2024-04-05,2024-11-15,21,Young Adult,Female,Kochi,No,0,1,Accessories,Belt,Levis,45,False,Active,0.0,50.0,50.0
CUST001438,8,14,29011,3626.38,7.0,3.25,2023-06-19,2024-10-17,28,Adult,Male,Mumbai,Yes,3,6,Clothing,Kurta,Hush Puppies,74,False,Active,37.5,75.0,25.0
CUST001439,1,1,3049,3049.0,3.0,5.0,2023-05-30,2023-05-30,28,Adult,Female,Surat,Yes,0,0,Clothing,Shorts,Nike,580,True,Inactive 270+ days,0.0,0.0,100.0
CUST001440,3,4,13275,4425.0,22.33,4.67,2023-07-22,2024-10-13,52,Adult,Other,Indore,No,1,1,Clothing,Jeans,H&M,78,False,Active,33.33,33.33,66.67
CUST001441,4,4,4164,1041.0,10.25,3.25,2023-02-27,2024-10-25,20,Young Adult,Male,Patna,No,1,4,Footwear,Cap,Bata,66,False,Active,25.0,100.0,0.0
CUST001442,1,1,5645,5645.0,13.0,3.0,2023-06-09,2023-06-09,56,Adult,Male,Bangalore,No,0,1,Clothing,Jacket,Nike,570,True,Inactive 270+ days,0.0,100.0,0.0
CUST001443,3,6,98742,32914.0,8.33,3.67,2023-12-01,2024-04-19,39,Adult,Female,Gurgaon,No,1,2,Clothing,Saree,Puma,255,False,Active,33.33,66.67,33.33
CUST001444,3,3,8109,2703.0,6.67,3.33,2023-05-22,2024-12-04,40,Adult,Male,Pune,Yes,0,1,Accessories,Heels,Max,26,False,Active,0.0,33.33,66.67
CUST001445,2,4,4036,2018.0,12.5,4.0,2023-06-28,2023-10-07,52,Adult,Male,Surat,Yes,0,0,Clothing,Kurta,FabIndia,450,True,Inactive 270+ days,0.0,0.0,100.0
CUST001446,3,4,2878,959.33,1.0,2.0,2023-06-07,2024-06-17,34,Adult,Female,Mumbai,No,2,3,Clothing,Kurta,HRX,196,False,Active,66.67,100.0,0.0
CUST001447,6,8,32261,5376.83,13.17,3.5,2023-03-03,2024-10-26,29,Adult,Male,Kolkata,No,0,3,Footwear,Sandals,Allen Solly,65,False,Active,0.0,50.0,50.0
CUST001448,7,11,25512,3644.57,5.43,3.29,2023-06-21,2024-11-17,34,Adult,Female,Patna,Yes,3,5,Accessories,Dress,H&M,43,False,Active,42.86,71.43,28.57
CUST001449,1,1,1462,1462.0,11.0,4.0,2024-12-07,2024-12-07,49,Adult,Female,Bhubaneswar,Yes,0,1,Accessories,Cap,Tommy Hilfiger,23,False,Active,0.0,100.0,0.0
CUST001450,2,2,8636,4318.0,2.0,3.0,2023-07-06,2024-09-12,35,Adult,Male,Kochi,No,1,1,Clothing,Heels,Adidas,109,False,Active,50.0,50.0,50.0
CUST001451,4,6,14796,3699.0,4.5,3.5,2023-02-24,2024-01-05,39,Adult,Male,Chennai,No,1,3,Clothing,Dress,Adidas,360,True,Inactive 270+ days,25.0,75.0,25.0
CUST001452,1,1,1153,1153.0,8.0,3.0,2023-01-01,2023-01-01,60,Adult,Male,Ahmedabad,No,0,1,Clothing,Shirt,Zara,729,True,Inactive 270+ days,0.0,100.0,0.0
CUST001453,1,2,1830,1830.0,5.0,4.0,2024-02-16,2024-02-16,28,Adult,Female,Hyderabad,No,0,0,Accessories,Socks,Tommy Hilfiger,318,True,Inactive 270+ days,0.0,0.0,100.0
CUST001454,5,6,23089,4617.8,9.6,3.6,2023-06-10,2024-11-14,45,Adult,Female,Patna,No,0,3,Accessories,Bag,Tommy Hilfiger,46,False,Active,0.0,60.0,40.0
CUST001455,3,7,20377,6792.33,5.33,3.0,2023-05-11,2024-05-10,62,Adult,Female,Pune,No,0,3,Clothing,Boots,Levis,234,False,Active,0.0,100.0,0.0
CUST001456,2,2,7442,3721.0,8.0,3.5,2023-09-07,2023-11-27,50,Adult,Female,Chandigarh,No,0,0,Accessories,Cap,HRX,399,True,Inactive 270+ days,0.0,0.0,100.0
CUST001457,3,3,15420,5140.0,9.33,3.0,2023-07-22,2024-07-23,54,Adult,Female,Chandigarh,Yes,1,3,Footwear,Boots,Max,160,False,Active,33.33,100.0,0.0
CUST001458,6,9,84342,14057.0,7.67,3.67,2023-05-23,2024-09-09,31,Adult,Male,Kochi,No,1,6,Clothing,Sneakers,Adidas,112,False,Active,16.67,100.0,0.0
CUST001459,2,2,8264,4132.0,5.0,3.0,2024-10-22,2024-11-13,61,Adult,Male,Ahmedabad,No,1,2,Clothing,Jacket,Adidas,47,False,Active,50.0,100.0,0.0
CUST001460,3,3,10091,3363.67,5.0,3.0,2023-08-24,2024-06-23,20,Young Adult,Female,Lucknow,No,0,3,Accessories,Heels,Biba,190,False,Active,0.0,100.0,0.0
CUST001461,1,1,1075,1075.0,3.0,3.0,2023-12-12,2023-12-12,36,Adult,Female,Indore,No,0,0,Clothing,Shorts,HRX,384,True,Inactive 270+ days,0.0,0.0,100.0
CUST001462,1,1,4760,4760.0,1.0,3.0,2024-01-28,2024-01-28,24,Young Adult,Male,Bangalore,No,0,1,Footwear,Running Shoes,HRX,337,True,Inactive 270+ days,0.0,100.0,0.0
CUST001463,2,3,11343,5671.5,7.5,4.0,2023-12-10,2024-07-23,35,Adult,Male,Kolkata,No,0,1,Clothing,Jacket,Biba,160,False,Active,0.0,50.0,50.0
CUST001464,2,2,7954,3977.0,10.0,3.5,2023-09-18,2024-01-21,31,Adult,Male,Bhubaneswar,No,1,1,Accessories,Bag,Puma,344,True,Inactive 270+ days,50.0,50.0,50.0
CUST001465,5,5,13062,2612.4,12.2,4.0,2023-07-20,2024-08-19,57,Adult,Male,Pune,No,2,1,Clothing,Jacket,Puma,133,False,Active,40.0,20.0,80.0
CUST001466,6,10,21907,3651.17,12.5,3.0,2023-07-21,2024-11-04,38,Adult,Female,Patna,Yes,1,4,Clothing,Dress,FabIndia,56,False,Active,16.67,66.67,33.33
CUST001467,3,5,13143,4381.0,2.0,3.33,2024-01-09,2024-10-19,36,Adult,Female,Hyderabad,Yes,2,3,Clothing,Boots,Bata,72,False,Active,66.67,100.0,0.0
CUST001468,3,3,19126,6375.33,6.33,3.33,2023-09-10,2024-09-16,28,Adult,Female,Jaipur,No,0,1,Clothing,Saree,Biba,105,False,Active,0.0,33.33,66.67
CUST001469,6,8,44257,7376.17,8.0,3.67,2023-06-17,2024-11-03,57,Adult,Female,Mumbai,No,1,6,Clothing,Running Shoes,Adidas,57,False,Active,16.67,100.0,0.0
CUST001470,1,1,352,352.0,10.0,2.0,2024-08-27,2024-08-27,46,Adult,Female,Mumbai,No,0,1,Accessories,Cap,Fastrack,125,False,Active,0.0,100.0,0.0
CUST001471,1,1,2485,2485.0,6.0,5.0,2023-04-18,2023-04-18,50,Adult,Female,Jaipur,No,0,0,Clothing,Trousers,Zara,622,True,Inactive 270+ days,0.0,0.0,100.0
CUST001473,2,2,1214,607.0,4.5,3.0,2024-07-29,2024-11-27,57,Adult,Male,Noida,No,2,2,Clothing,Shirt,Max,33,False,Active,100.0,100.0,0.0
CUST001474,3,3,11885,3961.67,9.0,3.67,2023-06-20,2024-02-10,59,Adult,Male,Hyderabad,No,1,2,Clothing,Hoodie,Adidas,324,True,Inactive 270+ days,33.33,66.67,33.33
CUST001475,2,3,9976,4988.0,8.5,4.0,2023-03-04,2023-04-25,37,Adult,Female,Hyderabad,No,0,2,Accessories,Jacket,Adidas,615,True,Inactive 270+ days,0.0,100.0,0.0
CUST001476,2,2,9802,4901.0,10.0,4.0,2023-01-30,2024-10-31,63,Adult,Male,Nagpur,No,1,2,Clothing,Jacket,Adidas,60,False,Active,50.0,100.0,0.0
CUST001477,1,1,606,606.0,3.0,4.0,2023-08-06,2023-08-06,52,Adult,Female,Kochi,No,0,1,Footwear,Slippers,Bata,512,True,Inactive 270+ days,0.0,100.0,0.0
CUST001479,2,2,22283,11141.5,2.5,3.0,2023-07-12,2023-12-02,34,Adult,Female,Patna,No,0,2,Clothing,Running Shoes,FabIndia,394,True,Inactive 270+ days,0.0,100.0,0.0
CUST001480,4,5,28083,7020.75,10.5,2.75,2023-05-27,2024-04-13,26,Adult,Male,Noida,No,1,3,Footwear,Bag,Adidas,261,False,Active,25.0,75.0,25.0
CUST001481,2,4,40858,20429.0,1.5,3.5,2023-02-05,2024-07-14,38,Adult,Male,Kochi,No,0,2,Accessories,Bag,Hush Puppies,169,False,Active,0.0,100.0,0.0
CUST001482,1,2,47278,47278.0,7.0,4.0,2024-03-17,2024-03-17,30,Adult,Female,Lucknow,Yes,0,0,Footwear,Running Shoes,Nike,288,True,Inactive 270+ days,0.0,0.0,100.0
CUST001483,3,5,47246,15748.67,6.0,3.33,2023-03-09,2024-05-30,26,Adult,Female,Hyderabad,No,0,3,Accessories,Cap,Puma,214,False,Active,0.0,100.0,0.0
CUST001484,3,5,35977,11992.33,9.67,4.0,2023-06-10,2023-12-30,42,Adult,Male,Indore,No,0,3,Footwear,Sneakers,Puma,366,True,Inactive 270+ days,0.0,100.0,0.0
CUST001485,4,6,35929,8982.25,10.25,4.0,2023-03-29,2023-07-26,56,Adult,Male,Patna,No,0,3,Clothing,Kurta,Adidas,523,True,Inactive 270+ days,0.0,75.0,25.0
CUST001486,4,4,6289,1572.25,2.0,3.25,2023-01-19,2024-02-03,21,Young Adult,Female,Jaipur,Yes,1,3,Clothing,Shorts,Bata,331,True,Inactive 270+ days,25.0,75.0,25.0
CUST001487,1,1,7912,7912.0,6.0,3.0,2023-02-23,2023-02-23,48,Adult,Female,Pune,No,0,1,Accessories,Bag,Tommy Hilfiger,676,True,Inactive 270+ days,0.0,100.0,0.0
CUST001488,3,3,22351,7450.33,8.33,3.33,2023-03-05,2024-12-23,28,Adult,Female,Ahmedabad,No,0,2,Footwear,Boots,FabIndia,7,False,Active,0.0,66.67,33.33
CUST001489,7,8,36109,5158.43,8.0,3.57,2023-01-03,2024-07-09,56,Adult,Female,Nagpur,No,0,5,Clothing,Dress,Max,174,False,Active,0.0,71.43,28.57
CUST001490,5,9,21670,4334.0,5.4,3.0,2023-03-15,2024-03-04,58,Adult,Female,Kolkata,No,1,2,Clothing,Belt,Adidas,301,True,Inactive 270+ days,20.0,40.0,60.0
CUST001491,6,10,80901,13483.5,9.67,3.5,2023-02-02,2024-11-16,42,Adult,Male,Noida,No,1,5,Accessories,Belt,Puma,44,False,Active,16.67,83.33,16.67
CUST001492,2,2,6103,3051.5,10.0,3.5,2023-04-11,2023-10-16,45,Adult,Female,Lucknow,Yes,0,1,Accessories,Sneakers,HRX,441,True,Inactive 270+ days,0.0,50.0,50.0
CUST001493,3,6,13832,4610.67,5.33,3.33,2024-06-18,2024-08-13,37,Adult,Female,Visakhapatnam,No,0,2,Clothing,Saree,Bata,139,False,Active,0.0,66.67,33.33
CUST001494,1,1,1677,1677.0,3.0,5.0,2024-03-02,2024-03-02,42,Adult,Male,Kolkata,No,0,0,Clothing,Shorts,Zara,303,True,Inactive 270+ days,0.0,0.0,100.0
CUST001495,1,2,1913,1913.0,11.0,3.0,2024-03-14,2024-03-14,60,Adult,Male,Kolkata,No,0,1,Clothing,Kurta,FabIndia,291,True,Inactive 270+ days,0.0,100.0,0.0
CUST001496,3,3,9065,3021.67,2.33,4.0,2023-01-25,2023-12-16,52,Adult,Female,Ahmedabad,No,1,2,Clothing,Kurta,Adidas,380,True,Inactive 270+ days,33.33,66.67,33.33
CUST001497,4,4,15918,3979.5,5.25,4.0,2023-01-08,2024-09-28,62,Adult,Male,Surat,No,1,3,Clothing,Backpack,H&M,93,False,Active,25.0,75.0,25.0
CUST001498,4,6,23021,5755.25,9.25,3.25,2023-03-05,2024-12-10,44,Adult,Female,Noida,No,0,4,Clothing,Jacket,Levis,20,False,Active,0.0,100.0,0.0
CUST001499,5,7,30779,6155.8,5.0,2.8,2023-06-09,2024-12-18,25,Young Adult,Male,Bangalore,No,2,5,Clothing,Jacket,Adidas,12,False,Active,40.0,100.0,0.0
CUST001500,2,4,40466,20233.0,48.0,3.0,2023-12-07,2024-11-19,46,Adult,Female,Nagpur,Yes,1,1,Clothing,Kurta,FabIndia,41,False,Active,50.0,50.0,50.0
CUST001501,1,1,6702,6702.0,3.0,2.0,2024-03-06,2024-03-06,25,Young Adult,Male,Delhi,No,1,1,Accessories,Sunglasses,Levis,299,True,Inactive 270+ days,100.0,100.0,0.0
CUST001502,3,4,7264,2421.33,8.33,3.0,2023-04-04,2024-03-31,29,Adult,Male,Lucknow,Yes,1,3,Clothing,Running Shoes,HRX,274,True,Inactive 270+ days,33.33,100.0,0.0
CUST001503,4,4,7744,1936.0,3.75,3.25,2023-05-21,2024-07-29,29,Adult,Female,Ahmedabad,No,2,3,Clothing,Backpack,HRX,154,False,Active,50.0,75.0,25.0
CUST001504,2,2,3236,1618.0,11.0,2.5,2024-09-17,2024-10-18,61,Adult,Male,Hyderabad,No,0,2,Accessories,Belt,Wildcraft,73,False,Active,0.0,100.0,0.0
CUST001505,1,2,691,691.0,5.0,3.0,2023-01-13,2023-01-13,22,Young Adult,Female,Chandigarh,No,0,1,Clothing,T-shirt,HRX,717,True,Inactive 270+ days,0.0,100.0,0.0
CUST001506,5,8,27459,5491.8,13.0,3.2,2023-09-13,2024-11-24,39,Adult,Female,Bangalore,No,1,5,Clothing,Saree,FabIndia,36,False,Active,20.0,100.0,0.0
CUST001507,5,7,17670,3534.0,8.8,3.8,2023-01-06,2024-07-09,45,Adult,Female,Gurgaon,No,0,3,Accessories,Backpack,Puma,174,False,Active,0.0,60.0,40.0
CUST001508,4,5,14468,3617.0,15.5,3.0,2023-01-10,2024-11-26,46,Adult,Female,Patna,No,1,3,Clothing,Cap,Adidas,34,False,Active,25.0,75.0,25.0
CUST001509,3,4,10133,3377.67,3.0,3.33,2023-03-26,2024-10-05,37,Adult,Male,Ahmedabad,Yes,0,2,Clothing,Saree,Max,86,False,Active,0.0,66.67,33.33
CUST001510,2,4,22186,11093.0,9.0,5.0,2023-05-31,2024-01-22,28,Adult,Female,Chennai,Yes,0,2,Clothing,Hoodie,FabIndia,343,True,Inactive 270+ days,0.0,100.0,0.0
CUST001511,1,1,779,779.0,14.0,3.0,2024-04-24,2024-04-24,51,Adult,Male,Noida,Yes,0,1,Clothing,T-shirt,Max,250,False,Active,0.0,100.0,0.0
CUST001512,5,10,22951,4590.2,6.4,3.6,2023-01-20,2024-05-13,20,Young Adult,Male,Gurgaon,No,1,5,Accessories,Cap,Bata,231,False,Active,20.0,100.0,0.0
CUST001513,4,4,21229,5307.25,11.25,3.25,2023-03-30,2024-10-17,61,Adult,Female,Bangalore,No,1,2,Accessories,Bag,Fastrack,74,False,Active,25.0,50.0,50.0
CUST001514,2,3,28366,14183.0,3.5,4.0,2023-11-21,2024-06-07,62,Adult,Female,Noida,No,0,2,Footwear,Running Shoes,Adidas,206,False,Active,0.0,100.0,0.0
CUST001515,3,7,23898,7966.0,2.67,2.67,2024-09-07,2024-11-25,28,Adult,Female,Delhi,No,0,2,Footwear,Heels,Adidas,35,False,Active,0.0,66.67,33.33
CUST001516,3,6,13289,4429.67,8.33,3.67,2023-07-20,2024-08-06,53,Adult,Female,Chandigarh,No,2,2,Footwear,Formal Shoes,Allen Solly,146,False,Active,66.67,66.67,33.33
CUST001517,7,11,53166,7595.14,9.71,3.14,2023-02-23,2024-12-17,38,Adult,Female,Hyderabad,No,1,5,Footwear,Heels,Max,13,False,Active,14.29,71.43,28.57
CUST001518,2,2,26258,13129.0,3.5,3.0,2023-03-22,2023-07-20,36,Adult,Other,Nagpur,No,0,2,Clothing,Dress,Max,529,True,Inactive 270+ days,0.0,100.0,0.0
CUST001519,4,7,12014,3003.5,12.75,4.5,2023-05-26,2024-07-10,60,Adult,Male,Noida,Yes,0,3,Accessories,Belt,Allen Solly,173,False,Active,0.0,75.0,25.0
CUST001520,4,5,7049,1762.25,3.25,3.75,2023-06-14,2024-04-12,27,Adult,Female,Chennai,No,1,3,Clothing,Sandals,Adidas,262,False,Active,25.0,75.0,25.0
CUST001521,1,1,4254,4254.0,5.0,4.0,2023-04-18,2023-04-18,54,Adult,Female,Ahmedabad,Yes,0,0,Clothing,Hoodie,Nike,622,True,Inactive 270+ days,0.0,0.0,100.0
CUST001522,3,3,26925,8975.0,14.33,3.67,2023-11-24,2024-11-22,46,Adult,Male,Chennai,No,0,2,Clothing,Hoodie,Adidas,38,False,Active,0.0,66.67,33.33
CUST001523,2,2,1385,692.5,7.5,3.0,2023-05-17,2024-07-07,26,Adult,Male,Pune,No,1,1,Accessories,Heels,Bata,176,False,Active,50.0,50.0,50.0
CUST001524,8,16,61515,7689.38,8.5,3.25,2023-03-31,2024-10-19,30,Adult,Female,Bangalore,No,2,5,Clothing,Kurta,Biba,72,False,Active,25.0,62.5,37.5
CUST001525,2,2,25332,12666.0,9.5,3.5,2023-05-01,2023-07-28,29,Adult,Male,Indore,No,0,2,Clothing,Jacket,Nike,521,True,Inactive 270+ days,0.0,100.0,0.0
CUST001526,3,3,35559,11853.0,8.67,3.67,2023-03-23,2024-09-30,48,Adult,Female,Lucknow,No,0,3,Footwear,Backpack,Fastrack,91,False,Active,0.0,100.0,0.0
CUST001527,4,4,13182,3295.5,5.0,2.25,2023-08-30,2024-06-11,56,Adult,Female,Mumbai,No,2,2,Clothing,Kurta,Bata,202,False,Active,50.0,50.0,50.0
CUST001528,4,6,21182,5295.5,9.75,4.25,2023-03-12,2024-04-27,54,Adult,Other,Jaipur,No,0,3,Clothing,Jacket,Puma,247,False,Active,0.0,75.0,25.0
CUST001530,2,2,7839,3919.5,6.5,3.5,2023-03-29,2023-07-20,43,Adult,Male,Ahmedabad,No,1,2,Clothing,Heels,Max,529,True,Inactive 270+ days,50.0,100.0,0.0
CUST001531,2,3,25955,12977.5,8.0,4.0,2024-06-09,2024-07-09,46,Adult,Male,Mumbai,No,0,2,Accessories,Cap,Nike,174,False,Active,0.0,100.0,0.0
CUST001532,4,6,9460,2365.0,7.25,3.25,2023-06-27,2024-11-18,23,Young Adult,Female,Visakhapatnam,No,2,3,Footwear,Belt,HRX,42,False,Active,50.0,75.0,25.0
CUST001533,3,3,38746,12915.33,8.0,3.33,2023-05-06,2024-05-25,42,Adult,Female,Chennai,No,2,2,Accessories,Bag,FabIndia,219,False,Active,66.67,66.67,33.33
CUST001534,6,8,26311,4385.17,10.0,3.33,2023-04-05,2024-08-07,27,Adult,Male,Chennai,No,1,4,Clothing,Saree,Biba,145,False,Active,16.67,66.67,33.33
CUST001535,2,2,4147,2073.5,10.0,4.0,2023-08-01,2024-11-20,37,Adult,Male,Hyderabad,No,2,2,Clothing,Sneakers,Puma,40,False,Active,100.0,100.0,0.0
CUST001536,2,3,28043,14021.5,8.5,3.5,2023-09-13,2024-04-19,34,Adult,Male,Pune,No,0,1,Clothing,Jacket,HRX,255,False,Active,0.0,50.0,50.0
CUST001537,2,2,3595,1797.5,8.0,2.5,2024-01-27,2024-07-29,34,Adult,Male,Mumbai,No,0,2,Accessories,Belt,Fastrack,154,False,Active,0.0,100.0,0.0
CUST001538,6,7,15831,2638.5,10.5,2.83,2023-02-11,2024-09-08,21,Young Adult,Male,Gurgaon,Yes,0,5,Clothing,Bag,Bata,113,False,Active,0.0,83.33,16.67
CUST001539,6,8,28593,4765.5,6.17,3.67,2023-09-14,2024-10-12,42,Adult,Female,Ahmedabad,Yes,1,5,Footwear,Cap,Puma,79,False,Active,16.67,83.33,16.67
CUST001540,4,6,18832,4708.0,2.25,3.75,2023-05-03,2024-04-18,34,Adult,Male,Nagpur,No,1,3,Clothing,Kurta,Adidas,256,False,Active,25.0,75.0,25.0
CUST001541,3,4,12043,4014.33,9.0,3.33,2024-03-05,2024-10-22,46,Adult,Male,Hyderabad,No,0,2,Footwear,Heels,Adidas,69,False,Active,0.0,66.67,33.33
CUST001542,3,4,25410,8470.0,5.67,3.67,2023-02-28,2024-12-29,19,Young Adult,Female,Bangalore,No,0,3,Footwear,Sneakers,HRX,1,False,Active,0.0,100.0,0.0
CUST001543,4,6,41292,10323.0,6.25,4.0,2023-02-20,2024-11-18,44,Adult,Female,Visakhapatnam,Yes,1,3,Clothing,Running Shoes,Puma,42,False,Active,25.0,75.0,25.0
CUST001544,4,6,31842,7960.5,8.5,3.5,2023-02-07,2024-10-26,31,Adult,Male,Lucknow,No,0,4,Footwear,Jacket,Bata,65,False,Active,0.0,100.0,0.0
CUST001545,5,6,45782,9156.4,6.8,3.0,2023-02-22,2023-12-30,47,Adult,Male,Patna,Yes,0,4,Clothing,Dress,FabIndia,366,True,Inactive 270+ days,0.0,80.0,20.0
CUST001546,3,5,14259,4753.0,4.67,3.33,2023-09-04,2024-12-19,46,Adult,Female,Chandigarh,No,1,1,Clothing,Heels,Bata,11,False,Active,33.33,33.33,66.67
CUST001547,1,1,22426,22426.0,6.0,4.0,2024-06-01,2024-06-01,40,Adult,Male,Indore,No,0,1,Footwear,Running Shoes,Nike,212,False,Active,0.0,100.0,0.0
CUST001548,3,3,10511,3503.67,20.0,3.33,2023-04-21,2024-06-23,27,Adult,Male,Kochi,No,1,3,Clothing,Jacket,Levis,190,False,Active,33.33,100.0,0.0
CUST001549,5,7,76968,15393.6,12.6,3.6,2023-08-16,2024-12-09,60,Adult,Male,Kolkata,Yes,1,3,Footwear,Running Shoes,Nike,21,False,Active,20.0,60.0,40.0
CUST001550,1,1,1649,1649.0,11.0,3.0,2023-08-07,2023-08-07,23,Young Adult,Female,Delhi,Yes,0,1,Clothing,Dress,Max,511,True,Inactive 270+ days,0.0,100.0,0.0
CUST001551,3,4,8238,2746.0,6.33,2.67,2024-03-16,2024-12-25,32,Adult,Female,Bhubaneswar,No,0,3,Accessories,Belt,Fastrack,5,False,Active,0.0,100.0,0.0
CUST001552,1,1,5096,5096.0,13.0,3.0,2024-01-04,2024-01-04,23,Young Adult,Female,Bangalore,No,0,1,Footwear,Sneakers,HRX,361,True,Inactive 270+ days,0.0,100.0,0.0
CUST001553,2,3,6194,3097.0,2.0,3.0,2023-08-23,2023-11-29,29,Adult,Male,Jaipur,No,1,2,Clothing,Shorts,Puma,397,True,Inactive 270+ days,50.0,100.0,0.0
CUST001554,4,5,14526,3631.5,4.5,3.5,2023-02-06,2024-08-13,53,Adult,Male,Chennai,No,0,4,Clothing,Jacket,Max,139,False,Active,0.0,100.0,0.0
CUST001555,3,7,33693,11231.0,7.67,3.67,2023-10-01,2024-07-12,41,Adult,Male,Delhi,No,0,3,Clothing,Kurta,Biba,171,False,Active,0.0,100.0,0.0
CUST001556,2,2,3591,1795.5,21.5,2.5,2024-02-24,2024-11-18,55,Adult,Male,Indore,No,1,2,Clothing,Shorts,Max,42,False,Active,50.0,100.0,0.0
CUST001557,2,3,11756,5878.0,6.5,4.0,2024-02-22,2024-05-27,28,Adult,Male,Gurgaon,No,0,2,Clothing,Kurta,Max,217,False,Active,0.0,100.0,0.0
CUST001558,3,4,32331,10777.0,7.67,4.0,2023-04-16,2024-05-16,24,Young Adult,Male,Surat,No,1,2,Accessories,Jacket,Puma,228,False,Active,33.33,66.67,33.33
CUST001559,2,3,2980,1490.0,7.0,3.5,2023-04-27,2023-09-16,57,Adult,Female,Indore,Yes,0,1,Clothing,Heels,H&M,471,True,Inactive 270+ days,0.0,50.0,50.0
CUST001560,2,2,5828,2914.0,13.0,3.0,2024-09-10,2024-09-17,22,Young Adult,Male,Mumbai,No,0,2,Accessories,Bag,Wildcraft,104,False,Active,0.0,100.0,0.0
CUST001561,1,3,16264,16264.0,5.0,2.0,2023-09-07,2023-09-07,19,Young Adult,Male,Pune,No,0,1,Footwear,Running Shoes,HRX,480,True,Inactive 270+ days,0.0,100.0,0.0
CUST001562,2,4,3255,1627.5,5.5,4.0,2023-02-09,2023-06-04,35,Adult,Female,Chennai,No,0,1,Clothing,Slippers,HRX,575,True,Inactive 270+ days,0.0,50.0,50.0
CUST001564,5,8,33739,6747.8,3.6,2.8,2023-04-16,2024-08-12,41,Adult,Female,Mumbai,No,1,3,Clothing,Heels,Adidas,140,False,Active,20.0,60.0,40.0
CUST001566,3,4,32007,10669.0,9.33,4.0,2023-05-29,2024-03-12,56,Adult,Male,Indore,Yes,2,3,Clothing,Saree,Adidas,293,True,Inactive 270+ days,66.67,100.0,0.0
CUST001567,1,1,3339,3339.0,3.0,4.0,2023-01-18,2023-01-18,59,Adult,Male,Lucknow,Yes,0,1,Clothing,Jacket,Puma,712,True,Inactive 270+ days,0.0,100.0,0.0
CUST001568,5,8,62732,12546.4,14.8,3.6,2023-01-28,2024-09-09,49,Adult,Female,Chennai,No,0,4,Accessories,Backpack,Puma,112,False,Active,0.0,80.0,20.0
CUST001569,8,10,24408,3051.0,9.12,3.0,2023-01-23,2024-07-24,59,Adult,Male,Ahmedabad,Yes,0,3,Clothing,Shorts,Max,159,False,Active,0.0,37.5,62.5
CUST001570,3,5,15113,5037.67,9.33,4.33,2023-04-17,2023-11-03,26,Adult,Male,Patna,No,0,2,Accessories,Backpack,H&M,423,True,Inactive 270+ days,0.0,66.67,33.33
CUST001571,1,2,492,492.0,12.0,3.0,2023-04-25,2023-04-25,37,Adult,Female,Pune,Yes,0,1,Accessories,Socks,Wildcraft,615,True,Inactive 270+ days,0.0,100.0,0.0
CUST001572,1,1,189,189.0,2.0,3.0,2024-04-08,2024-04-08,21,Young Adult,Female,Surat,No,0,1,Accessories,Socks,Fastrack,266,False,Active,0.0,100.0,0.0
CUST001573,5,8,38446,7689.2,9.2,2.4,2024-03-25,2024-12-10,56,Adult,Male,Bhubaneswar,No,3,5,Clothing,Hoodie,HRX,20,False,Active,60.0,100.0,0.0
CUST001574,1,3,26644,26644.0,6.0,3.0,2023-05-15,2023-05-15,33,Adult,Female,Visakhapatnam,No,0,0,Clothing,Saree,FabIndia,595,True,Inactive 270+ days,0.0,0.0,100.0
CUST001575,3,4,47736,15912.0,7.67,3.0,2024-03-31,2024-12-29,34,Adult,Female,Chandigarh,Yes,0,2,Clothing,Dress,Adidas,1,False,Active,0.0,66.67,33.33
CUST001577,2,2,5797,2898.5,13.0,2.5,2023-07-01,2024-11-30,27,Adult,Male,Pune,No,1,2,Clothing,Saree,Bata,30,False,Active,50.0,100.0,0.0
CUST001578,3,3,15741,5247.0,5.33,2.67,2023-02-26,2024-07-02,42,Adult,Male,Mumbai,Yes,1,2,Clothing,Kurta,FabIndia,181,False,Active,33.33,66.67,33.33
CUST001579,3,5,53998,17999.33,2.33,3.67,2023-03-26,2024-12-16,36,Adult,Female,Hyderabad,No,1,2,Footwear,Formal Shoes,Bata,14,False,Active,33.33,66.67,33.33
CUST001580,1,1,1612,1612.0,0.0,4.0,2023-04-17,2023-04-17,27,Adult,Other,Delhi,Yes,1,0,Clothing,Shirt,Roadster,623,True,Inactive 270+ days,100.0,0.0,100.0
CUST001581,2,2,10009,5004.5,18.0,3.5,2023-10-29,2023-10-30,22,Young Adult,Male,Delhi,No,0,1,Footwear,Heels,Bata,427,True,Inactive 270+ days,0.0,50.0,50.0
CUST001582,5,6,9199,1839.8,8.8,3.4,2023-04-15,2024-11-20,42,Adult,Male,Kochi,No,1,3,Clothing,Kurta,Biba,40,False,Active,20.0,60.0,40.0
CUST001583,1,3,3148,3148.0,13.0,5.0,2024-08-22,2024-08-22,50,Adult,Male,Kochi,Yes,0,0,Clothing,T-shirt,Nike,130,False,Active,0.0,0.0,100.0
CUST001584,3,4,9401,3133.67,4.33,3.33,2023-05-20,2024-12-17,58,Adult,Female,Patna,No,0,2,Accessories,Backpack,FabIndia,13,False,Active,0.0,66.67,33.33
CUST001586,2,3,10353,5176.5,10.0,4.0,2023-05-15,2024-03-10,21,Young Adult,Female,Jaipur,No,0,2,Accessories,Jacket,Puma,295,True,Inactive 270+ days,0.0,100.0,0.0
CUST001587,2,3,3051,1525.5,2.0,3.0,2023-01-13,2023-12-08,54,Adult,Male,Surat,No,0,1,Accessories,Shorts,HRX,388,True,Inactive 270+ days,0.0,50.0,50.0
CUST001588,2,6,11528,5764.0,5.5,3.0,2023-03-06,2024-05-23,18,Young Adult,Female,Chennai,No,1,1,Footwear,Boots,Hush Puppies,221,False,Active,50.0,50.0,50.0
CUST001589,2,5,6058,3029.0,9.0,2.5,2024-02-06,2024-09-20,37,Adult,Female,Delhi,No,1,2,Clothing,Heels,Bata,101,False,Active,50.0,100.0,0.0
CUST001590,5,7,13223,2644.6,8.0,3.6,2023-05-11,2023-10-06,51,Adult,Male,Bangalore,No,1,4,Clothing,Shorts,Puma,451,True,Inactive 270+ days,20.0,80.0,20.0
CUST001591,3,5,12600,4200.0,9.0,3.67,2023-02-03,2023-12-05,30,Adult,Male,Nagpur,Yes,0,3,Clothing,Jacket,Max,391,True,Inactive 270+ days,0.0,100.0,0.0
CUST001592,2,3,7353,3676.5,12.0,3.0,2024-01-03,2024-08-01,48,Adult,Other,Kolkata,Yes,0,1,Clothing,Shorts,Levis,151,False,Active,0.0,50.0,50.0
CUST001593,2,2,20804,10402.0,5.5,4.0,2023-02-11,2024-02-24,51,Adult,Male,Indore,No,0,1,Accessories,Belt,Levis,310,True,Inactive 270+ days,0.0,50.0,50.0
CUST001594,2,2,3893,1946.5,1.5,3.0,2024-04-12,2024-05-03,48,Adult,Female,Delhi,No,0,1,Clothing,Formal Shoes,Bata,241,False,Active,0.0,50.0,50.0
CUST001595,2,2,8878,4439.0,4.5,4.5,2023-12-18,2024-06-10,30,Adult,Male,Visakhapatnam,Yes,0,0,Clothing,Hoodie,Levis,203,False,Active,0.0,0.0,100.0
CUST001596,1,1,1007,1007.0,14.0,3.0,2024-07-02,2024-07-02,28,Adult,Female,Delhi,No,0,1,Accessories,Belt,Tommy Hilfiger,181,False,Active,0.0,100.0,0.0
CUST001597,2,3,13636,6818.0,15.0,4.0,2024-03-30,2024-08-22,21,Young Adult,Female,Hyderabad,No,0,2,Clothing,Saree,Adidas,130,False,Active,0.0,100.0,0.0
CUST001598,3,3,34274,11424.67,6.0,4.0,2023-06-01,2023-11-15,27,Adult,Female,Bangalore,No,1,2,Footwear,Running Shoes,FabIndia,411,True,Inactive 270+ days,33.33,66.67,33.33
CUST001599,4,4,16073,4018.25,5.0,3.75,2023-05-23,2024-09-16,19,Young Adult,Male,Bangalore,Yes,0,4,Clothing,Backpack,FabIndia,105,False,Active,0.0,100.0,0.0
CUST001600,4,5,15576,3894.0,4.25,3.5,2024-03-27,2024-10-26,25,Young Adult,Female,Kolkata,No,0,1,Clothing,Boots,Max,65,False,Active,0.0,25.0,75.0
CUST001601,5,6,17637,3527.4,8.4,4.0,2023-06-27,2024-12-11,25,Young Adult,Female,Visakhapatnam,Yes,3,4,Clothing,Dress,Puma,19,False,Active,60.0,80.0,20.0
CUST001602,3,5,31292,10430.67,10.0,4.33,2024-07-26,2024-10-09,28,Adult,Male,Gurgaon,No,0,2,Accessories,Belt,Max,82,False,Active,0.0,66.67,33.33
CUST001603,4,7,30368,7592.0,6.25,4.25,2023-01-07,2024-10-18,27,Adult,Female,Delhi,No,1,2,Clothing,Kurta,Biba,73,False,Active,25.0,50.0,50.0
CUST001604,1,2,7520,7520.0,6.0,4.0,2023-09-11,2023-09-11,21,Young Adult,Female,Kochi,Yes,0,1,Footwear,Formal Shoes,Zara,476,True,Inactive 270+ days,0.0,100.0,0.0
CUST001605,5,8,61193,12238.6,11.6,4.2,2023-05-27,2024-12-09,64,Adult,Female,Noida,No,0,4,Footwear,Formal Shoes,Puma,21,False,Active,0.0,80.0,20.0
CUST001606,1,1,369,369.0,8.0,3.0,2023-07-02,2023-07-02,23,Young Adult,Male,Indore,No,0,1,Clothing,Kurta,Max,547,True,Inactive 270+ days,0.0,100.0,0.0
CUST001607,6,6,21429,3571.5,13.5,3.83,2023-01-03,2024-10-13,57,Adult,Female,Ahmedabad,Yes,1,4,Footwear,Heels,Adidas,78,False,Active,16.67,66.67,33.33
CUST001608,4,9,34839,8709.75,5.25,3.0,2023-10-11,2024-09-12,36,Adult,Female,Bangalore,No,2,3,Clothing,Boots,Bata,109,False,Active,50.0,75.0,25.0
CUST001609,1,1,1044,1044.0,7.0,3.0,2023-05-10,2023-05-10,42,Adult,Male,Nagpur,Yes,0,1,Accessories,Sunglasses,Fastrack,600,True,Inactive 270+ days,0.0,100.0,0.0
CUST001610,4,4,34411,8602.75,5.75,4.25,2023-02-03,2024-11-20,52,Adult,Male,Mumbai,No,1,4,Clothing,Kurta,Adidas,40,False,Active,25.0,100.0,0.0
CUST001611,2,2,8738,4369.0,10.5,3.0,2023-05-20,2024-12-15,19,Young Adult,Male,Chandigarh,No,0,1,Accessories,Bag,Levis,15,False,Active,0.0,50.0,50.0
CUST001612,2,2,1023,511.5,5.5,2.5,2023-07-11,2024-06-05,58,Adult,Male,Bangalore,No,0,2,Accessories,Backpack,Fastrack,208,False,Active,0.0,100.0,0.0
CUST001613,1,1,8154,8154.0,16.0,4.0,2023-08-11,2023-08-11,27,Adult,Male,Patna,Yes,0,0,Clothing,Saree,Biba,507,True,Inactive 270+ days,0.0,0.0,100.0
CUST001614,2,4,34223,17111.5,10.0,3.0,2023-02-05,2023-03-29,34,Adult,Male,Mumbai,No,1,1,Footwear,Running Shoes,HRX,642,True,Inactive 270+ days,50.0,50.0,50.0
CUST001615,3,5,13129,4376.33,10.67,3.67,2023-05-06,2024-02-27,20,Young Adult,Male,Gurgaon,No,0,2,Clothing,Jacket,Max,307,True,Inactive 270+ days,0.0,66.67,33.33
CUST001616,3,4,15119,5039.67,10.0,3.67,2023-08-10,2024-01-26,48,Adult,Female,Bangalore,No,1,2,Clothing,Kurta,Biba,339,True,Inactive 270+ days,33.33,66.67,33.33
CUST001617,1,1,1428,1428.0,0.0,4.0,2023-11-25,2023-11-25,47,Adult,Female,Bhubaneswar,No,0,1,Accessories,Sunglasses,Puma,401,True,Inactive 270+ days,0.0,100.0,0.0
CUST001618,1,1,12856,12856.0,7.0,3.0,2024-11-17,2024-11-17,20,Young Adult,Female,Noida,Yes,0,1,Footwear,Running Shoes,Puma,43,False,Active,0.0,100.0,0.0
CUST001619,5,9,71204,14240.8,8.0,3.0,2023-03-04,2024-08-16,26,Adult,Female,Jaipur,No,1,5,Footwear,Running Shoes,HRX,136,False,Active,20.0,100.0,0.0
CUST001620,7,12,37240,5320.0,9.86,4.0,2023-03-30,2024-10-04,37,Adult,Male,Lucknow,No,2,4,Clothing,Shorts,Adidas,87,False,Active,28.57,57.14,42.86
CUST001621,2,2,10092,5046.0,5.5,4.0,2023-02-19,2024-05-29,25,Young Adult,Female,Jaipur,No,0,1,Clothing,Formal Shoes,Puma,215,False,Active,0.0,50.0,50.0
CUST001622,2,3,8253,4126.5,29.5,3.5,2023-10-04,2024-12-01,44,Adult,Male,Gurgaon,No,0,2,Clothing,Saree,Biba,29,False,Active,0.0,100.0,0.0
CUST001623,5,8,24901,4980.2,4.0,4.0,2023-04-18,2024-10-19,30,Adult,Female,Pune,No,0,4,Footwear,Heels,Puma,72,False,Active,0.0,80.0,20.0
CUST001624,5,12,43292,8658.4,10.0,3.6,2023-04-25,2024-11-05,43,Adult,Male,Kolkata,No,1,4,Footwear,Boots,Max,55,False,Active,20.0,80.0,20.0
CUST001625,1,1,487,487.0,1.0,4.0,2023-07-30,2023-07-30,36,Adult,Male,Noida,No,0,1,Accessories,Socks,Tommy Hilfiger,519,True,Inactive 270+ days,0.0,100.0,0.0
CUST001626,2,2,7779,3889.5,10.5,4.0,2023-09-17,2023-09-26,45,Adult,Female,Bangalore,No,0,2,Accessories,Hoodie,Nike,461,True,Inactive 270+ days,0.0,100.0,0.0
CUST001627,4,4,9402,2350.5,3.75,3.5,2023-01-05,2023-11-01,26,Adult,Female,Nagpur,Yes,2,2,Clothing,Heels,HRX,425,True,Inactive 270+ days,50.0,50.0,50.0
CUST001628,2,4,20786,10393.0,12.5,3.5,2023-03-18,2023-10-17,34,Adult,Female,Kolkata,No,1,1,Footwear,Formal Shoes,Max,440,True,Inactive 270+ days,50.0,50.0,50.0
CUST001629,2,2,7001,3500.5,7.0,3.5,2023-09-07,2024-05-04,34,Adult,Male,Chandigarh,Yes,1,1,Clothing,Jeans,Max,240,False,Active,50.0,50.0,50.0
CUST001630,5,6,24429,4885.8,13.2,4.2,2023-04-18,2024-09-18,29,Adult,Female,Patna,No,2,3,Clothing,Jacket,FabIndia,103,False,Active,40.0,60.0,40.0
CUST001631,2,4,5350,2675.0,16.0,4.0,2023-07-03,2023-10-05,60,Adult,Female,Chennai,No,0,1,Accessories,Backpack,Levis,452,True,Inactive 270+ days,0.0,50.0,50.0
CUST001632,5,8,16909,3381.8,7.2,3.0,2023-03-17,2024-11-17,32,Adult,Female,Patna,No,1,5,Accessories,Boots,Bata,43,False,Active,20.0,100.0,0.0
CUST001633,3,3,10451,3483.67,6.67,3.0,2023-01-22,2023-02-20,32,Adult,Male,Gurgaon,Yes,1,2,Footwear,Running Shoes,HRX,679,True,Inactive 270+ days,33.33,66.67,33.33
CUST001634,4,5,25847,6461.75,4.25,3.5,2023-07-04,2024-07-24,61,Adult,Male,Gurgaon,No,0,2,Footwear,Running Shoes,Adidas,159,False,Active,0.0,50.0,50.0
CUST001635,5,5,13154,2630.8,3.0,3.2,2023-06-02,2024-07-28,36,Adult,Male,Gurgaon,No,1,4,Accessories,Backpack,Levis,155,False,Active,20.0,80.0,20.0
CUST001636,5,11,49762,9952.4,9.4,4.0,2023-04-27,2024-11-18,63,Adult,Male,Visakhapatnam,No,0,3,Clothing,Jacket,Adidas,42,False,Active,0.0,60.0,40.0
CUST001637,2,2,4679,2339.5,36.0,3.0,2024-10-17,2024-11-27,25,Young Adult,Male,Nagpur,No,0,1,Clothing,Kurta,FabIndia,33,False,Active,0.0,50.0,50.0
CUST001639,3,3,4477,1492.33,7.0,2.33,2023-11-04,2024-09-21,35,Adult,Male,Surat,No,1,3,Clothing,Kurta,Max,100,False,Active,33.33,100.0,0.0
CUST001640,3,4,10355,3451.67,3.0,3.0,2023-05-01,2024-10-31,56,Adult,Female,Indore,No,1,2,Footwear,Sneakers,HRX,60,False,Active,33.33,66.67,33.33
CUST001641,5,6,18688,3737.6,9.2,3.2,2023-02-11,2024-12-11,46,Adult,Male,Lucknow,Yes,0,3,Clothing,Backpack,HRX,19,False,Active,0.0,60.0,40.0
CUST001642,4,4,29163,7290.75,16.75,4.0,2023-05-04,2024-12-13,47,Adult,Male,Hyderabad,Yes,2,3,Clothing,Running Shoes,Nike,17,False,Active,50.0,75.0,25.0
CUST001643,4,7,22793,5698.25,5.25,3.25,2023-02-09,2024-08-07,56,Adult,Female,Nagpur,Yes,2,4,Clothing,Bag,Adidas,145,False,Active,50.0,100.0,0.0
CUST001644,5,10,35595,7119.0,13.4,3.6,2023-04-26,2024-01-31,44,Adult,Male,Gurgaon,Yes,1,3,Clothing,Belt,Max,334,True,Inactive 270+ days,20.0,60.0,40.0
CUST001645,9,14,94750,10527.78,6.89,3.22,2023-04-16,2024-12-08,18,Young Adult,Male,Bhubaneswar,No,0,5,Footwear,Sneakers,HRX,22,False,Active,0.0,55.56,44.44
CUST001647,5,7,19057,3811.4,8.0,3.4,2023-05-05,2024-12-24,58,Adult,Male,Gurgaon,No,0,5,Clothing,Belt,Max,6,False,Active,0.0,100.0,0.0
CUST001648,2,2,5234,2617.0,8.0,4.0,2023-07-14,2023-11-06,61,Adult,Female,Surat,No,1,2,Clothing,Boots,Biba,420,True,Inactive 270+ days,50.0,100.0,0.0
CUST001649,2,2,2939,1469.5,7.0,4.0,2023-05-02,2024-06-05,37,Adult,Male,Indore,No,0,2,Accessories,Backpack,Bata,208,False,Active,0.0,100.0,0.0
CUST001650,1,1,1817,1817.0,5.0,4.0,2024-12-22,2024-12-22,42,Adult,Female,Noida,No,0,0,Accessories,Belt,Tommy Hilfiger,8,False,Active,0.0,0.0,100.0
CUST001652,3,5,18356,6118.67,11.67,3.33,2023-10-19,2024-12-09,36,Adult,Female,Surat,No,0,2,Accessories,Backpack,Puma,21,False,Active,0.0,66.67,33.33
CUST001653,2,2,5330,2665.0,16.0,2.5,2024-01-11,2024-03-30,31,Adult,Female,Nagpur,Yes,0,1,Footwear,Formal Shoes,Bata,275,True,Inactive 270+ days,0.0,50.0,50.0
CUST001654,2,3,29075,14537.5,6.0,3.5,2023-07-24,2024-11-15,33,Adult,Female,Lucknow,No,1,2,Accessories,Jeans,H&M,45,False,Active,50.0,100.0,0.0
CUST001655,1,3,20226,20226.0,6.0,4.0,2023-12-17,2023-12-17,25,Young Adult,Female,Bangalore,Yes,0,1,Clothing,Hoodie,Adidas,379,True,Inactive 270+ days,0.0,100.0,0.0
CUST001657,5,5,10838,2167.6,5.0,3.2,2023-05-13,2024-12-18,59,Adult,Female,Pune,No,2,4,Clothing,Sandals,H&M,12,False,Active,40.0,80.0,20.0
CUST001658,2,5,21408,10704.0,11.5,4.0,2024-05-25,2024-06-11,43,Adult,Female,Gurgaon,No,0,2,Accessories,Backpack,Levis,202,False,Active,0.0,100.0,0.0
CUST001659,3,5,12361,4120.33,9.0,4.33,2023-08-26,2024-06-21,19,Young Adult,Female,Kolkata,No,0,1,Clothing,Hoodie,HRX,192,False,Active,0.0,33.33,66.67
CUST001660,3,5,14224,4741.33,1.67,2.33,2023-08-01,2024-12-06,39,Adult,Male,Delhi,No,1,3,Clothing,Kurta,Biba,24,False,Active,33.33,100.0,0.0
CUST001661,2,3,4954,2477.0,11.0,2.5,2023-09-11,2024-07-17,45,Adult,Male,Jaipur,No,1,2,Clothing,Formal Shoes,HRX,166,False,Active,50.0,100.0,0.0
CUST001662,2,4,28870,14435.0,7.0,3.0,2023-05-27,2024-12-24,46,Adult,Male,Kochi,Yes,0,2,Accessories,Bag,HRX,6,False,Active,0.0,100.0,0.0
CUST001663,5,6,18778,3755.6,7.8,3.4,2023-06-05,2024-12-09,31,Adult,Female,Bangalore,Yes,1,4,Accessories,Jacket,Tommy Hilfiger,21,False,Active,20.0,80.0,20.0
CUST001664,5,6,15174,3034.8,12.0,3.6,2023-02-17,2024-09-11,58,Adult,Male,Nagpur,No,0,4,Accessories,Backpack,H&M,110,False,Active,0.0,80.0,20.0
CUST001665,3,3,8175,2725.0,4.0,3.67,2024-05-15,2024-12-06,47,Adult,Male,Hyderabad,No,0,3,Clothing,Kurta,H&M,24,False,Active,0.0,100.0,0.0
CUST001666,1,1,1827,1827.0,1.0,4.0,2024-07-08,2024-07-08,54,Adult,Female,Pune,No,1,0,Clothing,Dress,H&M,175,False,Active,100.0,0.0,100.0
CUST001667,1,3,792,792.0,9.0,3.0,2024-09-30,2024-09-30,45,Adult,Male,Kolkata,Yes,0,0,Accessories,Socks,Puma,91,False,Active,0.0,0.0,100.0
CUST001668,4,7,7737,1934.25,4.0,3.75,2023-04-15,2024-04-14,39,Adult,Female,Chennai,Yes,0,4,Accessories,Backpack,HRX,260,False,Active,0.0,100.0,0.0
CUST001669,1,1,4776,4776.0,10.0,4.0,2024-05-07,2024-05-07,60,Adult,Female,Surat,No,0,1,Accessories,Backpack,Levis,237,False,Active,0.0,100.0,0.0
CUST001670,3,3,8342,2780.67,7.0,3.0,2023-04-26,2024-10-19,60,Adult,Female,Delhi,No,1,3,Clothing,Jacket,Max,72,False,Active,33.33,100.0,0.0
CUST001671,1,1,2052,2052.0,10.0,4.0,2024-10-13,2024-10-13,30,Adult,Female,Hyderabad,Yes,0,1,Clothing,Jacket,Puma,78,False,Active,0.0,100.0,0.0
CUST001672,3,6,44761,14920.33,12.0,3.0,2023-02-27,2024-10-19,51,Adult,Female,Hyderabad,No,0,3,Footwear,Formal Shoes,Levis,72,False,Active,0.0,100.0,0.0
CUST001673,5,6,24306,4861.2,5.8,3.6,2023-01-03,2024-07-16,38,Adult,Female,Gurgaon,No,0,5,Clothing,Heels,Biba,167,False,Active,0.0,100.0,0.0
CUST001674,2,3,9663,4831.5,8.0,3.0,2024-02-26,2024-09-14,48,Adult,Male,Mumbai,Yes,0,2,Clothing,Dress,H&M,107,False,Active,0.0,100.0,0.0
CUST001675,4,5,21049,5262.25,12.0,3.5,2023-03-14,2024-11-16,60,Adult,Male,Kochi,No,0,3,Accessories,Belt,Hush Puppies,44,False,Active,0.0,75.0,25.0
CUST001676,2,4,31777,15888.5,6.0,2.5,2023-04-09,2023-09-03,37,Adult,Female,Surat,No,0,2,Footwear,Formal Shoes,Hush Puppies,484,True,Inactive 270+ days,0.0,100.0,0.0
CUST001678,4,8,46524,11631.0,8.75,3.75,2023-06-19,2024-11-09,41,Adult,Female,Indore,No,0,2,Clothing,Kurta,Biba,51,False,Active,0.0,50.0,50.0
CUST001679,1,2,1599,1599.0,2.0,4.0,2023-06-12,2023-06-12,38,Adult,Female,Bhubaneswar,Yes,0,1,Clothing,Shorts,Levis,567,True,Inactive 270+ days,0.0,100.0,0.0
CUST001680,3,4,9651,3217.0,3.33,3.33,2023-02-03,2023-12-07,45,Adult,Female,Surat,Yes,0,1,Clothing,Shorts,Adidas,389,True,Inactive 270+ days,0.0,33.33,66.67
CUST001681,5,8,19897,3979.4,10.8,3.4,2023-03-05,2024-11-02,46,Adult,Male,Jaipur,Yes,0,3,Clothing,Jeans,Adidas,58,False,Active,0.0,60.0,40.0
CUST001682,1,4,19461,19461.0,10.0,4.0,2023-09-21,2023-09-21,46,Adult,Female,Hyderabad,No,0,1,Footwear,Heels,Hush Puppies,466,True,Inactive 270+ days,0.0,100.0,0.0
CUST001684,1,1,1922,1922.0,15.0,4.0,2024-04-07,2024-04-07,35,Adult,Female,Nagpur,No,0,1,Accessories,Sunglasses,Tommy Hilfiger,267,False,Active,0.0,100.0,0.0
CUST001685,2,2,9647,4823.5,18.0,4.0,2023-04-15,2024-08-26,58,Adult,Male,Lucknow,No,0,1,Clothing,Hoodie,Adidas,126,False,Active,0.0,50.0,50.0
CUST001686,7,8,78140,11162.86,6.57,4.14,2023-03-21,2024-10-01,36,Adult,Male,Ahmedabad,No,1,7,Clothing,Jacket,Levis,90,False,Active,14.29,100.0,0.0
CUST001687,1,1,557,557.0,10.0,3.0,2024-07-12,2024-07-12,58,Adult,Male,Visakhapatnam,Yes,0,1,Clothing,Kurta,Max,171,False,Active,0.0,100.0,0.0
CUST001688,2,2,2570,1285.0,8.0,4.0,2023-11-15,2024-06-05,48,Adult,Male,Ahmedabad,No,1,2,Accessories,Backpack,Puma,208,False,Active,50.0,100.0,0.0
CUST001689,2,3,27300,13650.0,0.5,3.5,2023-09-13,2024-01-23,40,Adult,Male,Chandigarh,No,0,2,Footwear,Heels,Adidas,342,True,Inactive 270+ days,0.0,100.0,0.0
CUST001690,3,5,4450,1483.33,7.33,3.33,2024-01-26,2024-08-26,53,Adult,Male,Visakhapatnam,No,0,2,Accessories,Cap,Biba,126,False,Active,0.0,66.67,33.33
CUST001691,2,4,18593,9296.5,3.5,4.0,2023-08-16,2023-12-17,24,Young Adult,Female,Lucknow,Yes,0,2,Clothing,Jacket,H&M,379,True,Inactive 270+ days,0.0,100.0,0.0
CUST001692,1,1,16480,16480.0,2.0,5.0,2023-07-02,2023-07-02,62,Adult,Other,Delhi,No,0,1,Footwear,Running Shoes,Nike,547,True,Inactive 270+ days,0.0,100.0,0.0
CUST001693,2,5,91988,45994.0,4.0,4.5,2023-03-28,2024-09-28,63,Adult,Male,Indore,Yes,0,1,Accessories,Backpack,Nike,93,False,Active,0.0,50.0,50.0
CUST001694,2,2,2630,1315.0,6.5,4.5,2024-05-28,2024-08-05,56,Adult,Male,Delhi,No,0,2,Accessories,Cap,Puma,147,False,Active,0.0,100.0,0.0
CUST001695,3,4,7535,2511.67,16.0,3.0,2023-11-13,2024-09-11,20,Young Adult,Female,Patna,No,1,2,Accessories,Bag,Bata,110,False,Active,33.33,66.67,33.33
CUST001697,5,6,22445,4489.0,9.8,3.4,2023-01-20,2024-10-16,41,Adult,Male,Kochi,Yes,0,3,Clothing,Jeans,Allen Solly,75,False,Active,0.0,60.0,40.0
CUST001698,7,12,79977,11425.29,6.29,4.14,2023-05-12,2024-11-04,18,Young Adult,Female,Chennai,No,1,6,Clothing,Jacket,Adidas,56,False,Active,14.29,85.71,14.29
CUST001699,3,3,11105,3701.67,11.0,4.0,2023-01-05,2024-04-15,27,Adult,Male,Noida,Yes,0,2,Clothing,Jeans,Adidas,259,False,Active,0.0,66.67,33.33
CUST001701,1,1,3286,3286.0,3.0,4.0,2024-01-01,2024-01-01,23,Young Adult,Male,Visakhapatnam,Yes,0,1,Clothing,Dress,Levis,364,True,Inactive 270+ days,0.0,100.0,0.0
CUST001702,2,2,17565,8782.5,0.5,4.0,2024-04-12,2024-10-09,31,Adult,Male,Visakhapatnam,Yes,0,2,Clothing,Running Shoes,Levis,82,False,Active,0.0,100.0,0.0
CUST001704,2,3,31384,15692.0,12.5,3.0,2023-01-06,2024-04-29,30,Adult,Female,Lucknow,No,1,1,Clothing,Hoodie,Adidas,245,False,Active,50.0,50.0,50.0
CUST001705,1,1,1697,1697.0,7.0,3.0,2023-02-16,2023-02-16,43,Adult,Male,Chennai,No,1,1,Accessories,Wallet,Puma,683,True,Inactive 270+ days,100.0,100.0,0.0
CUST001706,4,6,29325,7331.25,7.25,3.5,2023-02-03,2024-12-01,47,Adult,Female,Nagpur,Yes,2,4,Clothing,Hoodie,HRX,29,False,Active,50.0,100.0,0.0
CUST001707,2,2,1566,783.0,8.0,4.0,2023-03-06,2023-12-13,29,Adult,Female,Kochi,Yes,0,2,Clothing,T-shirt,H&M,383,True,Inactive 270+ days,0.0,100.0,0.0
CUST001708,3,4,8272,2757.33,16.0,4.0,2023-11-19,2024-06-26,18,Young Adult,Male,Bangalore,No,0,2,Clothing,Backpack,Adidas,187,False,Active,0.0,66.67,33.33
CUST001709,3,4,36101,12033.67,11.0,2.67,2023-02-23,2024-08-04,60,Adult,Male,Mumbai,No,0,1,Footwear,Sandals,Bata,148,False,Active,0.0,33.33,66.67
CUST001710,5,5,15270,3054.0,9.0,3.6,2023-01-31,2024-12-30,63,Adult,Male,Noida,No,0,3,Clothing,Formal Shoes,Zara,0,False,Active,0.0,60.0,40.0
CUST001711,2,4,17993,8996.5,8.5,3.5,2023-03-27,2024-06-13,37,Adult,Male,Indore,Yes,1,2,Clothing,Heels,Hush Puppies,200,False,Active,50.0,100.0,0.0
CUST001712,4,4,18002,4500.5,10.5,4.0,2023-03-09,2023-11-14,34,Adult,Male,Patna,No,0,3,Clothing,Sneakers,Puma,412,True,Inactive 270+ days,0.0,75.0,25.0
CUST001713,1,1,2883,2883.0,3.0,3.0,2023-09-16,2023-09-16,33,Adult,Male,Gurgaon,Yes,0,1,Footwear,Formal Shoes,Hush Puppies,471,True,Inactive 270+ days,0.0,100.0,0.0
CUST001714,2,2,7175,3587.5,21.5,3.0,2023-11-21,2024-05-08,33,Adult,Female,Chennai,No,1,1,Clothing,Jacket,Max,236,False,Active,50.0,50.0,50.0
CUST001715,1,1,3322,3322.0,3.0,4.0,2023-12-14,2023-12-14,39,Adult,Male,Lucknow,Yes,0,1,Clothing,Hoodie,Adidas,382,True,Inactive 270+ days,0.0,100.0,0.0
CUST001716,3,10,44157,14719.0,6.33,3.0,2023-06-15,2024-05-20,39,Adult,Male,Jaipur,No,2,1,Clothing,Hoodie,Adidas,224,False,Active,66.67,33.33,66.67
CUST001718,2,3,10169,5084.5,11.0,3.0,2024-03-03,2024-05-20,44,Adult,Male,Indore,No,0,2,Accessories,Dress,Fastrack,224,False,Active,0.0,100.0,0.0
CUST001719,1,2,28608,28608.0,14.0,4.0,2024-05-04,2024-05-04,34,Adult,Female,Hyderabad,No,0,1,Footwear,Sneakers,Puma,240,False,Active,0.0,100.0,0.0
CUST001720,7,12,39709,5672.71,9.14,3.71,2023-01-18,2024-12-19,60,Adult,Female,Visakhapatnam,No,1,3,Clothing,Kurta,Adidas,11,False,Active,14.29,42.86,57.14
CUST001722,3,4,12502,4167.33,9.0,3.0,2024-03-19,2024-09-20,62,Adult,Female,Chennai,No,2,3,Clothing,Jacket,Adidas,101,False,Active,66.67,100.0,0.0
CUST001723,7,12,60592,8656.0,6.29,3.71,2023-06-08,2024-09-19,54,Adult,Male,Chandigarh,No,0,6,Footwear,Sandals,Adidas,102,False,Active,0.0,85.71,14.29
CUST001724,1,2,3760,3760.0,3.0,4.0,2023-04-23,2023-04-23,26,Adult,Female,Nagpur,No,0,1,Clothing,Hoodie,Adidas,617,True,Inactive 270+ days,0.0,100.0,0.0
CUST001725,9,15,74751,8305.67,13.22,3.67,2023-02-18,2024-11-18,59,Adult,Female,Indore,No,2,4,Clothing,T-shirt,Puma,42,False,Active,22.22,44.44,55.56
CUST001726,2,2,1906,953.0,13.5,3.0,2023-01-15,2023-09-25,34,Adult,Male,Hyderabad,No,1,1,Accessories,Shorts,Fastrack,462,True,Inactive 270+ days,50.0,50.0,50.0
CUST001728,1,1,2156,2156.0,1.0,3.0,2024-04-26,2024-04-26,40,Adult,Female,Surat,No,0,1,Clothing,Hoodie,Adidas,248,False,Active,0.0,100.0,0.0
CUST001729,2,2,5198,2599.0,15.5,3.5,2023-04-23,2024-11-01,31,Adult,Other,Chennai,No,1,1,Clothing,Kurta,Max,59,False,Active,50.0,50.0,50.0
CUST001730,4,5,9520,2380.0,5.25,2.25,2023-03-16,2024-05-12,63,Adult,Female,Indore,No,1,3,Footwear,Heels,Bata,232,False,Active,25.0,75.0,25.0
CUST001731,4,5,23514,5878.5,5.75,3.75,2023-03-29,2024-06-27,43,Adult,Female,Noida,No,0,1,Clothing,T-shirt,Adidas,186,False,Active,0.0,25.0,75.0
CUST001732,4,6,13246,3311.5,7.25,3.5,2023-09-06,2024-08-18,48,Adult,Male,Visakhapatnam,No,0,4,Accessories,Backpack,Max,134,False,Active,0.0,100.0,0.0
CUST001733,2,2,9465,4732.5,9.0,2.5,2024-02-21,2024-05-31,53,Adult,Female,Noida,Yes,0,2,Clothing,Sandals,Biba,213,False,Active,0.0,100.0,0.0
CUST001734,4,4,15265,3816.25,18.0,3.75,2023-02-13,2024-05-05,62,Adult,Male,Bhubaneswar,No,0,3,Clothing,Jacket,HRX,239,False,Active,0.0,75.0,25.0
CUST001735,3,3,7991,2663.67,6.0,4.0,2023-12-26,2024-05-24,60,Adult,Male,Noida,Yes,0,2,Accessories,Bag,Bata,220,False,Active,0.0,66.67,33.33
CUST001736,1,1,660,660.0,5.0,4.0,2024-04-28,2024-04-28,57,Adult,Male,Pune,No,0,1,Footwear,Slippers,Hush Puppies,246,False,Active,0.0,100.0,0.0
CUST001737,3,4,14625,4875.0,8.33,3.0,2023-02-10,2024-12-01,21,Young Adult,Female,Jaipur,No,1,2,Clothing,Jacket,Adidas,29,False,Active,33.33,66.67,33.33
CUST001738,5,5,18721,3744.2,6.2,3.2,2023-03-09,2024-02-15,40,Adult,Male,Hyderabad,Yes,0,4,Accessories,Bag,Puma,319,True,Inactive 270+ days,0.0,80.0,20.0
CUST001739,2,2,2502,1251.0,7.5,3.0,2024-05-16,2024-06-19,48,Adult,Female,Chennai,No,0,1,Accessories,Belt,Fastrack,194,False,Active,0.0,50.0,50.0
CUST001740,4,4,19340,4835.0,10.25,3.0,2023-02-06,2023-11-09,36,Adult,Male,Chennai,Yes,0,3,Clothing,Jacket,Adidas,417,True,Inactive 270+ days,0.0,75.0,25.0
CUST001742,2,3,3483,1741.5,7.0,3.5,2023-09-23,2024-06-13,39,Adult,Female,Delhi,Yes,1,1,Clothing,Slippers,H&M,200,False,Active,50.0,50.0,50.0
CUST001743,3,8,31282,10427.33,6.33,3.67,2024-04-01,2024-10-11,54,Adult,Male,Delhi,No,1,2,Footwear,Boots,Bata,80,False,Active,33.33,66.67,33.33
CUST001744,2,3,15990,7995.0,5.5,2.5,2023-03-18,2023-06-27,58,Adult,Male,Hyderabad,No,1,2,Footwear,Formal Shoes,Bata,552,True,Inactive 270+ days,50.0,100.0,0.0
CUST001745,5,10,135120,27024.0,8.6,3.2,2023-02-27,2024-09-19,36,Adult,Other,Patna,No,0,3,Clothing,Kurta,FabIndia,102,False,Active,0.0,60.0,40.0
CUST001746,3,6,19069,6356.33,8.0,4.0,2023-11-09,2024-05-20,31,Adult,Female,Chennai,No,1,2,Accessories,Bag,Fastrack,224,False,Active,33.33,66.67,33.33
CUST001748,1,1,929,929.0,4.0,3.0,2024-07-18,2024-07-18,46,Adult,Male,Nagpur,Yes,0,1,Clothing,Shorts,Max,165,False,Active,0.0,100.0,0.0
CUST001749,3,4,51068,17022.67,19.33,4.67,2023-07-18,2024-11-09,30,Adult,Female,Bangalore,No,0,1,Footwear,Sneakers,Puma,51,False,Active,0.0,33.33,66.67
CUST001750,4,5,27755,6938.75,13.75,4.0,2023-05-19,2024-06-26,20,Young Adult,Male,Gurgaon,Yes,1,3,Clothing,Jacket,Nike,187,False,Active,25.0,75.0,25.0
CUST001751,1,1,3996,3996.0,11.0,3.0,2024-10-12,2024-10-12,36,Adult,Female,Kolkata,No,0,0,Clothing,Jacket,H&M,79,False,Active,0.0,0.0,100.0
CUST001752,3,3,11374,3791.33,2.67,3.67,2023-02-04,2024-03-03,22,Young Adult,Female,Ahmedabad,Yes,0,2,Clothing,Saree,FabIndia,302,True,Inactive 270+ days,0.0,66.67,33.33
CUST001753,10,18,187570,18757.0,6.4,3.5,2023-08-29,2024-10-21,40,Adult,Female,Surat,Yes,2,7,Footwear,Running Shoes,Adidas,70,False,Active,20.0,70.0,30.0
CUST001754,7,9,119563,17080.43,10.0,3.57,2023-05-31,2024-10-12,24,Young Adult,Female,Noida,Yes,1,5,Footwear,Running Shoes,Nike,79,False,Active,14.29,71.43,28.57
CUST001755,3,4,16953,5651.0,9.67,4.0,2023-01-19,2024-05-06,21,Young Adult,Female,Chennai,Yes,0,3,Accessories,Jacket,Allen Solly,238,False,Active,0.0,100.0,0.0
CUST001756,1,1,3569,3569.0,8.0,4.0,2024-12-28,2024-12-28,43,Adult,Female,Ahmedabad,No,0,0,Accessories,Sunglasses,Puma,2,False,Active,0.0,0.0,100.0
CUST001757,2,2,13585,6792.5,5.5,2.5,2023-11-30,2024-12-18,50,Adult,Female,Gurgaon,Yes,1,1,Footwear,Heels,HRX,12,False,Active,50.0,50.0,50.0
CUST001758,2,2,12786,6393.0,5.0,3.5,2023-11-15,2024-05-13,43,Adult,Female,Gurgaon,No,0,2,Clothing,Saree,Allen Solly,231,False,Active,0.0,100.0,0.0
CUST001759,3,3,5918,1972.67,14.33,3.67,2023-09-19,2024-09-08,59,Adult,Female,Bhubaneswar,No,0,1,Clothing,Boots,Bata,113,False,Active,0.0,33.33,66.67
CUST001760,1,2,2349,2349.0,3.0,4.0,2024-03-31,2024-03-31,33,Adult,Female,Patna,No,0,1,Accessories,Cap,Wildcraft,274,True,Inactive 270+ days,0.0,100.0,0.0
CUST001761,3,4,29536,9845.33,5.0,3.0,2023-06-16,2024-12-23,50,Adult,Male,Delhi,No,1,2,Accessories,Cap,Adidas,7,False,Active,33.33,66.67,33.33
CUST001762,2,5,22349,11174.5,6.5,4.0,2023-12-05,2024-07-22,36,Adult,Female,Indore,No,1,2,Footwear,Running Shoes,HRX,161,False,Active,50.0,100.0,0.0
CUST001764,4,4,31882,7970.5,9.75,3.5,2023-01-08,2024-12-30,42,Adult,Male,Mumbai,No,0,3,Footwear,Running Shoes,Puma,0,False,Active,0.0,75.0,25.0
CUST001765,2,2,4629,2314.5,3.0,3.0,2024-05-31,2024-08-19,59,Adult,Female,Kochi,No,0,2,Clothing,Saree,Adidas,133,False,Active,0.0,100.0,0.0
CUST001766,3,3,14138,4712.67,9.33,2.67,2023-02-13,2024-07-03,55,Adult,Female,Gurgaon,No,1,3,Clothing,Boots,Biba,180,False,Active,33.33,100.0,0.0
CUST001767,4,5,15886,3971.5,11.5,3.5,2023-05-05,2023-11-12,35,Adult,Male,Pune,No,0,4,Clothing,Shorts,Adidas,414,True,Inactive 270+ days,0.0,100.0,0.0
CUST001768,3,3,11456,3818.67,7.67,4.33,2023-05-03,2023-09-24,48,Adult,Male,Chennai,No,0,2,Accessories,Backpack,FabIndia,463,True,Inactive 270+ days,0.0,66.67,33.33
CUST001769,2,5,26121,13060.5,3.5,3.5,2023-10-11,2024-09-14,39,Adult,Female,Patna,No,0,2,Clothing,Jacket,Adidas,107,False,Active,0.0,100.0,0.0
CUST001770,5,6,14319,2863.8,6.2,3.6,2023-01-04,2024-07-31,48,Adult,Female,Jaipur,No,2,4,Clothing,T-shirt,Nike,152,False,Active,40.0,80.0,20.0
CUST001771,1,1,3056,3056.0,22.0,4.0,2023-10-13,2023-10-13,55,Adult,Female,Mumbai,No,0,0,Footwear,Formal Shoes,Bata,444,True,Inactive 270+ days,0.0,0.0,100.0
CUST001772,3,3,29913,9971.0,13.67,3.33,2023-02-03,2024-11-02,31,Adult,Female,Nagpur,Yes,0,2,Footwear,Cap,HRX,58,False,Active,0.0,66.67,33.33
CUST001773,2,3,6661,3330.5,17.5,3.0,2023-01-08,2024-12-21,44,Adult,Female,Indore,No,2,0,Clothing,Jacket,HRX,9,False,Active,100.0,0.0,100.0
CUST001774,5,6,41909,8381.8,9.6,4.0,2024-05-16,2024-10-25,50,Adult,Female,Delhi,No,0,3,Footwear,Formal Shoes,Allen Solly,66,False,Active,0.0,60.0,40.0
CUST001775,2,2,12999,6499.5,2.5,4.5,2023-09-25,2024-02-04,34,Adult,Female,Kolkata,No,0,2,Accessories,Backpack,Levis,330,True,Inactive 270+ days,0.0,100.0,0.0
CUST001776,2,5,19497,9748.5,9.5,4.0,2023-03-04,2024-08-14,50,Adult,Male,Kochi,No,0,1,Clothing,Kurta,Biba,138,False,Active,0.0,50.0,50.0
CUST001777,2,2,15930,7965.0,11.0,3.0,2023-02-16,2023-10-14,33,Adult,Female,Surat,No,0,2,Accessories,Running Shoes,Puma,443,True,Inactive 270+ days,0.0,100.0,0.0
CUST001778,5,7,43088,8617.6,8.0,3.8,2023-02-15,2023-09-15,25,Young Adult,Male,Visakhapatnam,No,0,4,Footwear,Boots,Max,472,True,Inactive 270+ days,0.0,80.0,20.0
CUST001779,3,5,11713,3904.33,6.33,3.33,2023-02-18,2023-06-28,35,Adult,Female,Chennai,No,1,3,Clothing,Jacket,FabIndia,551,True,Inactive 270+ days,33.33,100.0,0.0
CUST001780,7,12,47152,6736.0,7.71,3.57,2023-07-10,2024-09-22,56,Adult,Male,Nagpur,No,1,5,Accessories,Backpack,Hush Puppies,99,False,Active,14.29,71.43,28.57
CUST001781,3,5,11405,3801.67,7.67,4.0,2024-04-08,2024-12-05,24,Young Adult,Female,Nagpur,No,1,3,Accessories,Bag,Puma,25,False,Active,33.33,100.0,0.0
CUST001782,3,8,29379,9793.0,3.33,4.0,2023-06-03,2024-04-25,33,Adult,Male,Nagpur,Yes,0,2,Footwear,Jacket,Adidas,249,False,Active,0.0,66.67,33.33
CUST001783,6,13,36316,6052.67,8.67,3.33,2023-07-22,2024-06-15,44,Adult,Male,Chandigarh,No,3,4,Footwear,Heels,H&M,198,False,Active,50.0,66.67,33.33
CUST001784,2,2,24718,12359.0,6.5,4.0,2023-02-10,2023-12-19,58,Adult,Female,Chennai,No,1,1,Clothing,Saree,Biba,377,True,Inactive 270+ days,50.0,50.0,50.0
CUST001785,2,2,12989,6494.5,11.5,4.0,2023-02-14,2023-10-14,61,Adult,Male,Surat,No,0,1,Clothing,Jacket,Nike,443,True,Inactive 270+ days,0.0,50.0,50.0
CUST001786,2,2,6059,3029.5,4.0,3.5,2023-02-05,2024-12-29,53,Adult,Male,Mumbai,No,0,0,Accessories,Saree,Max,1,False,Active,0.0,0.0,100.0
CUST001787,3,3,17777,5925.67,5.67,3.67,2023-02-27,2023-03-22,31,Adult,Female,Ahmedabad,No,0,2,Clothing,Saree,FabIndia,649,True,Inactive 270+ days,0.0,66.67,33.33
CUST001788,2,3,9028,4514.0,4.0,4.0,2023-11-12,2024-04-17,40,Adult,Female,Bangalore,No,0,1,Clothing,Boots,Bata,257,False,Active,0.0,50.0,50.0
CUST001789,1,1,5917,5917.0,15.0,3.0,2024-07-24,2024-07-24,51,Adult,Male,Visakhapatnam,Yes,0,1,Accessories,Backpack,Tommy Hilfiger,159,False,Active,0.0,100.0,0.0
CUST001790,5,9,43176,8635.2,7.2,3.0,2023-04-04,2024-12-08,40,Adult,Male,Noida,No,0,4,Footwear,Sandals,Bata,22,False,Active,0.0,80.0,20.0
CUST001793,8,9,32079,4009.88,8.0,3.0,2023-03-15,2024-12-18,58,Adult,Female,Ahmedabad,No,0,6,Clothing,Belt,HRX,12,False,Active,0.0,75.0,25.0
CUST001794,2,4,29829,14914.5,6.5,3.5,2023-07-04,2023-09-23,22,Young Adult,Female,Delhi,No,1,2,Clothing,Jacket,Adidas,464,True,Inactive 270+ days,50.0,100.0,0.0
CUST001795,3,4,12119,4039.67,2.33,3.0,2023-04-04,2023-06-14,33,Adult,Female,Bangalore,No,1,0,Clothing,Formal Shoes,FabIndia,565,True,Inactive 270+ days,33.33,0.0,100.0
CUST001796,4,7,21556,5389.0,8.0,3.75,2023-01-22,2024-04-25,30,Adult,Male,Lucknow,No,0,3,Clothing,Saree,H&M,249,False,Active,0.0,75.0,25.0
CUST001797,3,3,26728,8909.33,7.67,3.33,2023-04-14,2023-05-03,35,Adult,Female,Bangalore,No,1,2,Accessories,Backpack,Levis,607,True,Inactive 270+ days,33.33,66.67,33.33
CUST001798,3,4,24263,8087.67,12.0,3.67,2023-06-24,2024-07-20,22,Young Adult,Male,Chandigarh,No,0,2,Clothing,Boots,Biba,163,False,Active,0.0,66.67,33.33
CUST001799,5,6,25886,5177.2,6.0,3.6,2023-02-17,2024-11-13,52,Adult,Female,Hyderabad,Yes,0,4,Accessories,Saree,FabIndia,47,False,Active,0.0,80.0,20.0
CUST001800,2,2,33461,16730.5,4.0,4.0,2023-05-22,2024-11-18,28,Adult,Male,Kochi,No,0,2,Footwear,Sneakers,Adidas,42,False,Active,0.0,100.0,0.0
CUST001801,2,2,1657,828.5,8.5,2.0,2023-12-13,2024-05-25,27,Adult,Female,Bhubaneswar,No,0,2,Accessories,Kurta,Max,219,False,Active,0.0,100.0,0.0
CUST001802,5,8,26935,5387.0,6.6,3.4,2023-01-04,2024-08-15,32,Adult,Male,Indore,No,1,4,Clothing,Saree,Biba,137,False,Active,20.0,80.0,20.0
CUST001804,2,2,9866,4933.0,8.5,3.5,2024-05-25,2024-06-06,54,Adult,Male,Patna,No,0,2,Clothing,Kurta,Biba,207,False,Active,0.0,100.0,0.0
CUST001805,2,5,14632,7316.0,6.5,3.0,2023-09-23,2024-12-30,36,Adult,Female,Pune,No,0,1,Accessories,Backpack,Adidas,0,False,Active,0.0,50.0,50.0
CUST001806,1,1,6154,6154.0,5.0,4.0,2023-10-07,2023-10-07,30,Adult,Male,Patna,No,1,1,Footwear,Heels,Zara,450,True,Inactive 270+ days,100.0,100.0,0.0
CUST001807,4,7,15606,3901.5,8.25,3.0,2023-05-26,2024-10-07,40,Adult,Male,Mumbai,No,2,4,Clothing,Formal Shoes,HRX,84,False,Active,50.0,100.0,0.0
CUST001808,1,1,564,564.0,15.0,2.0,2023-12-26,2023-12-26,36,Adult,Male,Nagpur,No,1,1,Clothing,Kurta,Max,370,True,Inactive 270+ days,100.0,100.0,0.0
CUST001809,1,1,3819,3819.0,6.0,4.0,2024-07-18,2024-07-18,34,Adult,Female,Indore,No,0,1,Clothing,Jeans,Zara,165,False,Active,0.0,100.0,0.0
CUST001810,1,1,776,776.0,10.0,4.0,2024-02-21,2024-02-21,28,Adult,Male,Mumbai,Yes,0,1,Clothing,Shorts,H&M,313,True,Inactive 270+ days,0.0,100.0,0.0
CUST001811,1,1,1611,1611.0,13.0,4.0,2024-12-07,2024-12-07,38,Adult,Female,Bhubaneswar,No,0,1,Accessories,Belt,Puma,23,False,Active,0.0,100.0,0.0
CUST001812,2,2,5334,2667.0,11.5,3.5,2023-03-11,2023-10-23,54,Adult,Male,Bhubaneswar,No,0,2,Accessories,Backpack,Bata,434,True,Inactive 270+ days,0.0,100.0,0.0
CUST001814,3,3,7217,2405.67,8.67,3.67,2024-01-08,2024-04-23,18,Young Adult,Male,Jaipur,No,0,2,Clothing,Hoodie,Adidas,251,False,Active,0.0,66.67,33.33
CUST001815,7,9,25750,3678.57,7.71,3.57,2023-04-16,2024-10-21,45,Adult,Female,Bangalore,No,2,5,Clothing,Shorts,Adidas,70,False,Active,28.57,71.43,28.57
CUST001817,2,2,4997,2498.5,2.5,3.5,2024-02-13,2024-02-16,60,Adult,Female,Ahmedabad,No,0,1,Clothing,Boots,Hush Puppies,318,True,Inactive 270+ days,0.0,50.0,50.0
CUST001818,2,3,28159,14079.5,8.0,4.0,2024-05-17,2024-12-22,30,Adult,Female,Chennai,Yes,0,2,Clothing,Formal Shoes,Adidas,8,False,Active,0.0,100.0,0.0
CUST001819,2,3,2967,1483.5,14.5,4.0,2024-07-14,2024-08-13,52,Adult,Male,Bhubaneswar,No,0,2,Accessories,Belt,H&M,139,False,Active,0.0,100.0,0.0
CUST001821,1,3,1107,1107.0,15.0,2.0,2023-05-06,2023-05-06,42,Adult,Female,Lucknow,No,0,1,Accessories,Socks,Fastrack,604,True,Inactive 270+ days,0.0,100.0,0.0
CUST001822,7,11,31939,4562.71,9.29,3.57,2023-10-08,2024-09-01,63,Adult,Female,Chennai,No,2,6,Clothing,Heels,Hush Puppies,120,False,Active,28.57,85.71,14.29
CUST001823,1,1,4710,4710.0,13.0,3.0,2024-05-29,2024-05-29,50,Adult,Male,Hyderabad,No,0,1,Clothing,Saree,Max,215,False,Active,0.0,100.0,0.0
CUST001824,2,2,4946,2473.0,7.5,3.5,2024-03-08,2024-07-28,52,Adult,Male,Kochi,Yes,0,1,Clothing,Sandals,FabIndia,155,False,Active,0.0,50.0,50.0
CUST001825,4,8,31827,7956.75,13.75,3.75,2023-08-23,2024-04-18,40,Adult,Male,Nagpur,No,0,3,Accessories,Bag,FabIndia,256,False,Active,0.0,75.0,25.0
CUST001826,3,3,15252,5084.0,10.0,3.33,2023-03-08,2023-06-20,58,Adult,Female,Lucknow,Yes,0,2,Clothing,T-shirt,HRX,559,True,Inactive 270+ days,0.0,66.67,33.33
CUST001827,4,4,9550,2387.5,9.75,3.75,2023-03-13,2024-11-19,48,Adult,Female,Surat,Yes,0,3,Clothing,Belt,Bata,41,False,Active,0.0,75.0,25.0
CUST001828,2,2,19964,9982.0,7.0,3.5,2023-04-12,2024-09-20,43,Adult,Male,Noida,No,1,1,Clothing,Jacket,H&M,101,False,Active,50.0,50.0,50.0
CUST001829,1,1,3594,3594.0,11.0,5.0,2023-02-16,2023-02-16,50,Adult,Male,Visakhapatnam,No,0,1,Accessories,Backpack,Levis,683,True,Inactive 270+ days,0.0,100.0,0.0
CUST001830,2,2,4221,2110.5,14.0,3.0,2024-03-27,2024-08-20,50,Adult,Female,Indore,No,1,1,Footwear,Heels,Bata,132,False,Active,50.0,50.0,50.0
CUST001831,6,11,25978,4329.67,7.0,3.67,2023-02-01,2024-12-20,34,Adult,Female,Ahmedabad,No,2,4,Footwear,Boots,Nike,10,False,Active,33.33,66.67,33.33
CUST001832,4,6,9105,2276.25,11.75,3.5,2023-03-05,2024-11-08,52,Adult,Female,Hyderabad,Yes,0,3,Accessories,Backpack,FabIndia,52,False,Active,0.0,75.0,25.0
CUST001833,3,3,21563,7187.67,7.33,3.67,2023-02-20,2024-06-22,21,Young Adult,Male,Gurgaon,No,0,2,Accessories,Bag,Nike,191,False,Active,0.0,66.67,33.33
CUST001834,1,1,5180,5180.0,14.0,2.0,2023-05-07,2023-05-07,55,Adult,Female,Lucknow,No,0,1,Clothing,Saree,Max,603,True,Inactive 270+ days,0.0,100.0,0.0
CUST001835,2,3,37450,18725.0,8.5,4.5,2023-06-07,2023-12-18,39,Adult,Female,Noida,No,0,1,Footwear,Sandals,Puma,378,True,Inactive 270+ days,0.0,50.0,50.0
CUST001836,2,3,35349,17674.5,10.5,3.5,2024-04-29,2024-05-08,52,Adult,Male,Hyderabad,Yes,1,2,Clothing,Running Shoes,Adidas,236,False,Active,50.0,100.0,0.0
CUST001837,2,5,9890,4945.0,5.0,3.5,2023-10-23,2024-12-22,33,Adult,Male,Kolkata,Yes,1,2,Clothing,Shirt,Allen Solly,8,False,Active,50.0,100.0,0.0
CUST001838,1,1,3289,3289.0,3.0,4.0,2024-03-06,2024-03-06,58,Adult,Male,Chandigarh,No,0,0,Accessories,Sunglasses,Wildcraft,299,True,Inactive 270+ days,0.0,0.0,100.0
CUST001839,2,2,4161,2080.5,10.0,3.5,2023-01-23,2024-07-23,19,Young Adult,Female,Kolkata,No,0,2,Clothing,Sandals,Hush Puppies,160,False,Active,0.0,100.0,0.0
CUST001840,3,3,11706,3902.0,3.67,4.33,2023-03-18,2023-12-31,60,Adult,Male,Nagpur,Yes,1,2,Footwear,Sandals,Zara,365,True,Inactive 270+ days,33.33,66.67,33.33
CUST001841,3,4,8431,2810.33,6.0,3.67,2023-01-07,2024-07-14,23,Young Adult,Male,Jaipur,Yes,0,3,Clothing,Shorts,Adidas,169,False,Active,0.0,100.0,0.0
CUST001842,2,3,3568,1784.0,8.0,3.5,2024-03-20,2024-04-17,21,Young Adult,Male,Ahmedabad,No,0,2,Clothing,Hoodie,Bata,257,False,Active,0.0,100.0,0.0
CUST001843,6,10,40392,6732.0,14.83,3.5,2023-03-13,2024-09-09,24,Young Adult,Female,Hyderabad,No,0,5,Accessories,Wallet,Fastrack,112,False,Active,0.0,83.33,16.67
CUST001844,4,5,28697,7174.25,8.0,3.5,2023-04-06,2024-06-08,39,Adult,Female,Gurgaon,No,0,4,Clothing,Saree,Biba,205,False,Active,0.0,100.0,0.0
CUST001845,5,8,34080,6816.0,6.2,3.6,2023-08-28,2024-11-28,28,Adult,Male,Hyderabad,Yes,0,4,Footwear,Cap,Hush Puppies,32,False,Active,0.0,80.0,20.0
CUST001846,3,3,10098,3366.0,11.67,3.67,2023-01-08,2023-10-02,33,Adult,Male,Surat,No,1,2,Accessories,Running Shoes,Adidas,455,True,Inactive 270+ days,33.33,66.67,33.33
CUST001847,3,6,18441,6147.0,6.67,3.67,2023-09-10,2024-03-12,58,Adult,Male,Hyderabad,No,1,2,Clothing,Kurta,Bata,293,True,Inactive 270+ days,33.33,66.67,33.33
CUST001848,2,2,11020,5510.0,7.5,3.5,2024-05-28,2024-07-23,45,Adult,Female,Kochi,No,0,1,Clothing,Kurta,FabIndia,160,False,Active,0.0,50.0,50.0
CUST001849,4,6,28870,7217.5,3.5,3.75,2023-03-21,2024-12-07,52,Adult,Female,Bhubaneswar,No,0,3,Clothing,Jacket,Adidas,23,False,Active,0.0,75.0,25.0
CUST001850,1,1,1202,1202.0,18.0,4.0,2023-01-30,2023-01-30,61,Adult,Male,Nagpur,No,1,0,Clothing,Kurta,Biba,700,True,Inactive 270+ days,100.0,0.0,100.0
CUST001851,3,4,76350,25450.0,3.67,3.67,2023-04-28,2024-05-11,64,Adult,Female,Kochi,No,3,2,Footwear,Heels,Adidas,233,False,Active,100.0,66.67,33.33
CUST001852,4,4,16951,4237.75,4.75,3.5,2023-02-27,2024-03-24,24,Young Adult,Male,Delhi,No,0,4,Clothing,Running Shoes,Adidas,281,True,Inactive 270+ days,0.0,100.0,0.0
CUST001853,1,1,1370,1370.0,11.0,5.0,2023-06-27,2023-06-27,60,Adult,Female,Kochi,No,0,1,Clothing,T-shirt,Nike,552,True,Inactive 270+ days,0.0,100.0,0.0
CUST001854,1,1,2354,2354.0,7.0,4.0,2023-07-28,2023-07-28,48,Adult,Male,Gurgaon,No,0,1,Clothing,Shirt,H&M,521,True,Inactive 270+ days,0.0,100.0,0.0
CUST001855,3,4,28368,9456.0,2.67,3.0,2023-02-20,2024-12-11,53,Adult,Female,Surat,No,0,1,Accessories,Bag,Biba,19,False,Active,0.0,33.33,66.67
CUST001856,2,2,4471,2235.5,7.5,4.0,2024-04-28,2024-11-11,37,Adult,Female,Visakhapatnam,No,0,0,Clothing,Jeans,Levis,49,False,Active,0.0,0.0,100.0
CUST001857,4,7,24948,6237.0,7.5,3.75,2023-05-12,2024-01-25,32,Adult,Male,Bhubaneswar,No,1,1,Clothing,Kurta,Biba,340,True,Inactive 270+ days,25.0,25.0,75.0
CUST001858,4,5,44974,11243.5,10.25,3.5,2023-01-02,2024-07-10,23,Young Adult,Female,Nagpur,No,0,3,Clothing,Boots,Hush Puppies,173,False,Active,0.0,75.0,25.0
CUST001859,2,2,4463,2231.5,2.5,3.0,2024-10-25,2024-12-16,58,Adult,Male,Noida,No,1,1,Clothing,Jacket,Allen Solly,14,False,Active,50.0,50.0,50.0
CUST001860,3,5,15015,5005.0,13.67,3.33,2024-02-11,2024-11-07,47,Adult,Other,Bangalore,No,0,1,Accessories,Bag,Bata,53,False,Active,0.0,33.33,66.67
CUST001861,7,9,46456,6636.57,6.0,3.0,2023-07-14,2024-10-12,19,Young Adult,Female,Ahmedabad,Yes,1,6,Clothing,T-shirt,Adidas,79,False,Active,14.29,85.71,14.29
CUST001862,1,1,4420,4420.0,13.0,5.0,2023-11-09,2023-11-09,55,Adult,Female,Mumbai,No,0,1,Accessories,Sunglasses,Levis,417,True,Inactive 270+ days,0.0,100.0,0.0
CUST001864,2,4,4782,2391.0,5.0,3.5,2024-07-30,2024-12-17,61,Adult,Male,Bhubaneswar,No,0,2,Clothing,Kurta,Max,13,False,Active,0.0,100.0,0.0
CUST001865,1,1,9806,9806.0,0.0,3.0,2024-02-01,2024-02-01,47,Adult,Female,Hyderabad,No,0,1,Footwear,Boots,Zara,333,True,Inactive 270+ days,0.0,100.0,0.0
CUST001866,7,9,44424,6346.29,12.57,3.71,2023-04-27,2024-12-30,24,Young Adult,Male,Delhi,No,2,3,Clothing,Kurta,Adidas,0,False,Active,28.57,42.86,57.14
CUST001867,3,5,28661,9553.67,12.67,4.0,2023-07-18,2024-11-11,30,Adult,Female,Visakhapatnam,Yes,0,3,Footwear,Cap,Adidas,49,False,Active,0.0,100.0,0.0
CUST001868,2,3,3979,1989.5,12.5,4.0,2023-11-28,2024-08-10,44,Adult,Male,Gurgaon,No,0,1,Clothing,Dress,Allen Solly,142,False,Active,0.0,50.0,50.0
CUST001869,1,3,3958,3958.0,11.0,3.0,2024-02-08,2024-02-08,46,Adult,Male,Chandigarh,No,0,1,Clothing,Shorts,HRX,326,True,Inactive 270+ days,0.0,100.0,0.0
CUST001870,2,2,6448,3224.0,1.0,2.5,2023-05-13,2023-06-24,47,Adult,Male,Jaipur,No,0,2,Accessories,Bag,Levis,555,True,Inactive 270+ days,0.0,100.0,0.0
CUST001871,3,3,6142,2047.33,13.33,2.67,2023-04-24,2024-09-20,58,Adult,Other,Hyderabad,Yes,0,3,Clothing,Kurta,FabIndia,101,False,Active,0.0,100.0,0.0
CUST001872,2,3,11623,5811.5,4.5,3.5,2023-07-30,2024-05-23,40,Adult,Female,Gurgaon,No,0,2,Clothing,Sandals,FabIndia,221,False,Active,0.0,100.0,0.0
CUST001873,3,4,11516,3838.67,7.67,2.67,2023-06-18,2024-04-10,59,Adult,Male,Noida,No,0,3,Accessories,Cap,Wildcraft,264,False,Active,0.0,100.0,0.0
CUST001874,4,5,19088,4772.0,12.75,3.75,2023-10-23,2024-06-28,40,Adult,Male,Nagpur,No,0,3,Clothing,Formal Shoes,Puma,185,False,Active,0.0,75.0,25.0
CUST001875,1,1,2353,2353.0,7.0,5.0,2024-07-03,2024-07-03,41,Adult,Female,Mumbai,No,0,1,Clothing,T-shirt,Puma,180,False,Active,0.0,100.0,0.0
CUST001876,3,3,24516,8172.0,9.33,3.33,2023-01-12,2024-12-09,30,Adult,Male,Jaipur,No,0,3,Footwear,Running Shoes,Adidas,21,False,Active,0.0,100.0,0.0
CUST001877,2,2,9656,4828.0,10.5,4.0,2023-10-26,2024-08-14,23,Young Adult,Female,Bangalore,No,0,1,Clothing,Jacket,FabIndia,138,False,Active,0.0,50.0,50.0
CUST001878,8,9,75384,9423.0,7.38,3.88,2023-07-31,2024-10-29,27,Adult,Male,Gurgaon,No,0,6,Footwear,Sneakers,Adidas,62,False,Active,0.0,75.0,25.0
CUST001879,4,8,17545,4386.25,6.0,2.75,2023-09-28,2024-06-11,63,Adult,Male,Gurgaon,Yes,1,3,Accessories,Bag,FabIndia,202,False,Active,25.0,75.0,25.0
CUST001881,3,4,3543,1181.0,7.0,4.0,2023-04-18,2024-09-22,38,Adult,Male,Surat,Yes,0,2,Accessories,Cap,H&M,99,False,Active,0.0,66.67,33.33
CUST001882,4,4,12942,3235.5,8.75,4.0,2023-06-04,2024-03-13,44,Adult,Other,Noida,No,1,3,Accessories,Belt,Adidas,292,True,Inactive 270+ days,25.0,75.0,25.0
CUST001883,4,7,22972,5743.0,16.75,3.5,2023-01-02,2024-07-06,43,Adult,Female,Chennai,Yes,1,3,Clothing,Belt,Biba,177,False,Active,25.0,75.0,25.0
CUST001884,3,6,5706,1902.0,4.33,3.67,2023-02-20,2024-10-08,18,Young Adult,Female,Bhubaneswar,Yes,0,3,Clothing,T-shirt,HRX,83,False,Active,0.0,100.0,0.0
CUST001885,2,3,3843,1921.5,19.0,3.5,2023-10-05,2023-10-28,30,Adult,Female,Bhubaneswar,No,1,1,Clothing,Saree,Adidas,429,True,Inactive 270+ days,50.0,50.0,50.0
CUST001886,2,5,16500,8250.0,6.5,4.0,2023-04-29,2023-05-04,22,Young Adult,Female,Ahmedabad,No,2,1,Clothing,Jacket,Max,606,True,Inactive 270+ days,100.0,50.0,50.0
CUST001887,1,1,25616,25616.0,4.0,3.0,2023-09-19,2023-09-19,21,Young Adult,Female,Visakhapatnam,Yes,0,1,Footwear,Sneakers,Nike,468,True,Inactive 270+ days,0.0,100.0,0.0
CUST001888,4,4,24861,6215.25,4.5,3.0,2023-03-26,2024-12-06,24,Young Adult,Male,Noida,Yes,0,0,Clothing,Jacket,Nike,24,False,Active,0.0,0.0,100.0
CUST001890,4,5,19685,4921.25,6.75,3.0,2023-04-12,2024-09-12,39,Adult,Female,Lucknow,No,0,3,Clothing,Backpack,Biba,109,False,Active,0.0,75.0,25.0
CUST001891,3,5,9166,3055.33,14.67,3.67,2023-01-31,2024-02-21,46,Adult,Female,Noida,No,1,1,Accessories,Bag,Puma,313,True,Inactive 270+ days,33.33,33.33,66.67
CUST001892,1,2,5681,5681.0,15.0,3.0,2024-11-11,2024-11-11,53,Adult,Female,Pune,No,0,1,Footwear,Heels,Bata,49,False,Active,0.0,100.0,0.0
CUST001893,3,6,11567,3855.67,4.33,3.33,2023-06-04,2024-09-13,48,Adult,Female,Nagpur,No,0,3,Clothing,Kurta,Biba,108,False,Active,0.0,100.0,0.0
CUST001894,2,2,4009,2004.5,4.0,3.0,2023-06-12,2023-09-05,33,Adult,Male,Kochi,Yes,1,2,Clothing,Shirt,Adidas,482,True,Inactive 270+ days,50.0,100.0,0.0
CUST001895,1,2,7545,7545.0,12.0,4.0,2023-01-01,2023-01-01,20,Young Adult,Male,Chennai,Yes,0,1,Clothing,Kurta,Biba,729,True,Inactive 270+ days,0.0,100.0,0.0
CUST001896,1,2,5809,5809.0,5.0,3.0,2024-01-21,2024-01-21,29,Adult,Male,Chandigarh,No,0,1,Footwear,Boots,Bata,344,True,Inactive 270+ days,0.0,100.0,0.0
CUST001897,4,4,22443,5610.75,2.5,2.75,2023-02-27,2024-12-03,24,Young Adult,Other,Pune,No,1,3,Clothing,Bag,FabIndia,27,False,Active,25.0,75.0,25.0
CUST001898,2,6,9201,4600.5,3.0,3.5,2023-01-29,2024-06-02,31,Adult,Male,Indore,Yes,0,2,Accessories,Backpack,Puma,211,False,Active,0.0,100.0,0.0
CUST001899,3,6,55143,18381.0,12.67,3.67,2023-08-03,2024-11-03,36,Adult,Female,Delhi,Yes,1,2,Footwear,Boots,Levis,57,False,Active,33.33,66.67,33.33
CUST001901,1,1,8253,8253.0,9.0,4.0,2024-04-15,2024-04-15,42,Adult,Male,Kolkata,Yes,0,0,Clothing,Jacket,Zara,259,False,Active,0.0,0.0,100.0
CUST001902,3,7,28611,9537.0,11.0,3.33,2023-04-19,2024-10-05,53,Adult,Male,Delhi,No,0,2,Clothing,Backpack,H&M,86,False,Active,0.0,66.67,33.33
CUST001903,4,5,4885,1221.25,8.5,2.75,2023-09-11,2024-12-08,22,Young Adult,Female,Visakhapatnam,No,3,3,Accessories,Cap,Bata,22,False,Active,75.0,75.0,25.0
CUST001904,1,1,3714,3714.0,7.0,3.0,2023-10-29,2023-10-29,26,Adult,Female,Bangalore,No,0,1,Footwear,Formal Shoes,Max,428,True,Inactive 270+ days,0.0,100.0,0.0
CUST001905,4,5,29992,7498.0,7.0,3.5,2023-03-19,2024-04-05,59,Adult,Male,Bangalore,No,2,4,Clothing,Kurta,Adidas,269,False,Active,50.0,100.0,0.0
CUST001907,5,7,52713,10542.6,7.6,3.6,2023-01-08,2024-03-26,21,Young Adult,Male,Nagpur,Yes,1,4,Clothing,Saree,Max,279,True,Inactive 270+ days,20.0,80.0,20.0
CUST001908,1,2,34584,34584.0,12.0,4.0,2024-04-03,2024-04-03,52,Adult,Female,Pune,Yes,0,1,Footwear,Running Shoes,Adidas,271,True,Inactive 270+ days,0.0,100.0,0.0
CUST001909,4,5,41729,10432.25,11.25,3.25,2023-07-23,2023-12-13,36,Adult,Male,Noida,No,0,3,Clothing,Saree,Allen Solly,383,True,Inactive 270+ days,0.0,75.0,25.0
CUST001910,1,1,2414,2414.0,9.0,4.0,2023-07-18,2023-07-18,52,Adult,Other,Chennai,No,0,0,Clothing,Hoodie,Adidas,531,True,Inactive 270+ days,0.0,0.0,100.0
CUST001911,1,2,4118,4118.0,8.0,5.0,2024-05-21,2024-05-21,43,Adult,Female,Kochi,No,0,1,Clothing,Jacket,Puma,223,False,Active,0.0,100.0,0.0
CUST001912,2,2,4762,2381.0,11.0,3.5,2023-04-29,2024-01-03,60,Adult,Male,Lucknow,Yes,0,2,Accessories,Bag,Biba,362,True,Inactive 270+ days,0.0,100.0,0.0
CUST001913,3,5,7055,2351.67,3.33,3.33,2023-01-09,2024-12-25,60,Adult,Male,Bangalore,Yes,0,1,Accessories,Cap,Fastrack,5,False,Active,0.0,33.33,66.67
CUST001914,5,6,20205,4041.0,10.8,3.2,2024-06-17,2024-12-11,24,Young Adult,Male,Bangalore,Yes,1,5,Clothing,Heels,Bata,19,False,Active,20.0,100.0,0.0
CUST001915,4,4,6695,1673.75,5.5,3.5,2023-04-07,2024-05-14,54,Adult,Male,Noida,No,1,4,Accessories,Socks,Levis,230,False,Active,25.0,100.0,0.0
CUST001916,3,5,6622,2207.33,18.67,3.33,2023-06-26,2023-12-04,46,Adult,Female,Nagpur,Yes,1,3,Accessories,Belt,Max,392,True,Inactive 270+ days,33.33,100.0,0.0
CUST001917,1,1,451,451.0,2.0,2.0,2024-02-26,2024-02-26,52,Adult,Female,Visakhapatnam,No,1,1,Accessories,Cap,Fastrack,308,True,Inactive 270+ days,100.0,100.0,0.0
CUST001918,1,2,7185,7185.0,15.0,4.0,2024-04-06,2024-04-06,43,Adult,Male,Chennai,Yes,0,1,Clothing,Jeans,Levis,268,False,Active,0.0,100.0,0.0
CUST001919,3,8,10380,3460.0,6.33,2.67,2023-05-17,2024-12-12,56,Adult,Male,Gurgaon,No,1,2,Clothing,Kurta,Max,18,False,Active,33.33,66.67,33.33
CUST001920,2,3,9446,4723.0,18.5,4.0,2023-12-14,2024-08-30,46,Adult,Female,Noida,No,0,1,Clothing,Jeans,FabIndia,122,False,Active,0.0,50.0,50.0
CUST001921,2,2,5306,2653.0,14.0,3.5,2023-01-23,2024-03-06,36,Adult,Male,Jaipur,No,0,2,Clothing,Jeans,Adidas,299,True,Inactive 270+ days,0.0,100.0,0.0
CUST001922,2,2,1261,630.5,4.0,3.0,2023-12-08,2024-07-30,51,Adult,Male,Hyderabad,No,1,1,Accessories,Shorts,HRX,153,False,Active,50.0,50.0,50.0
CUST001923,3,4,32970,10990.0,4.0,3.33,2023-09-03,2024-07-02,52,Adult,Female,Lucknow,No,1,2,Clothing,Kurta,Allen Solly,181,False,Active,33.33,66.67,33.33
CUST001924,1,1,5311,5311.0,1.0,2.0,2024-06-10,2024-06-10,32,Adult,Male,Ahmedabad,No,0,1,Accessories,Bag,Levis,203,False,Active,0.0,100.0,0.0
CUST001925,1,2,4521,4521.0,15.0,4.0,2024-06-13,2024-06-13,49,Adult,Female,Visakhapatnam,Yes,0,1,Clothing,T-shirt,Puma,200,False,Active,0.0,100.0,0.0
CUST001926,3,5,19836,6612.0,10.67,4.0,2023-03-11,2024-05-29,52,Adult,Female,Surat,No,1,3,Footwear,Running Shoes,Nike,215,False,Active,33.33,100.0,0.0
CUST001927,2,2,6371,3185.5,15.0,3.5,2023-04-14,2023-10-24,30,Adult,Male,Lucknow,No,1,0,Clothing,Boots,Max,433,True,Inactive 270+ days,50.0,0.0,100.0
CUST001928,3,6,14502,4834.0,10.33,3.0,2023-11-26,2024-10-09,54,Adult,Female,Hyderabad,No,1,2,Footwear,Boots,Bata,82,False,Active,33.33,66.67,33.33
CUST001929,4,9,28342,7085.5,8.25,3.5,2023-01-06,2024-10-29,45,Adult,Other,Surat,Yes,1,2,Clothing,Boots,Allen Solly,62,False,Active,25.0,50.0,50.0
CUST001930,6,8,27998,4666.33,7.0,3.33,2023-03-20,2024-05-15,50,Adult,Other,Nagpur,Yes,2,5,Clothing,Jacket,Puma,229,False,Active,33.33,83.33,16.67
CUST001931,1,2,20745,20745.0,10.0,4.0,2024-07-26,2024-07-26,25,Young Adult,Female,Jaipur,Yes,0,1,Clothing,Saree,FabIndia,157,False,Active,0.0,100.0,0.0
CUST001932,1,2,33193,33193.0,4.0,5.0,2023-05-10,2023-05-10,36,Adult,Male,Ahmedabad,No,0,1,Footwear,Running Shoes,Nike,600,True,Inactive 270+ days,0.0,100.0,0.0
CUST001933,2,5,24073,12036.5,12.5,4.0,2024-05-17,2024-10-10,58,Adult,Female,Patna,No,0,0,Clothing,Saree,FabIndia,81,False,Active,0.0,0.0,100.0
CUST001934,2,5,35186,17593.0,9.5,3.5,2024-08-23,2024-10-02,27,Adult,Female,Pune,No,0,1,Footwear,Running Shoes,Puma,89,False,Active,0.0,50.0,50.0
CUST001935,3,6,59215,19738.33,5.67,2.33,2023-01-06,2024-02-23,48,Adult,Male,Kolkata,Yes,1,3,Accessories,Backpack,Levis,311,True,Inactive 270+ days,33.33,100.0,0.0
CUST001936,5,7,67929,13585.8,4.8,3.8,2024-01-12,2024-12-19,41,Adult,Other,Nagpur,No,2,2,Clothing,Saree,FabIndia,11,False,Active,40.0,40.0,60.0
CUST001937,1,1,5668,5668.0,14.0,4.0,2023-03-31,2023-03-31,28,Adult,Male,Bangalore,Yes,0,1,Footwear,Sneakers,HRX,640,True,Inactive 270+ days,0.0,100.0,0.0
CUST001938,2,4,9327,4663.5,2.0,4.0,2024-07-14,2024-09-07,27,Adult,Male,Pune,Yes,1,2,Clothing,Dress,HRX,114,False,Active,50.0,100.0,0.0
CUST001939,3,4,48108,16036.0,9.67,3.67,2024-05-19,2024-09-21,54,Adult,Female,Jaipur,No,0,3,Accessories,Bag,Adidas,100,False,Active,0.0,100.0,0.0
CUST001940,2,3,2935,1467.5,9.0,3.0,2023-05-12,2024-10-17,57,Adult,Female,Surat,No,0,1,Accessories,Kurta,Biba,74,False,Active,0.0,50.0,50.0
CUST001941,5,6,23416,4683.2,4.8,3.2,2024-04-30,2024-10-18,26,Adult,Female,Lucknow,Yes,1,3,Footwear,Boots,Zara,73,False,Active,20.0,60.0,40.0
CUST001942,1,2,26809,26809.0,8.0,3.0,2023-04-24,2023-04-24,61,Adult,Female,Bhubaneswar,No,1,0,Footwear,Sneakers,Nike,616,True,Inactive 270+ days,100.0,0.0,100.0
CUST001943,5,7,36750,7350.0,14.4,3.8,2023-02-19,2024-09-24,20,Young Adult,Female,Surat,No,0,3,Clothing,Jacket,Puma,97,False,Active,0.0,60.0,40.0
CUST001944,2,4,28757,14378.5,2.5,2.5,2023-09-10,2024-04-01,35,Adult,Female,Hyderabad,No,1,0,Footwear,Heels,HRX,273,True,Inactive 270+ days,50.0,0.0,100.0
CUST001945,8,10,64385,8048.12,8.75,3.0,2023-04-06,2024-10-29,61,Adult,Male,Gurgaon,Yes,2,7,Footwear,Sandals,Zara,62,False,Active,25.0,87.5,12.5
CUST001946,3,3,13449,4483.0,15.67,3.33,2023-05-13,2024-08-17,63,Adult,Female,Bhubaneswar,No,0,3,Footwear,Boots,Max,135,False,Active,0.0,100.0,0.0
CUST001947,5,8,22910,4582.0,9.2,3.6,2023-03-05,2024-12-20,38,Adult,Female,Ahmedabad,Yes,0,3,Accessories,Backpack,Bata,10,False,Active,0.0,60.0,40.0
CUST001948,1,2,4594,4594.0,11.0,5.0,2023-02-07,2023-02-07,31,Adult,Male,Bangalore,No,0,1,Clothing,Trousers,Allen Solly,692,True,Inactive 270+ days,0.0,100.0,0.0
CUST001949,6,7,23375,3895.83,3.0,4.0,2023-03-14,2024-08-04,25,Young Adult,Male,Noida,No,0,5,Footwear,Formal Shoes,Zara,148,False,Active,0.0,83.33,16.67
CUST001950,1,1,6071,6071.0,13.0,4.0,2023-01-08,2023-01-08,43,Adult,Female,Jaipur,Yes,0,0,Clothing,Jacket,Zara,722,True,Inactive 270+ days,0.0,0.0,100.0
CUST001951,2,2,3241,1620.5,7.5,2.0,2023-07-10,2024-06-02,50,Adult,Female,Lucknow,No,1,2,Clothing,Heels,Bata,211,False,Active,50.0,100.0,0.0
CUST001952,1,3,22032,22032.0,0.0,2.0,2024-02-10,2024-02-10,61,Adult,Male,Nagpur,Yes,0,1,Footwear,Sneakers,Adidas,324,True,Inactive 270+ days,0.0,100.0,0.0
CUST001953,2,2,11248,5624.0,13.0,3.5,2023-06-30,2024-02-12,27,Adult,Female,Jaipur,No,2,2,Clothing,Jacket,Adidas,322,True,Inactive 270+ days,100.0,100.0,0.0
CUST001954,5,7,25526,5105.2,4.2,3.0,2023-01-08,2024-10-24,60,Adult,Female,Kochi,No,2,3,Clothing,Jacket,Biba,67,False,Active,40.0,60.0,40.0
CUST001955,1,1,1368,1368.0,11.0,5.0,2023-10-25,2023-10-25,41,Adult,Male,Gurgaon,Yes,0,0,Clothing,T-shirt,Nike,432,True,Inactive 270+ days,0.0,0.0,100.0
CUST001956,5,5,19142,3828.4,10.8,3.0,2023-05-18,2024-09-22,38,Adult,Female,Kochi,No,1,4,Clothing,Saree,Bata,99,False,Active,20.0,80.0,20.0
CUST001957,2,2,4226,2113.0,4.5,3.5,2023-02-26,2023-07-04,31,Adult,Male,Bhubaneswar,Yes,0,1,Clothing,Dress,HRX,545,True,Inactive 270+ days,0.0,50.0,50.0
CUST001959,6,6,19910,3318.33,3.33,3.0,2023-07-04,2024-12-19,47,Adult,Male,Indore,Yes,2,6,Clothing,T-shirt,HRX,11,False,Active,33.33,100.0,0.0
CUST001960,1,1,1421,1421.0,10.0,2.0,2024-12-08,2024-12-08,56,Adult,Male,Surat,No,1,1,Clothing,Jacket,Max,22,False,Active,100.0,100.0,0.0
CUST001961,2,3,9263,4631.5,7.5,2.5,2023-06-03,2024-10-03,40,Adult,Female,Jaipur,No,1,1,Clothing,Saree,Max,88,False,Active,50.0,50.0,50.0
CUST001962,3,3,6372,2124.0,5.0,3.67,2023-12-17,2024-05-11,42,Adult,Male,Patna,No,2,1,Clothing,Kurta,Allen Solly,233,False,Active,66.67,33.33,66.67
CUST001963,4,6,40538,10134.5,13.75,4.5,2023-10-17,2024-10-01,36,Adult,Female,Delhi,Yes,1,3,Clothing,Boots,Adidas,90,False,Active,25.0,75.0,25.0
CUST001964,1,2,1085,1085.0,29.0,4.0,2023-08-01,2023-08-01,55,Adult,Male,Nagpur,No,0,0,Accessories,Socks,Tommy Hilfiger,517,True,Inactive 270+ days,0.0,0.0,100.0
CUST001965,2,2,4073,2036.5,9.5,4.5,2024-06-16,2024-11-29,59,Adult,Female,Patna,No,0,1,Accessories,Kurta,Biba,31,False,Active,0.0,50.0,50.0
CUST001966,1,1,1475,1475.0,11.0,5.0,2024-03-07,2024-03-07,23,Young Adult,Male,Surat,No,0,1,Clothing,Shorts,Puma,298,True,Inactive 270+ days,0.0,100.0,0.0
CUST001967,3,3,5077,1692.33,10.0,2.67,2023-07-20,2024-03-02,18,Young Adult,Male,Jaipur,No,1,3,Clothing,Boots,HRX,303,True,Inactive 270+ days,33.33,100.0,0.0
CUST001968,4,7,25837,6459.25,8.5,3.0,2023-02-06,2024-11-21,43,Adult,Male,Chandigarh,No,2,2,Footwear,Dress,Bata,39,False,Active,50.0,50.0,50.0
CUST001969,1,3,5016,5016.0,8.0,5.0,2024-05-04,2024-05-04,20,Young Adult,Male,Gurgaon,Yes,1,0,Clothing,T-shirt,Zara,240,False,Active,100.0,0.0,100.0
CUST001970,1,1,2656,2656.0,2.0,4.0,2024-11-29,2024-11-29,64,Adult,Male,Pune,Yes,0,1,Clothing,Shirt,Zara,31,False,Active,0.0,100.0,0.0
CUST001972,6,8,50399,8399.83,5.5,3.5,2023-05-18,2024-10-09,25,Young Adult,Male,Patna,Yes,1,5,Accessories,Sunglasses,FabIndia,82,False,Active,16.67,83.33,16.67
CUST001973,4,8,43750,10937.5,9.75,3.0,2023-07-28,2024-10-03,44,Adult,Female,Lucknow,Yes,1,3,Accessories,Running Shoes,Fastrack,88,False,Active,25.0,75.0,25.0
CUST001974,2,4,12477,6238.5,3.0,4.5,2023-06-26,2024-05-02,62,Adult,Female,Bangalore,Yes,0,1,Clothing,Kurta,Biba,242,False,Active,0.0,50.0,50.0
CUST001975,4,7,21119,5279.75,4.75,3.25,2023-08-09,2024-10-01,63,Adult,Other,Nagpur,Yes,0,4,Clothing,Bag,Adidas,90,False,Active,0.0,100.0,0.0
CUST001976,1,1,2420,2420.0,4.0,4.0,2023-07-22,2023-07-22,24,Young Adult,Female,Noida,No,0,0,Accessories,Bag,Tommy Hilfiger,527,True,Inactive 270+ days,0.0,0.0,100.0
CUST001977,1,1,6474,6474.0,0.0,3.0,2024-04-16,2024-04-16,26,Adult,Female,Lucknow,No,1,1,Clothing,Hoodie,Nike,258,False,Active,100.0,100.0,0.0
CUST001978,3,6,33939,11313.0,5.67,4.0,2023-11-05,2024-05-28,41,Adult,Female,Chandigarh,No,0,2,Clothing,Jacket,Puma,216,False,Active,0.0,66.67,33.33
CUST001979,2,2,1967,983.5,7.0,3.0,2024-03-24,2024-09-25,48,Adult,Female,Patna,No,0,2,Clothing,Hoodie,Adidas,96,False,Active,0.0,100.0,0.0
CUST001980,1,1,752,752.0,2.0,2.0,2024-11-15,2024-11-15,56,Adult,Male,Lucknow,Yes,1,1,Clothing,Jeans,Roadster,45,False,Active,100.0,100.0,0.0
CUST001981,5,6,21911,4382.2,5.2,2.8,2024-03-13,2024-12-01,61,Adult,Male,Jaipur,Yes,2,4,Clothing,Shorts,Adidas,29,False,Active,40.0,80.0,20.0
CUST001982,1,1,2642,2642.0,12.0,5.0,2023-04-12,2023-04-12,46,Adult,Female,Chennai,No,0,1,Clothing,Kurta,Biba,628,True,Inactive 270+ days,0.0,100.0,0.0
CUST001984,3,3,11072,3690.67,4.67,2.67,2023-01-18,2024-12-09,30,Adult,Male,Visakhapatnam,Yes,0,3,Footwear,Boots,FabIndia,21,False,Active,0.0,100.0,0.0
CUST001985,5,10,38219,7643.8,4.0,3.4,2023-01-07,2024-06-24,58,Adult,Male,Jaipur,Yes,0,4,Clothing,Saree,FabIndia,189,False,Active,0.0,80.0,20.0
CUST001986,4,5,16093,4023.25,9.75,3.25,2023-02-11,2024-10-29,57,Adult,Female,Chennai,No,0,2,Clothing,Hoodie,HRX,62,False,Active,0.0,50.0,50.0
CUST001987,2,2,8629,4314.5,9.0,2.5,2023-01-30,2024-09-25,41,Adult,Female,Ahmedabad,Yes,0,2,Clothing,Hoodie,Nike,96,False,Active,0.0,100.0,0.0
CUST001988,4,5,16368,4092.0,9.5,3.75,2023-08-26,2024-05-06,61,Adult,Female,Nagpur,No,0,4,Clothing,Jacket,Levis,238,False,Active,0.0,100.0,0.0
CUST001989,6,10,39381,6563.5,8.5,3.5,2023-02-22,2024-08-07,23,Young Adult,Male,Noida,Yes,2,5,Clothing,Saree,Biba,145,False,Active,33.33,83.33,16.67
CUST001990,3,6,19319,6439.67,11.0,4.0,2023-03-31,2024-04-08,28,Adult,Female,Bangalore,Yes,0,3,Accessories,Bag,HRX,266,False,Active,0.0,100.0,0.0
CUST001991,3,3,7461,2487.0,8.0,3.67,2023-06-23,2024-07-12,38,Adult,Female,Gurgaon,No,0,3,Accessories,Socks,Tommy Hilfiger,171,False,Active,0.0,100.0,0.0
CUST001992,4,4,28405,7101.25,8.0,3.75,2023-02-20,2023-09-04,29,Adult,Male,Visakhapatnam,No,0,3,Footwear,Running Shoes,HRX,483,True,Inactive 270+ days,0.0,75.0,25.0
CUST001993,3,3,10380,3460.0,11.33,4.0,2023-05-11,2024-07-10,59,Adult,Male,Delhi,No,0,3,Clothing,Hoodie,Adidas,173,False,Active,0.0,100.0,0.0
CUST001994,4,5,13758,3439.5,7.5,4.0,2023-01-04,2024-10-07,48,Adult,Female,Ahmedabad,Yes,1,3,Clothing,Formal Shoes,H&M,84,False,Active,25.0,75.0,25.0
CUST001995,4,5,54148,13537.0,8.75,3.75,2023-08-13,2024-01-19,60,Adult,Female,Bangalore,No,1,3,Footwear,Sneakers,Puma,346,True,Inactive 270+ days,25.0,75.0,25.0
CUST001996,1,1,2563,2563.0,6.0,3.0,2024-12-18,2024-12-18,31,Adult,Female,Gurgaon,No,0,1,Clothing,Shorts,Nike,12,False,Active,0.0,100.0,0.0
CUST001997,4,5,28234,7058.5,2.0,3.5,2023-03-19,2024-06-29,41,Adult,Female,Kochi,No,0,1,Footwear,Formal Shoes,Bata,184,False,Active,0.0,25.0,75.0
CUST001998,3,3,20877,6959.0,4.67,3.67,2023-07-04,2024-10-09,57,Adult,Male,Kochi,No,0,3,Clothing,Dress,Levis,82,False,Active,0.0,100.0,0.0
CUST001999,2,3,6186,3093.0,6.5,4.0,2023-03-10,2024-12-05,46,Adult,Male,Lucknow,No,1,1,Clothing,Jeans,Hush Puppies,25,False,Active,50.0,50.0,50.0
CUST002000,4,7,24325,6081.25,11.75,3.0,2023-08-24,2024-06-05,38,Adult,Male,Bangalore,No,4,4,Clothing,Boots,Max,208,False,Active,100.0,100.0,0.0
CUST002001,5,5,23507,4701.4,4.0,4.0,2023-05-14,2024-12-03,21,Young Adult,Female,Delhi,Yes,0,1,Accessories,Bag,Adidas,27,False,Active,0.0,20.0,80.0
CUST002002,1,1,9622,9622.0,8.0,5.0,2024-05-26,2024-05-26,60,Adult,Male,Bangalore,No,0,1,Footwear,Running Shoes,Adidas,218,False,Active,0.0,100.0,0.0
CUST002003,2,2,3938,1969.0,10.5,2.5,2023-07-10,2023-08-20,28,Adult,Male,Nagpur,No,0,2,Clothing,Sandals,Bata,498,True,Inactive 270+ days,0.0,100.0,0.0
CUST002005,5,7,64418,12883.6,5.4,4.0,2023-05-20,2024-11-14,35,Adult,Female,Delhi,Yes,1,4,Footwear,Running Shoes,FabIndia,46,False,Active,20.0,80.0,20.0
CUST002006,2,3,4197,2098.5,4.5,3.5,2023-06-28,2023-07-05,35,Adult,Female,Delhi,Yes,2,2,Clothing,Jacket,Nike,544,True,Inactive 270+ days,100.0,100.0,0.0
CUST002007,3,4,4080,1360.0,6.33,3.0,2023-03-30,2024-03-24,34,Adult,Male,Mumbai,No,1,2,Clothing,Shirt,Max,281,True,Inactive 270+ days,33.33,66.67,33.33
CUST002008,2,2,7249,3624.5,14.5,3.5,2023-03-25,2023-09-10,32,Adult,Female,Bhubaneswar,Yes,0,2,Accessories,Cap,Wildcraft,477,True,Inactive 270+ days,0.0,100.0,0.0
CUST002009,1,1,1400,1400.0,8.0,4.0,2023-09-13,2023-09-13,41,Adult,Female,Kolkata,No,0,1,Clothing,Shorts,Puma,474,True,Inactive 270+ days,0.0,100.0,0.0
CUST002010,2,2,13533,6766.5,15.0,4.5,2023-08-31,2023-12-27,18,Young Adult,Male,Chennai,No,0,1,Clothing,Jeans,Adidas,369,True,Inactive 270+ days,0.0,50.0,50.0
CUST002011,4,8,22632,5658.0,10.0,3.75,2023-06-14,2024-10-02,48,Adult,Female,Bangalore,No,1,3,Clothing,Boots,Bata,89,False,Active,25.0,75.0,25.0
CUST002012,2,2,2869,1434.5,3.5,2.5,2023-02-05,2024-06-27,39,Adult,Female,Delhi,No,1,1,Clothing,T-shirt,HRX,186,False,Active,50.0,50.0,50.0
CUST002014,4,5,28066,7016.5,9.0,3.25,2023-02-11,2024-11-17,31,Adult,Female,Jaipur,No,0,2,Footwear,Heels,Bata,43,False,Active,0.0,50.0,50.0
CUST002015,6,9,38116,6352.67,15.33,3.33,2023-01-31,2024-09-27,32,Adult,Female,Chennai,No,2,6,Footwear,Running Shoes,Adidas,94,False,Active,33.33,100.0,0.0
CUST002016,4,6,21411,5352.75,6.5,2.75,2023-02-21,2024-05-15,20,Young Adult,Female,Gurgaon,No,1,2,Accessories,Cap,HRX,229,False,Active,25.0,50.0,50.0
CUST002017,2,4,3969,1984.5,8.0,4.0,2023-01-23,2023-12-11,42,Adult,Female,Ahmedabad,No,1,1,Accessories,Cap,Levis,385,True,Inactive 270+ days,50.0,50.0,50.0
CUST002018,2,4,13572,6786.0,9.5,2.5,2023-02-14,2023-08-05,39,Adult,Female,Kochi,No,1,2,Clothing,Saree,Max,513,True,Inactive 270+ days,50.0,100.0,0.0
CUST002019,3,4,18452,6150.67,10.33,3.33,2023-09-21,2024-08-17,60,Adult,Female,Bhubaneswar,No,0,2,Clothing,Formal Shoes,H&M,135,False,Active,0.0,66.67,33.33
CUST002020,2,2,17787,8893.5,5.5,4.0,2024-05-22,2024-06-18,64,Adult,Male,Kolkata,No,1,1,Clothing,Running Shoes,Max,195,False,Active,50.0,50.0,50.0
CUST002021,5,11,45846,9169.2,11.6,3.6,2023-03-09,2024-10-16,30,Adult,Female,Noida,No,0,4,Clothing,Belt,Adidas,75,False,Active,0.0,80.0,20.0
CUST002022,6,10,45145,7524.17,11.17,3.67,2023-03-20,2024-08-07,24,Young Adult,Female,Jaipur,No,2,5,Clothing,Jeans,Max,145,False,Active,33.33,83.33,16.67
CUST002023,4,5,36872,9218.0,12.5,4.0,2023-08-04,2024-07-28,61,Adult,Female,Mumbai,No,1,3,Clothing,Saree,Biba,155,False,Active,25.0,75.0,25.0
CUST002024,3,3,21038,7012.67,7.67,4.0,2023-12-23,2024-02-05,21,Young Adult,Female,Nagpur,No,0,1,Accessories,Bag,Adidas,329,True,Inactive 270+ days,0.0,33.33,66.67
CUST002025,2,2,10411,5205.5,10.5,2.5,2023-09-10,2024-11-02,52,Adult,Other,Bhubaneswar,Yes,1,2,Clothing,Running Shoes,HRX,58,False,Active,50.0,100.0,0.0
CUST002026,1,2,3828,3828.0,7.0,5.0,2024-10-02,2024-10-02,25,Young Adult,Other,Hyderabad,No,1,1,Clothing,T-shirt,Adidas,89,False,Active,100.0,100.0,0.0
CUST002027,5,8,19067,3813.4,22.4,3.8,2023-05-14,2024-11-04,63,Adult,Male,Bangalore,No,0,4,Clothing,Hoodie,Puma,56,False,Active,0.0,80.0,20.0
CUST002028,2,2,4868,2434.0,13.0,3.0,2023-04-04,2024-07-11,20,Young Adult,Male,Nagpur,No,1,2,Clothing,Kurta,FabIndia,172,False,Active,50.0,100.0,0.0
CUST002029,2,4,13630,6815.0,5.0,3.5,2023-02-07,2024-04-02,45,Adult,Male,Bhubaneswar,Yes,2,1,Accessories,Socks,Levis,272,True,Inactive 270+ days,100.0,50.0,50.0
CUST002030,1,4,3625,3625.0,7.0,3.0,2024-08-07,2024-08-07,30,Adult,Female,Indore,No,1,1,Clothing,Jeans,Roadster,145,False,Active,100.0,100.0,0.0
CUST002031,6,8,43878,7313.0,9.17,3.33,2023-01-08,2024-05-14,45,Adult,Male,Visakhapatnam,No,2,5,Clothing,Kurta,Adidas,230,False,Active,33.33,83.33,16.67
CUST002032,1,1,3015,3015.0,13.0,4.0,2024-07-15,2024-07-15,61,Adult,Male,Chennai,Yes,0,1,Clothing,Shirt,Allen Solly,168,False,Active,0.0,100.0,0.0
CUST002033,4,5,51601,12900.25,9.5,2.75,2023-08-20,2024-12-25,45,Adult,Female,Noida,No,2,2,Footwear,Sneakers,HRX,5,False,Active,50.0,50.0,50.0
CUST002034,5,6,27840,5568.0,6.8,4.0,2023-03-23,2024-10-08,25,Young Adult,Male,Hyderabad,No,0,5,Clothing,Dress,Max,83,False,Active,0.0,100.0,0.0
CUST002035,2,2,8353,4176.5,4.5,4.0,2023-06-22,2024-10-02,27,Adult,Female,Kochi,Yes,0,2,Clothing,Hoodie,Biba,89,False,Active,0.0,100.0,0.0
CUST002036,3,4,8396,2798.67,9.67,3.67,2023-02-18,2023-08-19,54,Adult,Female,Lucknow,No,1,3,Accessories,Sandals,Adidas,499,True,Inactive 270+ days,33.33,100.0,0.0
CUST002037,1,3,510,510.0,0.0,3.0,2023-10-28,2023-10-28,57,Adult,Female,Jaipur,Yes,0,1,Footwear,Slippers,Max,429,True,Inactive 270+ days,0.0,100.0,0.0
CUST002038,4,4,30836,7709.0,5.5,3.25,2023-05-08,2024-02-14,52,Adult,Female,Chandigarh,Yes,1,4,Clothing,Jeans,Adidas,320,True,Inactive 270+ days,25.0,100.0,0.0
CUST002039,2,2,6964,3482.0,21.0,4.5,2024-03-02,2024-08-27,45,Adult,Female,Pune,No,0,1,Accessories,Cap,Adidas,125,False,Active,0.0,50.0,50.0
CUST002040,2,3,37946,18973.0,11.0,3.0,2024-01-11,2024-05-29,19,Young Adult,Male,Chennai,No,0,2,Clothing,Kurta,Max,215,False,Active,0.0,100.0,0.0
CUST002041,3,7,21237,7079.0,6.67,3.67,2023-05-19,2024-11-15,29,Adult,Female,Noida,Yes,0,3,Clothing,Dress,Biba,45,False,Active,0.0,100.0,0.0
CUST002042,5,6,26105,5221.0,5.4,3.0,2023-02-15,2024-07-12,28,Adult,Male,Chandigarh,No,3,4,Clothing,Saree,Adidas,171,False,Active,60.0,80.0,20.0
CUST002043,3,4,21230,7076.67,4.33,3.33,2023-04-27,2024-09-18,25,Young Adult,Male,Patna,No,1,1,Footwear,Running Shoes,HRX,103,False,Active,33.33,33.33,66.67
CUST002044,2,3,5146,2573.0,7.0,2.5,2023-03-23,2023-12-30,60,Adult,Male,Lucknow,No,0,1,Accessories,Jeans,Allen Solly,366,True,Inactive 270+ days,0.0,50.0,50.0
CUST002045,2,4,22203,11101.5,4.0,3.5,2023-03-15,2024-07-06,29,Adult,Female,Gurgaon,No,1,1,Clothing,Shorts,Adidas,177,False,Active,50.0,50.0,50.0
CUST002046,1,1,3029,3029.0,8.0,4.0,2023-01-09,2023-01-09,20,Young Adult,Female,Bhubaneswar,No,0,1,Footwear,Sandals,Hush Puppies,721,True,Inactive 270+ days,0.0,100.0,0.0
CUST002047,3,7,9779,3259.67,9.67,3.33,2023-05-27,2024-02-19,34,Adult,Male,Bangalore,Yes,0,3,Clothing,Backpack,Fastrack,315,True,Inactive 270+ days,0.0,100.0,0.0
CUST002049,4,4,17937,4484.25,6.5,4.0,2023-04-20,2024-08-06,48,Adult,Female,Indore,No,1,1,Clothing,Formal Shoes,Zara,146,False,Active,25.0,25.0,75.0
CUST002050,5,5,37888,7577.6,6.6,3.4,2023-03-26,2024-12-18,54,Adult,Male,Patna,No,1,4,Clothing,Jacket,HRX,12,False,Active,20.0,80.0,20.0
CUST002051,3,3,9083,3027.67,7.33,3.67,2023-07-05,2024-11-28,48,Adult,Male,Jaipur,No,1,2,Clothing,Dress,Allen Solly,32,False,Active,33.33,66.67,33.33
CUST002052,2,2,5121,2560.5,11.5,4.5,2023-06-19,2024-11-11,33,Adult,Other,Delhi,Yes,0,2,Clothing,Heels,Hush Puppies,49,False,Active,0.0,100.0,0.0
CUST002053,3,5,9491,3163.67,9.33,3.0,2023-01-06,2024-09-23,59,Adult,Female,Gurgaon,No,0,3,Clothing,Kurta,Biba,98,False,Active,0.0,100.0,0.0
CUST002054,3,8,26140,8713.33,1.33,3.67,2023-04-07,2024-04-26,46,Adult,Female,Chandigarh,Yes,0,1,Clothing,Hoodie,Adidas,248,False,Active,0.0,33.33,66.67
CUST002056,2,2,8498,4249.0,3.5,3.5,2023-02-01,2023-04-09,33,Adult,Male,Kochi,No,0,0,Accessories,Sandals,Hush Puppies,631,True,Inactive 270+ days,0.0,0.0,100.0
CUST002057,1,1,4998,4998.0,14.0,2.0,2024-10-09,2024-10-09,37,Adult,Male,Mumbai,No,1,1,Footwear,Boots,Max,82,False,Active,100.0,100.0,0.0
CUST002058,1,2,1686,1686.0,1.0,4.0,2024-05-25,2024-05-25,18,Young Adult,Male,Bhubaneswar,No,0,1,Accessories,Sunglasses,Levis,219,False,Active,0.0,100.0,0.0
CUST002060,3,5,13004,4334.67,16.0,3.67,2023-11-27,2024-06-20,31,Adult,Female,Chandigarh,Yes,0,1,Accessories,Backpack,Puma,193,False,Active,0.0,33.33,66.67
CUST002062,5,6,9451,1890.2,18.0,3.8,2023-08-04,2024-10-02,50,Adult,Female,Lucknow,No,1,4,Clothing,Kurta,Biba,89,False,Active,20.0,80.0,20.0
CUST002064,4,7,35639,8909.75,8.75,4.0,2023-01-14,2024-09-11,33,Adult,Female,Kolkata,No,2,3,Clothing,Kurta,FabIndia,110,False,Active,50.0,75.0,25.0
CUST002065,2,2,2184,1092.0,6.0,4.5,2023-12-10,2024-06-25,29,Adult,Female,Kochi,No,0,1,Accessories,Cap,Puma,188,False,Active,0.0,50.0,50.0
CUST002066,5,5,19408,3881.6,6.0,4.4,2023-11-05,2024-12-18,56,Adult,Male,Kolkata,No,0,5,Clothing,Dress,Adidas,12,False,Active,0.0,100.0,0.0
CUST002067,2,4,50793,25396.5,10.0,4.0,2023-06-22,2024-08-20,58,Adult,Female,Mumbai,No,1,0,Footwear,Heels,Adidas,132,False,Active,50.0,0.0,100.0
CUST002068,3,4,14224,4741.33,6.0,3.0,2023-09-28,2024-02-16,42,Adult,Male,Pune,No,1,3,Clothing,Jacket,Max,318,True,Inactive 270+ days,33.33,100.0,0.0
CUST002069,4,5,11107,2776.75,7.5,3.75,2023-08-15,2024-05-07,59,Adult,Female,Bangalore,No,0,3,Footwear,Boots,Allen Solly,237,False,Active,0.0,75.0,25.0
CUST002070,3,6,22316,7438.67,6.33,2.67,2023-08-16,2024-02-03,34,Adult,Female,Jaipur,No,2,2,Clothing,Jacket,Adidas,331,True,Inactive 270+ days,66.67,66.67,33.33
CUST002071,2,2,10949,5474.5,5.5,3.5,2023-05-13,2024-07-03,36,Adult,Female,Patna,No,0,2,Accessories,Belt,Biba,180,False,Active,0.0,100.0,0.0
CUST002072,2,2,3885,1942.5,8.5,3.0,2024-08-10,2024-08-25,43,Adult,Female,Patna,No,0,2,Accessories,Cap,Allen Solly,127,False,Active,0.0,100.0,0.0
CUST002073,6,7,11119,1853.17,7.5,3.0,2023-02-04,2023-08-04,25,Young Adult,Female,Surat,No,1,3,Clothing,T-shirt,HRX,514,True,Inactive 270+ days,16.67,50.0,50.0
CUST002074,5,8,39247,7849.4,9.0,3.6,2023-02-28,2024-05-05,29,Adult,Female,Visakhapatnam,No,0,4,Clothing,Formal Shoes,Adidas,239,False,Active,0.0,80.0,20.0
CUST002075,5,5,45866,9173.2,6.4,3.6,2023-04-28,2024-09-04,28,Adult,Male,Bangalore,No,2,3,Footwear,Dress,Bata,117,False,Active,40.0,60.0,40.0
CUST002076,6,8,42670,7111.67,5.17,3.5,2023-04-16,2024-10-17,31,Adult,Female,Bangalore,No,2,5,Clothing,Saree,Adidas,74,False,Active,33.33,83.33,16.67
CUST002078,2,2,8888,4444.0,10.5,3.0,2023-04-02,2024-10-04,32,Adult,Male,Pune,No,0,2,Clothing,Kurta,Biba,87,False,Active,0.0,100.0,0.0
CUST002079,1,3,901,901.0,8.0,4.0,2023-08-27,2023-08-27,48,Adult,Female,Jaipur,Yes,0,1,Footwear,Slippers,Hush Puppies,491,True,Inactive 270+ days,0.0,100.0,0.0
CUST002080,6,11,71680,11946.67,8.5,3.67,2023-04-08,2024-08-06,58,Adult,Male,Chennai,Yes,0,3,Footwear,Backpack,Puma,146,False,Active,0.0,50.0,50.0
CUST002081,4,6,24865,6216.25,8.25,3.5,2023-03-10,2024-07-08,19,Young Adult,Female,Pune,No,0,1,Clothing,Heels,FabIndia,175,False,Active,0.0,25.0,75.0
CUST002082,3,5,14953,4984.33,8.67,3.0,2023-06-28,2024-07-18,31,Adult,Female,Chandigarh,Yes,1,3,Clothing,Saree,Max,165,False,Active,33.33,100.0,0.0
CUST002083,6,8,41768,6961.33,9.0,3.0,2023-07-01,2024-10-21,19,Young Adult,Male,Patna,No,1,5,Clothing,Kurta,Max,70,False,Active,16.67,83.33,16.67
CUST002084,6,10,50552,8425.33,11.5,3.83,2023-03-01,2024-10-22,42,Adult,Other,Jaipur,No,2,4,Footwear,Slippers,Allen Solly,69,False,Active,33.33,66.67,33.33
CUST002085,8,9,40103,5012.88,8.0,3.88,2023-02-24,2024-12-27,61,Adult,Female,Visakhapatnam,No,0,4,Clothing,Jacket,Adidas,3,False,Active,0.0,50.0,50.0
CUST002086,2,4,11171,5585.5,7.0,3.0,2024-10-17,2024-11-04,55,Adult,Female,Patna,Yes,1,2,Clothing,Formal Shoes,Adidas,56,False,Active,50.0,100.0,0.0
CUST002088,6,7,66380,11063.33,10.67,3.83,2023-08-25,2024-11-16,57,Adult,Male,Chandigarh,No,2,4,Footwear,Running Shoes,Adidas,44,False,Active,33.33,66.67,33.33
CUST002089,4,4,9730,2432.5,15.25,3.25,2023-03-24,2024-06-06,61,Adult,Male,Hyderabad,No,1,3,Clothing,Kurta,FabIndia,207,False,Active,25.0,75.0,25.0
CUST002090,4,5,12584,3146.0,6.75,3.25,2023-06-27,2024-03-17,39,Adult,Female,Kolkata,Yes,1,4,Clothing,Jacket,Biba,288,True,Inactive 270+ days,25.0,100.0,0.0
CUST002091,8,11,68593,8574.12,11.12,3.5,2023-07-18,2024-09-05,50,Adult,Male,Mumbai,No,0,8,Clothing,Running Shoes,Max,116,False,Active,0.0,100.0,0.0
CUST002092,1,1,1792,1792.0,6.0,3.0,2023-01-11,2023-01-11,21,Young Adult,Male,Visakhapatnam,Yes,0,1,Clothing,Shirt,Roadster,719,True,Inactive 270+ days,0.0,100.0,0.0
CUST002093,4,6,45644,11411.0,11.5,3.25,2023-10-31,2024-04-01,40,Adult,Female,Lucknow,No,2,4,Clothing,Hoodie,Adidas,273,True,Inactive 270+ days,50.0,100.0,0.0
CUST002094,4,5,16884,4221.0,10.5,3.25,2023-01-31,2024-12-13,60,Adult,Male,Noida,No,1,3,Clothing,Heels,Bata,17,False,Active,25.0,75.0,25.0
CUST002095,6,8,35567,5927.83,5.83,3.83,2024-05-24,2024-11-29,40,Adult,Male,Lucknow,Yes,2,3,Footwear,Running Shoes,Bata,31,False,Active,33.33,50.0,50.0
CUST002096,3,5,37877,12625.67,10.0,3.67,2023-09-03,2024-11-17,37,Adult,Male,Jaipur,No,0,3,Clothing,Running Shoes,Adidas,43,False,Active,0.0,100.0,0.0
CUST002097,2,4,15522,7761.0,4.0,2.5,2023-03-17,2023-05-29,24,Young Adult,Male,Kolkata,No,1,1,Footwear,Formal Shoes,Hush Puppies,581,True,Inactive 270+ days,50.0,50.0,50.0
CUST002098,1,1,1393,1393.0,10.0,4.0,2023-12-10,2023-12-10,33,Adult,Male,Jaipur,No,0,1,Clothing,Kurta,Max,386,True,Inactive 270+ days,0.0,100.0,0.0
CUST002099,4,9,61010,15252.5,1.5,3.75,2023-10-16,2024-09-27,61,Adult,Female,Noida,No,0,2,Accessories,Backpack,Adidas,94,False,Active,0.0,50.0,50.0
CUST002100,1,1,22376,22376.0,4.0,4.0,2023-07-31,2023-07-31,21,Young Adult,Male,Nagpur,Yes,0,1,Footwear,Sneakers,Puma,518,True,Inactive 270+ days,0.0,100.0,0.0
CUST002101,1,1,2592,2592.0,12.0,4.0,2024-07-12,2024-07-12,38,Adult,Female,Chandigarh,Yes,0,1,Clothing,Shorts,Adidas,171,False,Active,0.0,100.0,0.0
CUST002102,2,3,5931,2965.5,18.5,3.5,2023-04-03,2023-11-28,49,Adult,Female,Lucknow,Yes,1,2,Clothing,Shorts,Puma,398,True,Inactive 270+ days,50.0,100.0,0.0
CUST002103,3,4,38207,12735.67,6.0,3.67,2024-01-06,2024-05-21,32,Adult,Female,Noida,No,0,3,Clothing,Jacket,Adidas,223,False,Active,0.0,100.0,0.0
CUST002104,1,1,1683,1683.0,9.0,5.0,2023-04-24,2023-04-24,37,Adult,Male,Visakhapatnam,No,1,1,Clothing,Kurta,FabIndia,616,True,Inactive 270+ days,100.0,100.0,0.0
CUST002105,6,9,35500,5916.67,6.83,3.17,2023-03-12,2024-09-25,36,Adult,Male,Kolkata,Yes,0,4,Clothing,Jacket,HRX,96,False,Active,0.0,66.67,33.33
CUST002106,3,4,4628,1542.67,10.33,3.67,2024-03-04,2024-05-19,23,Young Adult,Female,Patna,Yes,0,3,Clothing,Kurta,Allen Solly,225,False,Active,0.0,100.0,0.0
CUST002107,1,1,1475,1475.0,4.0,5.0,2023-06-25,2023-06-25,36,Adult,Female,Pune,No,0,0,Clothing,T-shirt,Allen Solly,554,True,Inactive 270+ days,0.0,0.0,100.0
CUST002108,3,3,37234,12411.33,5.33,4.0,2023-04-14,2024-12-08,44,Adult,Male,Pune,No,0,2,Clothing,Saree,Adidas,22,False,Active,0.0,66.67,33.33
CUST002109,3,4,13647,4549.0,10.0,3.67,2023-03-13,2024-01-15,24,Young Adult,Male,Bhubaneswar,No,1,3,Clothing,Jacket,Adidas,350,True,Inactive 270+ days,33.33,100.0,0.0
CUST002110,4,7,19979,4994.75,7.0,3.75,2023-03-04,2024-01-27,59,Adult,Female,Nagpur,No,0,3,Clothing,Dress,Bata,338,True,Inactive 270+ days,0.0,75.0,25.0
CUST002111,2,3,2560,1280.0,5.0,2.0,2023-04-18,2023-12-12,29,Adult,Male,Chandigarh,No,1,1,Clothing,Shorts,Max,384,True,Inactive 270+ days,50.0,50.0,50.0
CUST002112,4,5,17186,4296.5,9.25,3.0,2023-01-25,2024-06-26,19,Young Adult,Male,Delhi,Yes,1,2,Footwear,Sneakers,HRX,187,False,Active,25.0,50.0,50.0
CUST002113,6,6,13076,2179.33,5.83,2.67,2023-04-27,2024-12-29,38,Adult,Female,Pune,No,2,5,Clothing,Formal Shoes,Max,1,False,Active,33.33,83.33,16.67
CUST002114,3,3,8693,2897.67,9.33,3.67,2023-10-05,2024-09-30,60,Adult,Male,Patna,No,0,2,Clothing,Boots,Adidas,91,False,Active,0.0,66.67,33.33
CUST002115,3,4,6092,2030.67,9.67,3.33,2023-04-18,2024-03-21,35,Adult,Female,Patna,Yes,0,3,Clothing,Shorts,Nike,284,True,Inactive 270+ days,0.0,100.0,0.0
CUST002116,1,1,10190,10190.0,25.0,4.0,2024-11-25,2024-11-25,41,Adult,Female,Nagpur,No,1,0,Clothing,Saree,FabIndia,35,False,Active,100.0,0.0,100.0
CUST002117,2,3,3670,1835.0,2.5,3.5,2023-03-23,2023-07-17,30,Adult,Female,Delhi,No,0,1,Accessories,Belt,Fastrack,532,True,Inactive 270+ days,0.0,50.0,50.0
CUST002118,6,6,17679,2946.5,6.83,3.67,2023-10-26,2024-11-22,44,Adult,Female,Indore,No,0,6,Clothing,Saree,Bata,38,False,Active,0.0,100.0,0.0
CUST002119,1,2,21604,21604.0,9.0,4.0,2024-08-15,2024-08-15,29,Adult,Female,Chennai,Yes,0,1,Footwear,Running Shoes,Adidas,137,False,Active,0.0,100.0,0.0
CUST002120,2,5,26861,13430.5,0.5,4.0,2023-03-24,2023-09-23,52,Adult,Female,Kolkata,Yes,1,2,Clothing,Kurta,FabIndia,464,True,Inactive 270+ days,50.0,100.0,0.0
CUST002121,2,2,20909,10454.5,9.5,3.5,2023-09-12,2024-06-23,22,Young Adult,Female,Bhubaneswar,No,0,1,Footwear,Running Shoes,Puma,190,False,Active,0.0,50.0,50.0
CUST002122,3,3,5586,1862.0,2.67,3.33,2023-04-18,2024-06-12,35,Adult,Male,Bangalore,No,0,2,Clothing,Jeans,Zara,201,False,Active,0.0,66.67,33.33
CUST002123,4,9,40781,10195.25,10.75,4.0,2023-08-31,2024-10-31,42,Adult,Male,Pune,No,0,3,Footwear,Formal Shoes,Allen Solly,60,False,Active,0.0,75.0,25.0
CUST002124,5,8,56649,11329.8,9.8,3.2,2023-03-10,2024-11-01,48,Adult,Male,Bangalore,Yes,1,4,Accessories,Bag,Adidas,59,False,Active,20.0,80.0,20.0
CUST002125,6,10,38317,6386.17,10.83,2.83,2023-03-22,2024-08-24,41,Adult,Male,Chennai,No,2,3,Clothing,Belt,HRX,128,False,Active,33.33,50.0,50.0
CUST002126,1,1,814,814.0,10.0,3.0,2023-09-06,2023-09-06,62,Adult,Male,Surat,No,1,1,Footwear,Heels,Max,481,True,Inactive 270+ days,100.0,100.0,0.0
CUST002127,2,2,9856,4928.0,7.5,2.0,2023-02-19,2024-08-18,18,Young Adult,Female,Jaipur,No,1,2,Footwear,Heels,Bata,134,False,Active,50.0,100.0,0.0
CUST002129,3,3,24688,8229.33,6.0,3.0,2023-12-21,2024-11-19,55,Adult,Other,Bangalore,No,3,2,Clothing,T-shirt,HRX,41,False,Active,100.0,66.67,33.33
CUST002130,3,4,8992,2997.33,13.67,3.0,2023-06-02,2024-08-13,37,Adult,Male,Pune,No,0,3,Clothing,Belt,Biba,139,False,Active,0.0,100.0,0.0
CUST002131,2,4,29658,14829.0,8.5,2.5,2023-10-10,2024-01-18,27,Adult,Female,Chennai,No,1,2,Footwear,Running Shoes,Bata,347,True,Inactive 270+ days,50.0,100.0,0.0
CUST002132,2,2,27629,13814.5,9.0,4.0,2023-01-05,2023-08-26,46,Adult,Male,Chandigarh,No,0,2,Clothing,Jacket,Adidas,492,True,Inactive 270+ days,0.0,100.0,0.0
CUST002133,5,8,62046,12409.2,13.2,3.4,2023-03-25,2024-11-25,59,Adult,Other,Surat,Yes,1,4,Footwear,Running Shoes,Puma,35,False,Active,20.0,80.0,20.0
CUST002134,4,7,37292,9323.0,11.75,3.5,2023-02-17,2024-09-22,57,Adult,Male,Delhi,Yes,1,3,Clothing,Running Shoes,Adidas,99,False,Active,25.0,75.0,25.0
CUST002135,3,4,12421,4140.33,5.0,3.0,2023-01-26,2024-09-02,19,Young Adult,Female,Bangalore,No,1,3,Clothing,Jacket,Max,119,False,Active,33.33,100.0,0.0
CUST002136,4,5,24699,6174.75,5.5,4.0,2024-01-31,2024-07-30,37,Adult,Female,Kolkata,No,1,3,Clothing,Backpack,Adidas,153,False,Active,25.0,75.0,25.0
CUST002137,1,2,11050,11050.0,7.0,3.0,2023-04-09,2023-04-09,59,Adult,Male,Noida,Yes,0,1,Clothing,Saree,Biba,631,True,Inactive 270+ days,0.0,100.0,0.0
CUST002138,3,5,10900,3633.33,10.33,3.33,2023-08-11,2024-03-14,26,Adult,Male,Patna,No,1,2,Clothing,Backpack,FabIndia,291,True,Inactive 270+ days,33.33,66.67,33.33
CUST002139,3,3,3764,1254.67,4.0,4.0,2023-02-18,2024-10-09,52,Adult,Female,Noida,No,1,3,Clothing,T-shirt,Puma,82,False,Active,33.33,100.0,0.0
CUST002140,2,3,2738,1369.0,13.0,3.0,2023-01-04,2023-01-24,62,Adult,Male,Ahmedabad,No,0,2,Clothing,Kurta,Biba,706,True,Inactive 270+ days,0.0,100.0,0.0
CUST002141,2,4,9610,4805.0,2.5,2.5,2023-01-26,2023-08-12,60,Adult,Female,Gurgaon,Yes,0,2,Footwear,Boots,Max,506,True,Inactive 270+ days,0.0,100.0,0.0
CUST002142,5,8,45032,9006.4,8.4,4.2,2023-01-20,2024-04-21,32,Adult,Female,Chandigarh,Yes,0,3,Clothing,Belt,Biba,253,False,Active,0.0,60.0,40.0
CUST002143,6,8,37979,6329.83,7.33,3.67,2023-03-25,2024-11-27,18,Young Adult,Male,Delhi,Yes,0,5,Footwear,Sneakers,Adidas,33,False,Active,0.0,83.33,16.67
CUST002144,3,5,14990,4996.67,7.33,3.67,2023-01-26,2024-12-26,51,Adult,Male,Bhubaneswar,Yes,0,2,Clothing,Jacket,H&M,4,False,Active,0.0,66.67,33.33
CUST002145,5,6,31844,6368.8,9.4,3.2,2023-09-15,2024-12-28,30,Adult,Other,Lucknow,No,1,5,Clothing,T-shirt,FabIndia,2,False,Active,20.0,100.0,0.0
CUST002146,3,5,26805,8935.0,9.67,3.0,2023-07-30,2024-03-24,27,Adult,Female,Kochi,Yes,1,2,Clothing,Hoodie,Adidas,281,True,Inactive 270+ days,33.33,66.67,33.33
CUST002147,3,4,12936,4312.0,5.33,2.67,2023-06-30,2024-08-21,20,Young Adult,Female,Bangalore,No,0,3,Footwear,Boots,HRX,131,False,Active,0.0,100.0,0.0
CUST002148,3,7,11873,3957.67,3.67,3.0,2023-07-30,2023-09-16,31,Adult,Female,Patna,No,1,3,Clothing,Cap,FabIndia,471,True,Inactive 270+ days,33.33,100.0,0.0
CUST002149,3,4,14550,4850.0,12.33,2.67,2023-08-14,2024-05-14,63,Adult,Female,Bhubaneswar,No,0,3,Clothing,Jacket,Adidas,230,False,Active,0.0,100.0,0.0
CUST002150,3,4,16525,5508.33,8.67,3.0,2023-06-26,2024-06-15,27,Adult,Female,Kolkata,Yes,1,3,Footwear,Boots,FabIndia,198,False,Active,33.33,100.0,0.0
CUST002151,1,1,9147,9147.0,12.0,3.0,2024-05-14,2024-05-14,49,Adult,Female,Kochi,No,0,1,Footwear,Running Shoes,HRX,230,False,Active,0.0,100.0,0.0
CUST002152,3,7,75131,25043.67,7.33,2.67,2023-07-04,2024-11-16,23,Young Adult,Female,Kolkata,No,1,3,Footwear,Running Shoes,HRX,44,False,Active,33.33,100.0,0.0
CUST002153,2,5,60284,30142.0,7.0,3.5,2023-12-27,2024-02-04,52,Adult,Male,Kolkata,Yes,0,1,Clothing,Sneakers,Adidas,330,True,Inactive 270+ days,0.0,50.0,50.0
CUST002154,3,4,11640,3880.0,4.33,3.0,2024-01-29,2024-05-26,36,Adult,Female,Indore,No,1,1,Accessories,Bag,Wildcraft,218,False,Active,33.33,33.33,66.67
CUST002155,4,6,52358,13089.5,13.75,3.5,2023-01-03,2024-06-12,44,Adult,Female,Bangalore,Yes,1,3,Clothing,Running Shoes,Adidas,201,False,Active,25.0,75.0,25.0
CUST002156,3,4,9674,3224.67,11.33,3.0,2023-05-25,2024-07-23,45,Adult,Male,Hyderabad,No,0,2,Clothing,Heels,Max,160,False,Active,0.0,66.67,33.33
CUST002157,6,11,30615,5102.5,7.17,3.67,2023-02-14,2024-11-30,57,Adult,Male,Indore,No,0,5,Clothing,T-shirt,Max,30,False,Active,0.0,83.33,16.67
CUST002158,8,8,51837,6479.62,11.88,3.5,2023-03-21,2024-11-09,38,Adult,Male,Surat,No,0,4,Clothing,Formal Shoes,Nike,51,False,Active,0.0,50.0,50.0
CUST002159,1,2,3804,3804.0,1.0,2.0,2024-03-15,2024-03-15,64,Adult,Female,Patna,No,1,1,Footwear,Sandals,Bata,290,True,Inactive 270+ days,100.0,100.0,0.0
CUST002160,5,5,22463,4492.6,7.0,3.8,2023-04-06,2024-10-08,63,Adult,Male,Patna,No,1,5,Clothing,Dress,Biba,83,False,Active,20.0,100.0,0.0
CUST002161,3,4,20836,6945.33,11.0,3.0,2023-05-14,2023-07-14,40,Adult,Male,Lucknow,No,1,3,Clothing,Kurta,Biba,535,True,Inactive 270+ days,33.33,100.0,0.0
CUST002162,4,5,18471,4617.75,22.0,3.5,2023-08-07,2024-10-06,37,Adult,Male,Chandigarh,Yes,0,2,Clothing,Jacket,H&M,85,False,Active,0.0,50.0,50.0
CUST002163,1,1,5817,5817.0,9.0,3.0,2024-04-06,2024-04-06,32,Adult,Male,Bangalore,No,0,0,Footwear,Heels,Hush Puppies,268,False,Active,0.0,0.0,100.0
CUST002164,4,5,7224,1806.0,6.5,3.25,2023-01-22,2023-05-03,36,Adult,Male,Visakhapatnam,No,0,4,Clothing,Hoodie,Biba,607,True,Inactive 270+ days,0.0,100.0,0.0
CUST002165,3,4,10676,3558.67,11.0,3.33,2023-04-10,2024-04-27,31,Adult,Male,Chandigarh,No,1,1,Clothing,Formal Shoes,Bata,247,False,Active,33.33,33.33,66.67
CUST002166,2,5,30423,15211.5,5.5,4.0,2023-01-08,2024-12-20,58,Adult,Other,Nagpur,No,0,1,Clothing,Jacket,Biba,10,False,Active,0.0,50.0,50.0
CUST002167,2,5,36780,18390.0,9.5,4.0,2023-10-10,2024-04-09,23,Young Adult,Female,Pune,No,1,1,Accessories,Sneakers,Puma,265,False,Active,50.0,50.0,50.0
CUST002168,3,4,12644,4214.67,13.67,3.33,2023-07-04,2024-05-11,27,Adult,Female,Patna,No,0,2,Clothing,Hoodie,Nike,233,False,Active,0.0,66.67,33.33
CUST002169,3,6,42845,14281.67,10.33,4.0,2023-07-11,2024-12-03,53,Adult,Female,Kolkata,No,1,2,Clothing,Jacket,Biba,27,False,Active,33.33,66.67,33.33
CUST002171,4,7,33328,8332.0,7.75,3.5,2023-02-26,2024-07-18,23,Young Adult,Female,Nagpur,Yes,1,2,Footwear,Boots,Hush Puppies,165,False,Active,25.0,50.0,50.0
CUST002173,1,1,3843,3843.0,13.0,5.0,2023-06-05,2023-06-05,19,Young Adult,Female,Noida,No,1,1,Clothing,Kurta,FabIndia,574,True,Inactive 270+ days,100.0,100.0,0.0
CUST002174,1,1,707,707.0,12.0,2.0,2024-12-25,2024-12-25,54,Adult,Male,Indore,No,1,1,Accessories,Wallet,Fastrack,5,False,Active,100.0,100.0,0.0
CUST002175,4,6,36788,9197.0,16.75,4.25,2023-01-19,2024-10-07,41,Adult,Male,Noida,No,0,3,Footwear,Heels,FabIndia,84,False,Active,0.0,75.0,25.0
CUST002176,7,11,58179,8311.29,6.71,3.43,2023-02-26,2024-09-16,44,Adult,Male,Nagpur,No,1,3,Footwear,Running Shoes,HRX,105,False,Active,14.29,42.86,57.14
CUST002177,1,2,30121,30121.0,6.0,4.0,2024-02-16,2024-02-16,20,Young Adult,Male,Noida,No,0,1,Footwear,Running Shoes,Puma,318,True,Inactive 270+ days,0.0,100.0,0.0
CUST002178,2,3,12597,6298.5,10.5,4.0,2023-07-31,2024-12-21,24,Young Adult,Male,Kochi,No,0,2,Clothing,Jacket,Adidas,9,False,Active,0.0,100.0,0.0
CUST002179,7,12,37700,5385.71,11.0,3.43,2024-04-10,2024-12-23,60,Adult,Female,Visakhapatnam,Yes,2,5,Clothing,Bag,Max,7,False,Active,28.57,71.43,28.57
CUST002180,3,7,39919,13306.33,7.33,4.33,2023-07-27,2024-08-17,23,Young Adult,Male,Patna,No,0,3,Footwear,Hoodie,Hush Puppies,135,False,Active,0.0,100.0,0.0
CUST002181,4,4,7043,1760.75,9.0,3.5,2023-07-11,2024-09-27,42,Adult,Male,Hyderabad,Yes,2,3,Clothing,Shirt,Allen Solly,94,False,Active,50.0,75.0,25.0
CUST002182,2,2,5798,2899.0,1.5,3.0,2024-02-08,2024-11-06,44,Adult,Female,Chennai,No,0,2,Clothing,Sandals,Hush Puppies,54,False,Active,0.0,100.0,0.0
CUST002183,3,3,11385,3795.0,9.33,4.0,2023-09-16,2024-12-24,28,Adult,Male,Chennai,Yes,1,3,Clothing,Belt,Biba,6,False,Active,33.33,100.0,0.0
CUST002184,3,3,15708,5236.0,10.33,4.0,2023-03-09,2023-07-23,26,Adult,Female,Jaipur,Yes,1,3,Footwear,Kurta,Biba,526,True,Inactive 270+ days,33.33,100.0,0.0
CUST002185,5,8,21784,4356.8,7.8,4.0,2023-05-30,2024-08-04,59,Adult,Female,Bhubaneswar,No,0,5,Clothing,Jacket,Puma,148,False,Active,0.0,100.0,0.0
CUST002187,6,9,63344,10557.33,9.17,3.33,2023-01-21,2024-04-14,31,Adult,Male,Bangalore,No,1,4,Clothing,Kurta,Nike,260,False,Active,16.67,66.67,33.33
CUST002188,4,4,12854,3213.5,19.25,4.0,2023-05-11,2024-09-19,64,Adult,Male,Jaipur,Yes,1,4,Clothing,Backpack,Zara,102,False,Active,25.0,100.0,0.0
CUST002189,5,8,45064,9012.8,3.4,3.0,2023-01-30,2024-09-23,29,Adult,Female,Patna,No,2,4,Footwear,Boots,Bata,98,False,Active,40.0,80.0,20.0
CUST002191,3,3,12684,4228.0,5.0,3.67,2023-06-17,2024-12-07,24,Young Adult,Female,Gurgaon,No,0,2,Accessories,Bag,Bata,23,False,Active,0.0,66.67,33.33
CUST002192,1,1,2795,2795.0,12.0,2.0,2023-11-15,2023-11-15,62,Adult,Male,Ahmedabad,Yes,0,1,Footwear,Heels,Max,411,True,Inactive 270+ days,0.0,100.0,0.0
CUST002193,1,1,2186,2186.0,1.0,3.0,2023-09-30,2023-09-30,48,Adult,Male,Ahmedabad,Yes,0,1,Clothing,Jeans,Roadster,457,True,Inactive 270+ days,0.0,100.0,0.0
CUST002194,5,7,21703,4340.6,10.0,2.6,2023-03-02,2024-12-08,21,Young Adult,Female,Nagpur,No,1,5,Clothing,Bag,Fastrack,22,False,Active,20.0,100.0,0.0
CUST002195,4,6,21216,5304.0,12.5,3.25,2024-01-28,2024-12-16,44,Adult,Female,Noida,No,1,1,Footwear,Bag,Fastrack,14,False,Active,25.0,25.0,75.0
CUST002196,5,10,58404,11680.8,6.6,2.8,2023-04-06,2024-12-02,39,Adult,Male,Noida,No,2,3,Clothing,Sneakers,HRX,28,False,Active,40.0,60.0,40.0
CUST002197,4,10,63807,15951.75,5.0,3.5,2023-04-20,2024-09-03,40,Adult,Female,Gurgaon,No,2,2,Accessories,Belt,Puma,118,False,Active,50.0,50.0,50.0
CUST002198,1,3,10368,10368.0,13.0,2.0,2023-06-02,2023-06-02,24,Young Adult,Male,Kolkata,No,1,1,Accessories,Sunglasses,Fastrack,577,True,Inactive 270+ days,100.0,100.0,0.0
CUST002199,3,4,14303,4767.67,5.33,2.67,2023-05-15,2024-11-30,24,Young Adult,Female,Ahmedabad,No,2,3,Footwear,Jacket,HRX,30,False,Active,66.67,100.0,0.0
CUST002200,2,3,11344,5672.0,12.0,4.0,2023-04-27,2023-11-09,30,Adult,Female,Nagpur,No,0,2,Accessories,Cap,Levis,417,True,Inactive 270+ days,0.0,100.0,0.0
CUST002201,2,3,4999,2499.5,9.0,3.5,2023-03-29,2023-08-28,22,Young Adult,Female,Ahmedabad,No,0,2,Accessories,T-shirt,H&M,490,True,Inactive 270+ days,0.0,100.0,0.0
CUST002202,3,6,41475,13825.0,9.0,3.0,2024-01-29,2024-11-08,28,Adult,Other,Nagpur,Yes,1,3,Clothing,Boots,HRX,52,False,Active,33.33,100.0,0.0
CUST002203,6,6,36827,6137.83,11.67,3.33,2023-02-28,2024-10-19,37,Adult,Male,Nagpur,No,1,4,Clothing,Bag,Adidas,72,False,Active,16.67,66.67,33.33
CUST002204,3,3,4315,1438.33,6.33,3.33,2023-01-22,2024-07-08,31,Adult,Male,Gurgaon,Yes,0,3,Clothing,Hoodie,FabIndia,175,False,Active,0.0,100.0,0.0
CUST002205,3,3,20838,6946.0,9.0,4.33,2023-04-20,2023-12-08,58,Adult,Female,Surat,No,2,1,Footwear,Heels,FabIndia,388,True,Inactive 270+ days,66.67,33.33,66.67
CUST002207,5,7,25935,5187.0,9.2,3.6,2023-04-24,2024-12-02,27,Adult,Male,Noida,No,0,5,Clothing,Hoodie,HRX,28,False,Active,0.0,100.0,0.0
CUST002208,3,3,7712,2570.67,14.0,4.0,2023-04-30,2024-02-01,59,Adult,Female,Pune,No,1,3,Clothing,Kurta,FabIndia,333,True,Inactive 270+ days,33.33,100.0,0.0
CUST002209,2,2,6573,3286.5,3.0,3.0,2023-10-31,2024-12-06,43,Adult,Female,Delhi,No,1,1,Clothing,Hoodie,FabIndia,24,False,Active,50.0,50.0,50.0
CUST002210,1,1,2709,2709.0,10.0,3.0,2024-08-10,2024-08-10,21,Young Adult,Male,Kolkata,No,0,1,Footwear,Formal Shoes,Max,142,False,Active,0.0,100.0,0.0
CUST002211,1,1,1710,1710.0,15.0,2.0,2024-09-24,2024-09-24,25,Young Adult,Male,Chennai,Yes,0,1,Clothing,Kurta,Max,97,False,Active,0.0,100.0,0.0
CUST002212,4,6,59890,14972.5,6.25,2.75,2023-12-01,2024-11-07,33,Adult,Female,Ahmedabad,No,0,4,Clothing,Bag,FabIndia,53,False,Active,0.0,100.0,0.0
CUST002213,3,4,27963,9321.0,12.33,3.0,2023-01-12,2024-12-24,35,Adult,Male,Lucknow,No,0,3,Footwear,Cap,Max,6,False,Active,0.0,100.0,0.0
CUST002214,5,6,21083,4216.6,7.8,3.6,2023-02-01,2024-09-01,27,Adult,Male,Nagpur,No,1,2,Clothing,Formal Shoes,Puma,120,False,Active,20.0,40.0,60.0
CUST002215,3,5,23104,7701.33,12.33,3.67,2023-05-11,2024-11-15,63,Adult,Male,Nagpur,No,0,1,Clothing,Kurta,Allen Solly,45,False,Active,0.0,33.33,66.67
CUST002216,3,5,3227,1075.67,11.0,4.33,2023-06-29,2023-07-08,37,Adult,Male,Visakhapatnam,Yes,0,3,Accessories,Shorts,Levis,541,True,Inactive 270+ days,0.0,100.0,0.0
CUST002217,2,2,3834,1917.0,8.0,3.0,2023-06-26,2023-11-19,22,Young Adult,Female,Kochi,No,1,0,Accessories,Shorts,Fastrack,407,True,Inactive 270+ days,50.0,0.0,100.0
CUST002218,2,2,13388,6694.0,9.0,2.5,2023-02-16,2024-11-21,57,Adult,Female,Surat,No,1,2,Clothing,Boots,Hush Puppies,39,False,Active,50.0,100.0,0.0
CUST002219,1,3,79710,79710.0,13.0,4.0,2024-01-31,2024-01-31,34,Adult,Male,Kochi,Yes,0,1,Footwear,Sneakers,Adidas,334,True,Inactive 270+ days,0.0,100.0,0.0
CUST002221,3,3,10684,3561.33,10.33,3.33,2023-12-02,2024-11-22,30,Adult,Male,Surat,No,1,3,Accessories,Bag,Adidas,38,False,Active,33.33,100.0,0.0
CUST002222,3,3,16297,5432.33,4.67,3.0,2023-02-14,2024-03-03,28,Adult,Male,Nagpur,Yes,1,3,Accessories,Boots,Biba,302,True,Inactive 270+ days,33.33,100.0,0.0
CUST002223,3,5,42125,14041.67,10.67,2.67,2023-07-31,2023-08-25,59,Adult,Female,Lucknow,No,1,2,Clothing,Boots,HRX,493,True,Inactive 270+ days,33.33,66.67,33.33
CUST002224,6,8,44510,7418.33,6.17,3.33,2023-02-18,2024-05-20,43,Adult,Male,Jaipur,No,1,5,Footwear,Running Shoes,Puma,224,False,Active,16.67,83.33,16.67
CUST002225,2,2,6283,3141.5,2.5,2.5,2023-07-14,2023-07-27,54,Adult,Male,Mumbai,Yes,1,1,Footwear,Heels,HRX,522,True,Inactive 270+ days,50.0,50.0,50.0
CUST002226,4,4,10525,2631.25,18.75,3.5,2023-01-25,2024-10-02,62,Adult,Male,Indore,No,0,2,Clothing,Boots,Adidas,89,False,Active,0.0,50.0,50.0
CUST002227,2,2,4150,2075.0,4.0,3.5,2023-11-26,2024-04-06,28,Adult,Female,Delhi,Yes,0,2,Clothing,Shorts,H&M,268,False,Active,0.0,100.0,0.0
CUST002228,3,3,5263,1754.33,6.0,3.67,2023-03-13,2023-07-13,46,Adult,Male,Ahmedabad,No,0,3,Accessories,Belt,FabIndia,536,True,Inactive 270+ days,0.0,100.0,0.0
CUST002229,4,6,50344,12586.0,9.25,4.5,2023-05-24,2024-07-26,35,Adult,Male,Visakhapatnam,Yes,0,1,Clothing,Hoodie,Nike,157,False,Active,0.0,25.0,75.0
CUST002230,2,3,6049,3024.5,8.0,4.5,2023-03-06,2024-04-30,59,Adult,Female,Bhubaneswar,Yes,1,1,Clothing,Saree,Allen Solly,244,False,Active,50.0,50.0,50.0
CUST002231,2,2,27770,13885.0,4.5,5.0,2023-03-10,2023-07-17,44,Adult,Female,Mumbai,Yes,0,2,Clothing,Running Shoes,Biba,532,True,Inactive 270+ days,0.0,100.0,0.0
CUST002232,2,3,8458,4229.0,9.0,3.0,2023-07-13,2023-09-08,59,Adult,Male,Bangalore,No,0,1,Accessories,Slippers,Bata,479,True,Inactive 270+ days,0.0,50.0,50.0
CUST002234,2,3,6410,3205.0,7.5,4.0,2024-04-20,2024-10-25,47,Adult,Male,Jaipur,Yes,0,2,Accessories,Belt,Fastrack,66,False,Active,0.0,100.0,0.0
CUST002235,5,9,27203,5440.6,9.4,3.6,2023-03-19,2024-08-08,43,Adult,Female,Chennai,No,0,3,Accessories,Bag,Fastrack,144,False,Active,0.0,60.0,40.0
CUST002236,3,5,9550,3183.33,5.67,3.0,2023-04-20,2024-04-20,18,Young Adult,Male,Mumbai,Yes,0,1,Clothing,Backpack,Max,254,False,Active,0.0,33.33,66.67
CUST002237,1,2,3243,3243.0,11.0,3.0,2023-07-02,2023-07-02,33,Adult,Male,Bangalore,No,0,1,Clothing,Kurta,Max,547,True,Inactive 270+ days,0.0,100.0,0.0
CUST002239,3,4,17440,5813.33,6.33,3.0,2023-01-04,2023-02-19,60,Adult,Male,Surat,No,1,2,Clothing,Dress,Allen Solly,680,True,Inactive 270+ days,33.33,66.67,33.33
CUST002240,1,1,9750,9750.0,6.0,3.0,2024-02-08,2024-02-08,41,Adult,Female,Pune,No,0,1,Footwear,Sneakers,HRX,326,True,Inactive 270+ days,0.0,100.0,0.0
CUST002241,1,2,9790,9790.0,7.0,3.0,2023-02-11,2023-02-11,27,Adult,Male,Kochi,No,0,1,Accessories,Sunglasses,Tommy Hilfiger,688,True,Inactive 270+ days,0.0,100.0,0.0
CUST002242,1,4,30214,30214.0,1.0,4.0,2024-02-29,2024-02-29,55,Adult,Male,Patna,No,0,1,Accessories,Sunglasses,Puma,305,True,Inactive 270+ days,0.0,100.0,0.0
CUST002243,4,5,14343,3585.75,9.0,3.25,2023-01-21,2024-12-11,27,Adult,Male,Kolkata,No,0,4,Clothing,Kurta,Biba,19,False,Active,0.0,100.0,0.0
CUST002244,1,2,8618,8618.0,9.0,2.0,2024-03-24,2024-03-24,56,Adult,Female,Mumbai,No,1,0,Clothing,Saree,Max,281,True,Inactive 270+ days,100.0,0.0,100.0
CUST002246,1,1,3672,3672.0,10.0,4.0,2024-09-20,2024-09-20,56,Adult,Female,Noida,No,1,1,Clothing,Saree,Max,101,False,Active,100.0,100.0,0.0
CUST002247,4,5,17361,4340.25,11.25,3.5,2024-04-20,2024-10-05,45,Adult,Male,Chennai,No,1,4,Clothing,Backpack,FabIndia,86,False,Active,25.0,100.0,0.0
CUST002248,3,4,15608,5202.67,15.33,3.67,2023-01-29,2024-04-03,55,Adult,Male,Ahmedabad,No,0,2,Clothing,Saree,Biba,271,True,Inactive 270+ days,0.0,66.67,33.33
CUST002249,4,7,44744,11186.0,3.25,4.25,2023-02-12,2024-01-13,30,Adult,Male,Hyderabad,No,1,3,Clothing,Boots,Adidas,352,True,Inactive 270+ days,25.0,75.0,25.0
CUST002250,5,10,33318,6663.6,12.6,3.4,2024-01-02,2024-07-29,21,Young Adult,Male,Bhubaneswar,No,1,4,Accessories,Belt,Puma,154,False,Active,20.0,80.0,20.0
CUST002251,4,7,22121,5530.25,9.0,4.0,2023-04-27,2024-11-05,32,Adult,Male,Kolkata,Yes,0,4,Clothing,Jacket,Adidas,55,False,Active,0.0,100.0,0.0
CUST002253,2,2,6465,3232.5,4.0,2.5,2024-04-21,2024-12-01,52,Adult,Female,Noida,No,1,2,Footwear,Running Shoes,HRX,29,False,Active,50.0,100.0,0.0
CUST002254,3,3,5277,1759.0,10.0,3.67,2023-04-09,2024-10-27,61,Adult,Female,Mumbai,No,0,3,Accessories,Belt,Adidas,64,False,Active,0.0,100.0,0.0
CUST002255,7,10,44562,6366.0,7.86,3.0,2023-02-22,2024-12-05,46,Adult,Female,Visakhapatnam,Yes,0,6,Footwear,Slippers,Hush Puppies,25,False,Active,0.0,85.71,14.29
CUST002256,3,5,19916,6638.67,8.0,3.33,2023-05-11,2024-03-27,63,Adult,Male,Lucknow,No,1,2,Clothing,Belt,FabIndia,278,True,Inactive 270+ days,33.33,66.67,33.33
CUST002257,4,6,13180,3295.0,7.75,3.5,2023-02-18,2024-10-23,64,Adult,Female,Ahmedabad,No,1,2,Clothing,Shirt,Allen Solly,68,False,Active,25.0,50.0,50.0
CUST002258,3,5,16211,5403.67,6.33,3.0,2023-07-12,2024-06-24,23,Young Adult,Female,Bangalore,No,1,3,Clothing,Jacket,Bata,189,False,Active,33.33,100.0,0.0
CUST002259,4,5,45090,11272.5,11.0,3.5,2024-07-20,2024-12-07,58,Adult,Female,Noida,No,0,2,Accessories,Backpack,Wildcraft,23,False,Active,0.0,50.0,50.0
CUST002260,2,2,736,368.0,4.0,3.0,2024-04-27,2024-05-04,61,Adult,Male,Bhubaneswar,No,0,2,Accessories,Slippers,Bata,240,False,Active,0.0,100.0,0.0
CUST002261,2,2,9518,4759.0,13.5,4.0,2023-01-31,2024-03-03,36,Adult,Male,Pune,No,1,0,Clothing,Boots,Levis,302,True,Inactive 270+ days,50.0,0.0,100.0
CUST002262,3,3,4292,1430.67,5.0,4.0,2024-06-29,2024-11-23,47,Adult,Female,Gurgaon,No,0,3,Clothing,Kurta,Allen Solly,37,False,Active,0.0,100.0,0.0
CUST002263,5,6,25940,5188.0,3.8,3.4,2023-04-19,2024-06-29,34,Adult,Male,Patna,No,1,2,Clothing,Heels,Biba,184,False,Active,20.0,40.0,60.0
CUST002264,2,2,30730,15365.0,8.5,3.0,2023-08-22,2024-05-11,20,Young Adult,Male,Surat,No,1,0,Clothing,Jeans,Nike,233,False,Active,50.0,0.0,100.0
CUST002265,3,4,6430,2143.33,0.67,3.33,2024-05-03,2024-08-08,18,Young Adult,Female,Noida,Yes,1,2,Accessories,Belt,Levis,144,False,Active,33.33,66.67,33.33
CUST002266,2,2,27841,13920.5,8.0,4.5,2023-08-01,2024-12-29,30,Adult,Male,Patna,No,1,2,Clothing,Dress,Adidas,1,False,Active,50.0,100.0,0.0
CUST002267,3,5,6826,2275.33,11.33,3.67,2023-07-02,2024-09-30,57,Adult,Female,Bhubaneswar,No,1,1,Clothing,Jeans,H&M,91,False,Active,33.33,33.33,66.67
CUST002268,5,9,29024,5804.8,7.0,2.8,2023-01-05,2024-02-26,24,Young Adult,Male,Gurgaon,No,2,5,Clothing,Jeans,HRX,308,True,Inactive 270+ days,40.0,100.0,0.0
CUST002269,1,3,5468,5468.0,0.0,3.0,2023-06-21,2023-06-21,31,Adult,Male,Patna,No,0,1,Clothing,Jeans,Allen Solly,558,True,Inactive 270+ days,0.0,100.0,0.0
CUST002270,3,5,27228,9076.0,7.0,3.67,2023-04-13,2024-12-23,41,Adult,Female,Surat,Yes,0,2,Clothing,Dress,FabIndia,7,False,Active,0.0,66.67,33.33
CUST002271,2,5,11848,5924.0,5.5,4.5,2024-02-05,2024-03-19,55,Adult,Male,Kolkata,No,0,2,Footwear,Formal Shoes,Max,286,True,Inactive 270+ days,0.0,100.0,0.0
CUST002272,3,4,17732,5910.67,11.0,2.67,2023-03-04,2024-02-03,53,Adult,Male,Indore,No,1,3,Footwear,Jeans,Bata,331,True,Inactive 270+ days,33.33,100.0,0.0
CUST002274,5,5,32315,6463.0,5.6,3.4,2023-05-04,2024-11-15,41,Adult,Female,Kochi,Yes,1,5,Clothing,Kurta,Adidas,45,False,Active,20.0,100.0,0.0
CUST002275,3,4,6431,2143.67,7.67,4.0,2023-06-23,2024-10-16,29,Adult,Male,Jaipur,No,0,3,Accessories,Cap,Tommy Hilfiger,75,False,Active,0.0,100.0,0.0
CUST002276,5,7,54175,10835.0,10.4,3.6,2023-08-11,2024-12-26,23,Young Adult,Male,Nagpur,No,1,3,Clothing,Formal Shoes,Zara,4,False,Active,20.0,60.0,40.0
CUST002277,3,4,17033,5677.67,9.67,4.33,2023-03-09,2024-10-31,26,Adult,Male,Chandigarh,No,2,2,Footwear,Boots,Bata,60,False,Active,66.67,66.67,33.33
CUST002278,4,9,94322,23580.5,7.5,3.0,2023-01-08,2024-06-26,61,Adult,Female,Nagpur,No,0,4,Clothing,Jeans,Adidas,187,False,Active,0.0,100.0,0.0
CUST002279,4,5,26002,6500.5,7.25,3.25,2023-04-21,2024-09-09,58,Adult,Female,Visakhapatnam,No,0,4,Clothing,Saree,Biba,112,False,Active,0.0,100.0,0.0
CUST002280,3,6,28329,9443.0,10.0,3.0,2023-04-21,2024-02-06,52,Adult,Female,Hyderabad,Yes,2,3,Footwear,Sneakers,Adidas,328,True,Inactive 270+ days,66.67,100.0,0.0
CUST002281,5,11,66965,13393.0,4.2,3.4,2023-11-30,2024-11-06,36,Adult,Male,Chennai,Yes,1,3,Footwear,Bag,HRX,54,False,Active,20.0,60.0,40.0
CUST002282,3,3,17090,5696.67,10.67,4.33,2023-09-17,2024-10-16,26,Adult,Male,Delhi,No,0,3,Footwear,Jacket,Adidas,75,False,Active,0.0,100.0,0.0
CUST002283,4,7,19024,4756.0,7.5,3.5,2023-05-21,2024-06-03,32,Adult,Female,Indore,No,0,2,Footwear,Formal Shoes,Adidas,210,False,Active,0.0,50.0,50.0
CUST002284,3,3,22888,7629.33,9.33,3.67,2023-11-05,2024-08-24,37,Adult,Male,Chandigarh,No,0,1,Accessories,Saree,FabIndia,128,False,Active,0.0,33.33,66.67
CUST002285,3,5,20783,6927.67,9.67,3.67,2023-01-29,2024-02-27,51,Adult,Male,Bhubaneswar,No,0,3,Accessories,Bag,Biba,307,True,Inactive 270+ days,0.0,100.0,0.0
CUST002287,1,1,866,866.0,13.0,2.0,2023-06-01,2023-06-01,26,Adult,Female,Kolkata,Yes,0,1,Accessories,Belt,Wildcraft,578,True,Inactive 270+ days,0.0,100.0,0.0
CUST002288,2,2,6722,3361.0,8.0,3.0,2024-09-16,2024-09-19,37,Adult,Female,Chandigarh,No,0,2,Clothing,Heels,Hush Puppies,102,False,Active,0.0,100.0,0.0
CUST002289,3,3,12606,4202.0,9.33,3.67,2023-03-24,2024-12-02,26,Adult,Female,Mumbai,Yes,0,1,Clothing,Shirt,H&M,28,False,Active,0.0,33.33,66.67
CUST002290,2,2,8263,4131.5,16.5,4.0,2023-08-12,2024-03-07,47,Adult,Female,Chennai,No,0,0,Footwear,Boots,Bata,298,True,Inactive 270+ days,0.0,0.0,100.0
CUST002291,1,1,12568,12568.0,13.0,5.0,2024-01-11,2024-01-11,52,Adult,Female,Patna,No,1,1,Footwear,Sneakers,Nike,354,True,Inactive 270+ days,100.0,100.0,0.0
CUST002292,4,9,36542,9135.5,8.75,3.25,2023-02-08,2024-11-01,31,Adult,Male,Bangalore,No,1,3,Clothing,Saree,Biba,59,False,Active,25.0,75.0,25.0
CUST002293,3,4,8664,2888.0,6.0,1.67,2023-02-17,2024-12-27,30,Adult,Other,Indore,Yes,1,3,Accessories,Heels,Fastrack,3,False,Active,33.33,100.0,0.0
CUST002294,2,4,22806,11403.0,5.5,3.5,2023-11-19,2024-04-03,25,Young Adult,Male,Bangalore,No,0,1,Clothing,Formal Shoes,Hush Puppies,271,True,Inactive 270+ days,0.0,50.0,50.0
CUST002295,2,3,13740,6870.0,11.0,5.0,2023-09-22,2024-10-22,42,Adult,Male,Pune,Yes,1,1,Accessories,Sneakers,Nike,69,False,Active,50.0,50.0,50.0
CUST002296,5,7,14080,2816.0,8.6,3.2,2023-01-05,2023-12-30,27,Adult,Female,Nagpur,No,1,4,Clothing,Belt,Biba,366,True,Inactive 270+ days,20.0,80.0,20.0
CUST002297,1,1,2948,2948.0,8.0,2.0,2023-09-24,2023-09-24,35,Adult,Female,Nagpur,No,1,1,Clothing,Saree,Max,463,True,Inactive 270+ days,100.0,100.0,0.0
CUST002298,5,8,26579,5315.8,10.6,4.0,2023-02-04,2024-08-23,32,Adult,Female,Chennai,No,1,3,Clothing,Heels,Allen Solly,129,False,Active,20.0,60.0,40.0
CUST002299,3,4,6143,2047.67,10.33,3.67,2023-08-29,2024-05-02,53,Adult,Male,Chennai,No,1,2,Footwear,Backpack,Bata,242,False,Active,33.33,66.67,33.33
CUST002300,2,2,2697,1348.5,6.5,3.0,2023-07-08,2024-05-21,39,Adult,Male,Nagpur,No,1,1,Accessories,Belt,Max,223,False,Active,50.0,50.0,50.0
CUST002301,2,3,5701,2850.5,5.5,3.0,2023-05-02,2024-12-11,63,Adult,Male,Jaipur,No,1,2,Accessories,Cap,H&M,19,False,Active,50.0,100.0,0.0
CUST002302,6,7,63274,10545.67,9.83,3.5,2023-05-04,2024-08-26,34,Adult,Male,Bhubaneswar,Yes,0,5,Footwear,Running Shoes,Puma,126,False,Active,0.0,83.33,16.67
CUST002303,4,6,29298,7324.5,4.75,3.5,2023-02-07,2024-12-25,24,Young Adult,Female,Jaipur,No,1,3,Clothing,Backpack,Adidas,5,False,Active,25.0,75.0,25.0
CUST002304,4,6,50577,12644.25,9.0,3.75,2023-05-04,2024-06-04,31,Adult,Female,Kolkata,Yes,0,3,Footwear,Sneakers,Adidas,209,False,Active,0.0,75.0,25.0
CUST002305,5,9,10734,2146.8,7.6,3.4,2023-01-09,2024-10-09,54,Adult,Male,Delhi,No,1,3,Clothing,Heels,Bata,82,False,Active,20.0,60.0,40.0
CUST002306,2,3,24874,12437.0,5.0,4.0,2024-03-14,2024-12-27,56,Adult,Male,Patna,No,0,2,Clothing,Sneakers,Adidas,3,False,Active,0.0,100.0,0.0
CUST002307,1,1,4526,4526.0,0.0,4.0,2024-11-29,2024-11-29,30,Adult,Male,Surat,No,0,1,Clothing,Dress,H&M,31,False,Active,0.0,100.0,0.0
CUST002308,3,4,31898,10632.67,3.33,3.0,2023-12-23,2024-09-05,30,Adult,Female,Indore,No,0,2,Footwear,Running Shoes,Bata,116,False,Active,0.0,66.67,33.33
CUST002310,5,8,67675,13535.0,9.0,3.4,2023-01-04,2024-11-28,57,Adult,Female,Kolkata,No,1,4,Footwear,Sneakers,Adidas,32,False,Active,20.0,80.0,20.0
CUST002311,1,3,13794,13794.0,1.0,4.0,2024-12-09,2024-12-09,56,Adult,Male,Nagpur,No,1,0,Footwear,Running Shoes,Nike,21,False,Active,100.0,0.0,100.0
CUST002312,3,5,28271,9423.67,17.67,4.0,2023-11-22,2024-07-04,44,Adult,Female,Nagpur,No,0,2,Footwear,Heels,Allen Solly,179,False,Active,0.0,66.67,33.33
CUST002313,4,4,14030,3507.5,7.25,3.0,2023-01-07,2024-11-25,46,Adult,Female,Delhi,Yes,2,3,Clothing,Saree,Biba,35,False,Active,50.0,75.0,25.0
CUST002314,4,5,10632,2658.0,1.25,3.0,2023-06-17,2024-09-08,26,Adult,Male,Bhubaneswar,No,0,1,Clothing,Dress,Allen Solly,113,False,Active,0.0,25.0,75.0
CUST002316,3,4,12692,4230.67,5.33,3.0,2023-04-14,2024-08-23,49,Adult,Male,Noida,Yes,1,2,Accessories,Boots,Puma,129,False,Active,33.33,66.67,33.33
CUST002317,4,5,11482,2870.5,5.75,4.0,2023-04-06,2024-12-22,47,Adult,Male,Mumbai,Yes,3,3,Clothing,Heels,Zara,8,False,Active,75.0,75.0,25.0
CUST002318,1,1,1328,1328.0,12.0,4.0,2024-10-27,2024-10-27,34,Adult,Male,Lucknow,No,0,1,Clothing,Shorts,Puma,64,False,Active,0.0,100.0,0.0
CUST002319,3,3,11256,3752.0,11.33,3.67,2023-07-08,2024-09-15,38,Adult,Male,Chennai,No,1,3,Accessories,Belt,Adidas,106,False,Active,33.33,100.0,0.0
CUST002321,3,4,7461,2487.0,7.67,2.67,2023-03-04,2024-09-27,48,Adult,Male,Chennai,Yes,2,1,Accessories,Bag,Max,94,False,Active,66.67,33.33,66.67
CUST002322,9,13,43181,4797.89,9.78,3.44,2023-05-02,2024-08-23,40,Adult,Female,Lucknow,No,3,7,Clothing,Sandals,Biba,129,False,Active,33.33,77.78,22.22
CUST002323,2,3,20850,10425.0,7.0,2.5,2023-02-23,2023-05-10,62,Adult,Male,Nagpur,No,1,2,Clothing,Sneakers,Adidas,600,True,Inactive 270+ days,50.0,100.0,0.0
CUST002324,1,1,3904,3904.0,3.0,3.0,2023-01-18,2023-01-18,29,Adult,Male,Gurgaon,Yes,0,1,Clothing,Hoodie,Adidas,712,True,Inactive 270+ days,0.0,100.0,0.0
CUST002325,3,5,20059,6686.33,8.67,3.67,2023-02-13,2024-11-29,32,Adult,Male,Pune,Yes,2,3,Accessories,Backpack,Levis,31,False,Active,66.67,100.0,0.0
CUST002326,3,4,11596,3865.33,8.33,3.33,2023-01-16,2024-01-16,19,Young Adult,Female,Bhubaneswar,No,1,2,Footwear,Jacket,HRX,349,True,Inactive 270+ days,33.33,66.67,33.33
CUST002327,3,4,13597,4532.33,7.0,3.33,2023-12-10,2024-11-28,59,Adult,Male,Gurgaon,No,0,2,Clothing,Bag,Allen Solly,32,False,Active,0.0,66.67,33.33
CUST002328,2,3,11337,5668.5,9.0,3.5,2024-02-10,2024-07-18,40,Adult,Female,Gurgaon,No,1,2,Accessories,Bag,HRX,165,False,Active,50.0,100.0,0.0
CUST002329,1,1,3291,3291.0,15.0,4.0,2023-06-01,2023-06-01,44,Adult,Female,Mumbai,Yes,0,1,Clothing,Jacket,Puma,578,True,Inactive 270+ days,0.0,100.0,0.0
CUST002330,1,2,19822,19822.0,0.0,3.0,2023-08-03,2023-08-03,45,Adult,Female,Surat,Yes,0,1,Clothing,Jacket,Nike,515,True,Inactive 270+ days,0.0,100.0,0.0
CUST002331,2,3,4769,2384.5,7.5,3.0,2024-05-04,2024-12-29,63,Adult,Male,Indore,No,0,2,Accessories,Kurta,Biba,1,False,Active,0.0,100.0,0.0
CUST002332,4,4,33929,8482.25,6.5,3.25,2023-08-11,2024-07-03,19,Young Adult,Female,Delhi,No,1,3,Clothing,Running Shoes,Adidas,180,False,Active,25.0,75.0,25.0
CUST002333,2,3,14018,7009.0,0.0,4.0,2023-12-20,2024-12-10,51,Adult,Female,Bhubaneswar,No,1,2,Accessories,Hoodie,Fastrack,20,False,Active,50.0,100.0,0.0
CUST002334,1,1,17614,17614.0,0.0,3.0,2024-08-02,2024-08-02,56,Adult,Male,Ahmedabad,No,0,1,Footwear,Sneakers,Puma,150,False,Active,0.0,100.0,0.0
CUST002335,2,3,12649,6324.5,7.5,4.0,2023-09-18,2024-06-24,49,Adult,Male,Lucknow,Yes,0,1,Footwear,Formal Shoes,Hush Puppies,189,False,Active,0.0,50.0,50.0
CUST002336,3,4,6808,2269.33,6.67,4.33,2023-03-03,2023-10-05,52,Adult,Male,Bangalore,No,1,3,Accessories,Belt,Levis,452,True,Inactive 270+ days,33.33,100.0,0.0
CUST002337,1,2,19920,19920.0,10.0,2.0,2024-07-07,2024-07-07,34,Adult,Female,Surat,No,1,1,Footwear,Running Shoes,HRX,176,False,Active,100.0,100.0,0.0
CUST002338,4,5,6736,1684.0,3.25,3.5,2023-05-15,2024-09-26,57,Adult,Female,Pune,Yes,0,2,Accessories,Bag,Wildcraft,95,False,Active,0.0,50.0,50.0
CUST002339,6,8,47641,7940.17,22.17,3.83,2024-01-06,2024-12-15,36,Adult,Female,Delhi,No,2,4,Clothing,Boots,Adidas,15,False,Active,33.33,66.67,33.33
CUST002340,3,4,12230,4076.67,20.33,2.67,2024-03-01,2024-12-02,61,Adult,Male,Indore,No,0,3,Clothing,Hoodie,Adidas,28,False,Active,0.0,100.0,0.0
CUST002341,4,7,55894,13973.5,11.0,3.25,2023-01-26,2024-08-01,25,Young Adult,Female,Mumbai,No,1,4,Clothing,Sneakers,HRX,151,False,Active,25.0,100.0,0.0
CUST002342,1,1,3066,3066.0,13.0,4.0,2024-05-16,2024-05-16,55,Adult,Male,Patna,Yes,1,1,Clothing,T-shirt,Nike,228,False,Active,100.0,100.0,0.0
CUST002343,3,4,8923,2974.33,7.0,3.67,2023-01-27,2023-11-12,44,Adult,Male,Chandigarh,No,0,2,Accessories,Boots,Max,414,True,Inactive 270+ days,0.0,66.67,33.33
CUST002344,2,3,23141,11570.5,8.5,3.5,2023-02-22,2023-04-03,33,Adult,Female,Jaipur,No,0,1,Accessories,Bag,Puma,637,True,Inactive 270+ days,0.0,50.0,50.0
CUST002345,1,1,1006,1006.0,6.0,4.0,2024-12-06,2024-12-06,44,Adult,Female,Kolkata,No,0,1,Clothing,Kurta,Biba,24,False,Active,0.0,100.0,0.0
CUST002346,3,3,31887,10629.0,19.67,3.33,2023-12-18,2024-11-03,45,Adult,Male,Visakhapatnam,Yes,1,3,Footwear,Backpack,Puma,57,False,Active,33.33,100.0,0.0
CUST002347,4,5,10628,2657.0,7.0,2.25,2023-02-10,2023-10-04,25,Young Adult,Female,Noida,Yes,1,4,Footwear,Backpack,Max,453,True,Inactive 270+ days,25.0,100.0,0.0
CUST002348,3,4,21839,7279.67,16.33,3.0,2023-04-19,2024-08-25,63,Adult,Female,Chandigarh,No,0,2,Accessories,Saree,Biba,127,False,Active,0.0,66.67,33.33
CUST002349,3,4,21136,7045.33,5.0,4.0,2023-05-17,2024-09-11,52,Adult,Male,Bhubaneswar,No,1,3,Accessories,Bag,Adidas,110,False,Active,33.33,100.0,0.0
CUST002352,4,6,18256,4564.0,6.75,3.25,2024-02-29,2024-11-05,34,Adult,Female,Surat,Yes,1,2,Footwear,Boots,Adidas,55,False,Active,25.0,50.0,50.0
CUST002353,1,1,11574,11574.0,7.0,3.0,2023-09-11,2023-09-11,25,Young Adult,Female,Kolkata,No,0,1,Footwear,Running Shoes,Nike,476,True,Inactive 270+ days,0.0,100.0,0.0
CUST002354,1,2,38220,38220.0,0.0,4.0,2023-05-12,2023-05-12,30,Adult,Female,Hyderabad,No,0,1,Footwear,Sneakers,Adidas,598,True,Inactive 270+ days,0.0,100.0,0.0
CUST002355,2,3,4405,2202.5,2.5,2.5,2023-01-29,2024-03-16,62,Adult,Female,Kochi,No,0,2,Clothing,Jacket,H&M,289,True,Inactive 270+ days,0.0,100.0,0.0
CUST002356,5,8,51937,10387.4,9.6,3.6,2023-02-19,2024-11-18,56,Adult,Male,Ahmedabad,Yes,2,5,Clothing,Hoodie,Adidas,42,False,Active,40.0,100.0,0.0
CUST002359,1,1,5160,5160.0,5.0,4.0,2023-07-13,2023-07-13,49,Adult,Male,Delhi,No,0,0,Clothing,Hoodie,Adidas,536,True,Inactive 270+ days,0.0,0.0,100.0
CUST002360,2,2,12227,6113.5,15.0,4.0,2023-06-19,2024-10-13,50,Adult,Male,Noida,No,1,0,Clothing,Running Shoes,Biba,78,False,Active,50.0,0.0,100.0
CUST002361,3,6,22497,7499.0,8.33,3.67,2024-02-27,2024-12-30,34,Adult,Female,Mumbai,No,1,1,Accessories,Cap,Zara,0,False,Active,33.33,33.33,66.67
CUST002362,2,2,24456,12228.0,8.5,3.0,2023-01-31,2024-06-14,37,Adult,Male,Gurgaon,No,0,2,Clothing,Running Shoes,Adidas,199,False,Active,0.0,100.0,0.0
CUST002363,6,12,93600,15600.0,5.0,3.33,2023-02-07,2024-10-12,20,Young Adult,Female,Patna,Yes,2,4,Clothing,Saree,Biba,79,False,Active,33.33,66.67,33.33
CUST002364,4,8,22464,5616.0,3.25,3.25,2023-04-09,2023-12-02,47,Adult,Female,Patna,Yes,0,4,Clothing,Jacket,HRX,394,True,Inactive 270+ days,0.0,100.0,0.0
CUST002365,4,5,23517,5879.25,10.0,3.5,2023-03-09,2024-08-15,35,Adult,Female,Chandigarh,Yes,0,1,Footwear,Sandals,Bata,137,False,Active,0.0,25.0,75.0
CUST002366,7,10,18325,2617.86,11.0,3.86,2023-05-16,2024-11-14,50,Adult,Female,Indore,Yes,0,4,Clothing,Belt,Adidas,46,False,Active,0.0,57.14,42.86
CUST002367,3,4,18492,6164.0,5.67,4.0,2023-09-21,2024-08-11,19,Young Adult,Female,Kochi,No,0,3,Clothing,Jeans,H&M,141,False,Active,0.0,100.0,0.0
CUST002368,2,4,74920,37460.0,6.0,4.5,2024-01-14,2024-09-02,58,Adult,Male,Delhi,Yes,0,2,Clothing,Running Shoes,FabIndia,119,False,Active,0.0,100.0,0.0
CUST002369,3,5,11929,3976.33,16.0,4.33,2023-11-22,2024-10-29,47,Adult,Female,Patna,No,1,0,Accessories,Bag,Adidas,62,False,Active,33.33,0.0,100.0
CUST002370,3,3,38404,12801.33,8.67,3.0,2024-07-12,2024-10-19,30,Adult,Male,Visakhapatnam,No,0,3,Footwear,Sneakers,Adidas,72,False,Active,0.0,100.0,0.0
CUST002371,1,2,2473,2473.0,6.0,3.0,2024-05-08,2024-05-08,37,Adult,Female,Surat,No,0,0,Clothing,Kurta,Max,236,False,Active,0.0,0.0,100.0
CUST002372,3,4,17166,5722.0,10.67,4.0,2023-04-02,2024-11-05,21,Young Adult,Female,Ahmedabad,Yes,0,2,Clothing,Hoodie,Adidas,55,False,Active,0.0,66.67,33.33
CUST002373,6,10,38604,6434.0,7.67,3.0,2023-08-08,2024-12-16,41,Adult,Female,Nagpur,Yes,0,4,Clothing,Dress,Max,14,False,Active,0.0,66.67,33.33
CUST002374,2,2,28866,14433.0,19.5,3.0,2023-11-30,2024-03-20,34,Adult,Male,Hyderabad,No,1,2,Footwear,Running Shoes,HRX,285,True,Inactive 270+ days,50.0,100.0,0.0
CUST002375,4,4,12901,3225.25,13.25,3.5,2024-05-17,2024-10-01,29,Adult,Male,Noida,No,0,2,Clothing,Saree,Allen Solly,90,False,Active,0.0,50.0,50.0
CUST002376,4,6,36115,9028.75,6.25,4.0,2023-06-15,2024-03-08,19,Young Adult,Female,Mumbai,Yes,1,4,Footwear,Running Shoes,Adidas,297,True,Inactive 270+ days,25.0,100.0,0.0
CUST002377,6,9,35963,5993.83,3.33,3.17,2023-01-24,2024-10-12,26,Adult,Male,Lucknow,No,2,6,Accessories,Heels,Biba,79,False,Active,33.33,100.0,0.0
CUST002378,1,1,9708,9708.0,13.0,3.0,2023-06-28,2023-06-28,24,Young Adult,Male,Chandigarh,No,0,1,Clothing,Saree,Biba,551,True,Inactive 270+ days,0.0,100.0,0.0
CUST002379,5,6,16851,3370.2,7.8,3.4,2023-01-20,2024-09-20,56,Adult,Female,Noida,No,0,5,Clothing,Boots,Adidas,101,False,Active,0.0,100.0,0.0
CUST002380,4,5,25346,6336.5,7.0,3.5,2023-05-12,2024-09-22,52,Adult,Female,Pune,Yes,2,3,Clothing,Hoodie,Adidas,99,False,Active,50.0,75.0,25.0
CUST002381,4,4,21127,5281.75,8.75,3.0,2023-05-18,2024-10-12,58,Adult,Male,Nagpur,No,0,4,Clothing,Bag,FabIndia,79,False,Active,0.0,100.0,0.0
CUST002382,3,7,59261,19753.67,6.67,4.33,2023-02-07,2024-08-25,25,Young Adult,Male,Indore,No,0,2,Footwear,Heels,Adidas,127,False,Active,0.0,66.67,33.33
CUST002384,3,3,6756,2252.0,13.0,3.33,2023-11-26,2024-10-29,52,Adult,Male,Bhubaneswar,No,0,1,Clothing,Jacket,Adidas,62,False,Active,0.0,33.33,66.67
CUST002385,3,4,6483,2161.0,5.67,3.0,2023-12-07,2024-11-06,58,Adult,Female,Nagpur,Yes,1,2,Clothing,Kurta,FabIndia,54,False,Active,33.33,66.67,33.33
CUST002386,8,8,42179,5272.38,5.0,3.62,2023-04-22,2024-11-20,38,Adult,Female,Noida,No,1,6,Footwear,Slippers,Puma,40,False,Active,12.5,75.0,25.0
CUST002387,3,4,10642,3547.33,11.33,3.67,2023-02-18,2024-01-24,47,Adult,Female,Kochi,No,2,2,Clothing,Kurta,Biba,341,True,Inactive 270+ days,66.67,66.67,33.33
CUST002388,2,3,24792,12396.0,13.5,3.0,2023-01-19,2024-01-20,50,Adult,Female,Lucknow,No,0,1,Footwear,Formal Shoes,HRX,345,True,Inactive 270+ days,0.0,50.0,50.0
CUST002389,2,3,26797,13398.5,12.5,4.0,2023-08-17,2023-09-29,54,Adult,Other,Kolkata,No,0,1,Accessories,Bag,Puma,458,True,Inactive 270+ days,0.0,50.0,50.0
CUST002390,3,6,33203,11067.67,14.67,4.33,2023-08-09,2024-12-01,46,Adult,Male,Noida,No,0,1,Clothing,Jacket,FabIndia,29,False,Active,0.0,33.33,66.67
CUST002391,5,7,19701,3940.2,8.6,3.8,2023-02-11,2024-10-27,18,Young Adult,Male,Gurgaon,No,2,3,Footwear,Hoodie,Adidas,64,False,Active,40.0,60.0,40.0
CUST002392,8,10,24176,3022.0,8.5,2.88,2023-09-16,2024-07-21,64,Adult,Male,Kochi,No,3,7,Clothing,Hoodie,HRX,162,False,Active,37.5,87.5,12.5
CUST002393,4,5,27922,6980.5,7.5,3.75,2023-01-12,2024-08-05,36,Adult,Male,Chennai,Yes,2,3,Accessories,Backpack,Levis,147,False,Active,50.0,75.0,25.0
CUST002394,4,5,18448,4612.0,7.25,3.75,2023-03-07,2024-06-22,59,Adult,Male,Jaipur,No,0,4,Clothing,Boots,Max,191,False,Active,0.0,100.0,0.0
CUST002395,3,6,29776,9925.33,11.33,3.33,2024-01-11,2024-09-24,23,Young Adult,Female,Delhi,Yes,1,2,Footwear,Kurta,Bata,97,False,Active,33.33,66.67,33.33
CUST002396,3,6,8000,2666.67,8.67,3.0,2023-11-05,2024-06-27,44,Adult,Other,Mumbai,No,1,3,Footwear,Boots,Max,186,False,Active,33.33,100.0,0.0
CUST002397,2,2,11270,5635.0,5.5,3.5,2023-05-01,2024-12-15,41,Adult,Male,Bangalore,No,0,2,Accessories,Cap,Biba,15,False,Active,0.0,100.0,0.0
CUST002398,2,2,12650,6325.0,7.0,3.5,2023-03-13,2023-12-05,19,Young Adult,Male,Patna,No,0,1,Accessories,Belt,Puma,391,True,Inactive 270+ days,0.0,50.0,50.0
CUST002399,5,7,30338,6067.6,9.0,2.8,2023-01-28,2023-12-17,34,Adult,Female,Ahmedabad,No,2,4,Accessories,Cap,Adidas,379,True,Inactive 270+ days,40.0,80.0,20.0
CUST002400,3,5,29682,9894.0,9.67,4.33,2023-03-10,2024-07-21,18,Young Adult,Female,Gurgaon,Yes,0,2,Clothing,Hoodie,Nike,162,False,Active,0.0,66.67,33.33
CUST002402,5,6,33483,6696.6,14.0,3.0,2023-05-23,2024-10-31,44,Adult,Male,Visakhapatnam,No,0,2,Footwear,Running Shoes,Max,60,False,Active,0.0,40.0,60.0
CUST002403,5,8,31346,6269.2,14.8,3.2,2023-02-11,2024-10-08,44,Adult,Male,Gurgaon,Yes,0,4,Clothing,Backpack,FabIndia,83,False,Active,0.0,80.0,20.0
CUST002404,4,5,12795,3198.75,7.0,3.0,2023-03-17,2023-05-30,18,Young Adult,Female,Nagpur,No,1,3,Clothing,Saree,Allen Solly,580,True,Inactive 270+ days,25.0,75.0,25.0
CUST002405,2,2,17199,8599.5,12.0,4.0,2024-01-28,2024-07-20,43,Adult,Female,Kolkata,No,0,2,Clothing,Jeans,Levis,163,False,Active,0.0,100.0,0.0
CUST002406,4,4,2675,668.75,5.0,3.25,2023-02-25,2024-11-08,23,Young Adult,Male,Patna,Yes,0,3,Footwear,Formal Shoes,Max,52,False,Active,0.0,75.0,25.0
CUST002408,3,5,8256,2752.0,9.33,3.67,2023-08-29,2024-11-26,52,Adult,Female,Noida,No,1,2,Footwear,Sandals,HRX,34,False,Active,33.33,66.67,33.33
CUST002409,3,6,6188,2062.67,9.0,3.33,2023-01-01,2024-05-16,41,Adult,Male,Kochi,Yes,2,2,Accessories,Cap,Max,228,False,Active,66.67,66.67,33.33
CUST002410,2,2,2919,1459.5,9.0,3.0,2023-02-16,2023-11-19,31,Adult,Male,Bhubaneswar,Yes,0,2,Clothing,Heels,Bata,407,True,Inactive 270+ days,0.0,100.0,0.0
CUST002411,3,4,22361,7453.67,8.67,2.67,2023-01-08,2023-11-28,43,Adult,Male,Surat,Yes,1,3,Clothing,Saree,Biba,398,True,Inactive 270+ days,33.33,100.0,0.0
CUST002412,1,1,1162,1162.0,0.0,3.0,2024-06-29,2024-06-29,57,Adult,Female,Mumbai,No,0,1,Clothing,T-shirt,HRX,184,False,Active,0.0,100.0,0.0
CUST002413,5,9,29670,5934.0,5.4,4.2,2023-03-13,2024-08-22,50,Adult,Male,Noida,Yes,0,4,Clothing,Kurta,Max,130,False,Active,0.0,80.0,20.0
CUST002414,2,2,8294,4147.0,5.5,3.0,2023-03-25,2024-09-27,55,Adult,Male,Ahmedabad,Yes,0,1,Footwear,Formal Shoes,Bata,94,False,Active,0.0,50.0,50.0
CUST002415,3,3,10448,3482.67,15.0,3.33,2023-10-04,2024-12-10,49,Adult,Male,Gurgaon,No,2,2,Accessories,Boots,Max,20,False,Active,66.67,66.67,33.33
CUST002416,7,10,41482,5926.0,8.14,3.57,2023-01-25,2024-12-27,30,Adult,Male,Mumbai,Yes,1,7,Clothing,Kurta,FabIndia,3,False,Active,14.29,100.0,0.0
CUST002417,2,2,1898,949.0,5.0,3.0,2023-03-05,2023-03-18,64,Adult,Female,Patna,No,0,2,Clothing,Kurta,Max,653,True,Inactive 270+ days,0.0,100.0,0.0
CUST002418,1,1,1167,1167.0,7.0,4.0,2024-09-01,2024-09-01,40,Adult,Female,Kochi,No,0,1,Clothing,Jacket,Max,120,False,Active,0.0,100.0,0.0
CUST002419,4,6,6919,1729.75,9.5,3.0,2023-04-11,2023-12-15,47,Adult,Male,Pune,No,2,3,Clothing,Heels,Bata,381,True,Inactive 270+ days,50.0,75.0,25.0
CUST002420,3,4,3246,1082.0,3.0,2.67,2023-05-03,2024-11-12,33,Adult,Female,Chandigarh,No,0,3,Accessories,Belt,Bata,48,False,Active,0.0,100.0,0.0
CUST002421,1,1,3256,3256.0,15.0,2.0,2023-12-17,2023-12-17,21,Young Adult,Male,Gurgaon,Yes,0,1,Clothing,Jacket,Nike,379,True,Inactive 270+ days,0.0,100.0,0.0
CUST002422,3,3,5167,1722.33,2.33,4.0,2023-03-23,2024-12-29,42,Adult,Male,Kochi,No,2,0,Clothing,Belt,Fastrack,1,False,Active,66.67,0.0,100.0
CUST002423,4,5,14952,3738.0,5.25,2.5,2023-02-21,2024-08-18,24,Young Adult,Female,Bhubaneswar,No,1,4,Clothing,Hoodie,HRX,134,False,Active,25.0,100.0,0.0
CUST002424,7,10,22449,3207.0,9.43,3.71,2023-05-26,2024-11-24,50,Adult,Male,Bangalore,No,2,5,Clothing,Shorts,HRX,36,False,Active,28.57,71.43,28.57
CUST002425,8,8,39047,4880.88,5.88,3.88,2023-04-03,2024-11-27,55,Adult,Female,Chennai,No,1,4,Clothing,Sneakers,Max,33,False,Active,12.5,50.0,50.0
CUST002427,2,2,10796,5398.0,1.5,3.0,2023-03-18,2023-04-03,21,Young Adult,Female,Jaipur,Yes,0,2,Accessories,Sunglasses,Puma,637,True,Inactive 270+ days,0.0,100.0,0.0
CUST002428,6,11,47121,7853.5,5.83,3.33,2023-02-06,2024-10-21,27,Adult,Male,Delhi,No,2,5,Clothing,Heels,Adidas,70,False,Active,33.33,83.33,16.67
CUST002429,5,5,36052,7210.4,11.2,3.6,2023-01-14,2024-03-06,38,Adult,Other,Jaipur,No,1,4,Accessories,Backpack,Adidas,299,True,Inactive 270+ days,20.0,80.0,20.0
CUST002430,3,5,25514,8504.67,10.0,4.0,2023-01-05,2024-11-04,56,Adult,Female,Surat,No,0,2,Footwear,Running Shoes,FabIndia,56,False,Active,0.0,66.67,33.33
CUST002431,7,7,16604,2372.0,7.29,3.57,2023-02-16,2024-11-06,51,Adult,Female,Delhi,No,1,6,Clothing,Jacket,Allen Solly,54,False,Active,14.29,85.71,14.29
CUST002432,6,6,45007,7501.17,8.83,4.0,2023-02-05,2024-12-26,55,Adult,Male,Bhubaneswar,Yes,0,5,Footwear,Bag,Hush Puppies,4,False,Active,0.0,83.33,16.67
CUST002433,1,1,1964,1964.0,9.0,3.0,2023-02-25,2023-02-25,28,Adult,Male,Indore,No,0,1,Footwear,Heels,Bata,674,True,Inactive 270+ days,0.0,100.0,0.0
CUST002434,2,3,3190,1595.0,12.0,2.0,2023-12-18,2024-10-08,64,Adult,Female,Kolkata,Yes,1,2,Accessories,Bag,Fastrack,83,False,Active,50.0,100.0,0.0
CUST002435,5,7,26293,5258.6,16.0,3.6,2023-06-22,2024-11-29,21,Young Adult,Female,Pune,No,0,4,Clothing,Belt,Biba,31,False,Active,0.0,80.0,20.0
CUST002436,2,4,5622,2811.0,10.0,3.0,2023-03-12,2024-11-10,43,Adult,Male,Pune,No,0,2,Clothing,Jeans,Puma,50,False,Active,0.0,100.0,0.0
CUST002437,1,3,12192,12192.0,24.0,5.0,2023-01-09,2023-01-09,56,Adult,Male,Pune,No,0,0,Footwear,Running Shoes,Adidas,721,True,Inactive 270+ days,0.0,0.0,100.0
CUST002438,7,13,78540,11220.0,6.29,2.57,2023-02-01,2024-12-30,58,Adult,Male,Gurgaon,No,2,6,Footwear,Backpack,Max,0,False,Active,28.57,85.71,14.29
CUST002439,1,2,1553,1553.0,10.0,3.0,2023-07-10,2023-07-10,21,Young Adult,Female,Pune,No,0,1,Clothing,T-shirt,Nike,539,True,Inactive 270+ days,0.0,100.0,0.0
CUST002440,4,6,11184,2796.0,11.25,3.5,2023-03-24,2024-01-01,31,Adult,Male,Mumbai,No,0,3,Clothing,Kurta,Biba,364,True,Inactive 270+ days,0.0,75.0,25.0
CUST002441,2,3,9168,4584.0,8.0,3.5,2023-10-12,2023-11-17,56,Adult,Male,Pune,No,0,1,Clothing,Sandals,FabIndia,409,True,Inactive 270+ days,0.0,50.0,50.0
CUST002442,1,1,615,615.0,3.0,3.0,2024-07-31,2024-07-31,55,Adult,Female,Kochi,No,0,0,Clothing,Shorts,Levis,152,False,Active,0.0,0.0,100.0
CUST002443,3,4,15925,5308.33,14.33,3.0,2023-12-14,2024-10-04,24,Young Adult,Male,Patna,No,0,2,Clothing,Jacket,Adidas,87,False,Active,0.0,66.67,33.33
CUST002444,6,9,32520,5420.0,8.0,3.0,2023-03-07,2024-12-10,39,Adult,Female,Bhubaneswar,No,2,5,Clothing,Kurta,Max,20,False,Active,33.33,83.33,16.67
CUST002445,4,4,20567,5141.75,7.25,3.75,2023-02-13,2023-12-01,27,Adult,Female,Mumbai,Yes,0,1,Clothing,Sneakers,Adidas,395,True,Inactive 270+ days,0.0,25.0,75.0
CUST002446,6,9,22759,3793.17,6.5,3.0,2023-06-09,2024-10-27,55,Adult,Male,Delhi,No,1,6,Footwear,Sneakers,HRX,64,False,Active,16.67,100.0,0.0
CUST002447,2,2,3623,1811.5,6.5,2.5,2024-08-31,2024-12-15,31,Adult,Male,Chandigarh,No,0,2,Clothing,Saree,Levis,15,False,Active,0.0,100.0,0.0
CUST002448,2,2,6714,3357.0,0.5,3.5,2023-02-27,2024-03-21,64,Adult,Male,Ahmedabad,Yes,1,2,Accessories,Backpack,Allen Solly,284,True,Inactive 270+ days,50.0,100.0,0.0
CUST002449,2,2,30296,15148.0,6.0,4.0,2024-05-28,2024-12-02,64,Adult,Female,Bhubaneswar,Yes,0,1,Clothing,Sneakers,Adidas,28,False,Active,0.0,50.0,50.0
CUST002450,1,1,2848,2848.0,6.0,3.0,2024-01-21,2024-01-21,43,Adult,Male,Bhubaneswar,No,0,1,Clothing,T-shirt,Adidas,344,True,Inactive 270+ days,0.0,100.0,0.0
CUST002451,4,4,26068,6517.0,3.75,3.75,2023-02-08,2023-10-27,36,Adult,Female,Ahmedabad,No,0,4,Footwear,Running Shoes,Adidas,430,True,Inactive 270+ days,0.0,100.0,0.0
CUST002452,4,5,7900,1975.0,13.75,3.5,2023-04-29,2024-11-21,22,Young Adult,Male,Indore,Yes,0,1,Clothing,Jacket,HRX,39,False,Active,0.0,25.0,75.0
CUST002453,4,7,37317,9329.25,14.75,2.75,2023-10-16,2024-07-15,29,Adult,Female,Surat,Yes,1,2,Accessories,Backpack,HRX,168,False,Active,25.0,50.0,50.0
CUST002454,3,4,2983,994.33,20.0,2.67,2024-06-16,2024-11-07,37,Adult,Female,Hyderabad,No,0,2,Clothing,Kurta,Max,53,False,Active,0.0,66.67,33.33
CUST002455,1,1,3699,3699.0,9.0,3.0,2023-11-02,2023-11-02,51,Adult,Female,Chandigarh,No,1,1,Clothing,Kurta,Biba,424,True,Inactive 270+ days,100.0,100.0,0.0
CUST002456,4,6,9479,2369.75,5.5,3.25,2023-08-24,2024-07-08,21,Young Adult,Male,Delhi,No,0,2,Clothing,Kurta,Bata,175,False,Active,0.0,50.0,50.0
CUST002457,3,5,47140,15713.33,13.67,2.67,2023-12-18,2024-11-24,26,Adult,Male,Delhi,No,0,2,Clothing,Hoodie,Nike,36,False,Active,0.0,66.67,33.33
CUST002458,1,1,5808,5808.0,24.0,4.0,2024-01-26,2024-01-26,33,Adult,Male,Noida,No,1,0,Clothing,Jacket,H&M,339,True,Inactive 270+ days,100.0,0.0,100.0
CUST002459,3,5,7690,2563.33,12.33,2.67,2023-07-15,2024-09-27,32,Adult,Female,Chennai,No,1,3,Accessories,Cap,Adidas,94,False,Active,33.33,100.0,0.0
CUST002460,2,2,12777,6388.5,2.5,4.5,2024-04-28,2024-09-21,61,Adult,Female,Kolkata,No,1,2,Accessories,Bag,Nike,100,False,Active,50.0,100.0,0.0
CUST002461,2,2,1020,510.0,2.0,3.0,2023-08-25,2023-09-08,55,Adult,Male,Surat,No,0,2,Accessories,Socks,Fastrack,479,True,Inactive 270+ days,0.0,100.0,0.0
CUST002462,4,5,20621,5155.25,7.0,3.25,2023-04-08,2024-10-14,44,Adult,Female,Kochi,No,1,2,Clothing,Bag,Zara,77,False,Active,25.0,50.0,50.0
CUST002463,4,4,11242,2810.5,11.0,3.5,2023-09-14,2024-12-06,46,Adult,Female,Noida,Yes,2,3,Clothing,Backpack,Bata,24,False,Active,50.0,75.0,25.0
CUST002464,6,9,31513,5252.17,4.5,3.5,2023-08-25,2024-09-16,54,Adult,Female,Jaipur,No,0,5,Clothing,Dress,Adidas,105,False,Active,0.0,83.33,16.67
CUST002466,2,2,7723,3861.5,3.5,3.5,2024-04-02,2024-05-29,40,Adult,Female,Bhubaneswar,Yes,0,2,Accessories,Trousers,Puma,215,False,Active,0.0,100.0,0.0
CUST002467,1,3,4638,4638.0,6.0,3.0,2023-05-11,2023-05-11,36,Adult,Female,Ahmedabad,Yes,0,0,Clothing,Jacket,HRX,599,True,Inactive 270+ days,0.0,0.0,100.0
CUST002468,3,3,4831,1610.33,6.33,4.0,2023-03-15,2023-12-15,63,Adult,Female,Surat,Yes,0,2,Clothing,Belt,Puma,381,True,Inactive 270+ days,0.0,66.67,33.33
CUST002469,3,4,17493,5831.0,6.33,3.33,2023-01-12,2023-12-20,48,Adult,Male,Kochi,No,0,2,Accessories,Backpack,Tommy Hilfiger,376,True,Inactive 270+ days,0.0,66.67,33.33
CUST002470,2,2,3760,1880.0,9.0,3.0,2024-07-08,2024-09-06,26,Adult,Female,Lucknow,No,0,2,Accessories,Kurta,Levis,115,False,Active,0.0,100.0,0.0
CUST002471,2,2,4633,2316.5,4.0,4.5,2023-05-15,2024-08-15,43,Adult,Female,Kochi,Yes,0,1,Clothing,Running Shoes,Levis,137,False,Active,0.0,50.0,50.0
CUST002472,2,4,12001,6000.5,21.0,4.0,2023-01-28,2024-11-21,38,Adult,Male,Indore,No,0,2,Clothing,Kurta,Biba,39,False,Active,0.0,100.0,0.0
CUST002473,3,4,24919,8306.33,5.0,4.0,2023-07-15,2024-08-01,23,Young Adult,Female,Chennai,No,0,3,Clothing,Hoodie,Adidas,151,False,Active,0.0,100.0,0.0
CUST002474,4,4,18894,4723.5,3.5,3.0,2023-03-13,2024-03-16,19,Young Adult,Female,Kolkata,No,1,3,Footwear,Boots,Max,289,True,Inactive 270+ days,25.0,75.0,25.0
CUST002475,1,1,1571,1571.0,4.0,4.0,2024-11-26,2024-11-26,34,Adult,Male,Hyderabad,No,0,1,Clothing,Kurta,Biba,34,False,Active,0.0,100.0,0.0
CUST002476,1,1,11633,11633.0,10.0,4.0,2024-01-09,2024-01-09,54,Adult,Male,Delhi,No,0,1,Footwear,Running Shoes,Nike,356,True,Inactive 270+ days,0.0,100.0,0.0
CUST002477,5,5,37476,7495.2,7.6,3.6,2023-03-29,2024-12-11,39,Adult,Female,Gurgaon,No,1,5,Clothing,Kurta,Adidas,19,False,Active,20.0,100.0,0.0
CUST002478,6,9,47156,7859.33,2.17,3.83,2023-01-04,2024-09-03,53,Adult,Female,Bangalore,Yes,0,5,Footwear,Boots,HRX,118,False,Active,0.0,83.33,16.67
CUST002479,3,3,8011,2670.33,10.33,3.33,2023-11-20,2024-09-13,30,Adult,Male,Mumbai,No,1,2,Clothing,Bag,Max,108,False,Active,33.33,66.67,33.33
CUST002480,4,9,23475,5868.75,9.0,3.5,2023-02-14,2024-02-05,64,Adult,Female,Delhi,No,1,3,Clothing,Cap,FabIndia,329,True,Inactive 270+ days,25.0,75.0,25.0
CUST002481,1,3,40343,40343.0,9.0,3.0,2024-06-04,2024-06-04,45,Adult,Female,Pune,No,0,0,Footwear,Sneakers,HRX,209,False,Active,0.0,0.0,100.0
CUST002482,2,3,2949,1474.5,1.0,2.0,2023-12-25,2024-05-10,42,Adult,Female,Patna,Yes,1,2,Accessories,Belt,Fastrack,234,False,Active,50.0,100.0,0.0
CUST002483,1,1,3156,3156.0,10.0,4.0,2023-03-09,2023-03-09,32,Adult,Male,Noida,No,0,1,Clothing,Jacket,H&M,662,True,Inactive 270+ days,0.0,100.0,0.0
CUST002484,2,2,760,380.0,8.0,4.5,2023-07-27,2024-04-23,35,Adult,Female,Lucknow,No,1,2,Footwear,Slippers,Zara,251,False,Active,50.0,100.0,0.0
CUST002486,1,1,1769,1769.0,3.0,5.0,2024-09-12,2024-09-12,44,Adult,Female,Pune,Yes,0,0,Clothing,Kurta,FabIndia,109,False,Active,0.0,0.0,100.0
CUST002487,2,6,3827,1913.5,7.5,3.5,2023-02-07,2023-03-15,46,Adult,Female,Nagpur,No,0,1,Accessories,Shirt,H&M,656,True,Inactive 270+ days,0.0,50.0,50.0
CUST002488,3,4,33531,11177.0,15.0,4.0,2023-02-03,2024-11-12,39,Adult,Female,Bhubaneswar,No,0,1,Clothing,Dress,FabIndia,48,False,Active,0.0,33.33,66.67
CUST002489,4,5,31634,7908.5,14.25,3.5,2023-04-22,2024-11-15,22,Young Adult,Male,Ahmedabad,No,0,3,Clothing,Heels,Levis,45,False,Active,0.0,75.0,25.0
CUST002490,1,1,1986,1986.0,13.0,2.0,2024-08-05,2024-08-05,24,Young Adult,Female,Lucknow,No,1,1,Clothing,Kurta,Max,147,False,Active,100.0,100.0,0.0
CUST002491,4,4,9472,2368.0,6.5,3.5,2023-02-02,2024-09-14,32,Adult,Female,Patna,No,1,3,Accessories,Kurta,Fastrack,107,False,Active,25.0,75.0,25.0
CUST002492,2,2,8399,4199.5,7.0,2.0,2024-09-27,2024-10-29,34,Adult,Female,Mumbai,No,1,2,Clothing,Sneakers,Nike,62,False,Active,50.0,100.0,0.0
CUST002493,5,7,12054,2410.8,9.8,3.8,2023-04-03,2024-05-15,26,Adult,Female,Bangalore,Yes,1,4,Clothing,T-shirt,Puma,229,False,Active,20.0,80.0,20.0
CUST002494,4,5,10546,2636.5,8.5,3.75,2023-04-25,2024-07-09,39,Adult,Male,Nagpur,Yes,0,3,Accessories,Slippers,Allen Solly,174,False,Active,0.0,75.0,25.0
CUST002495,5,6,29108,5821.6,10.4,4.0,2023-05-19,2024-12-24,34,Adult,Male,Indore,No,0,5,Clothing,Dress,Allen Solly,6,False,Active,0.0,100.0,0.0
CUST002496,4,4,23741,5935.25,11.5,3.0,2024-06-13,2024-10-22,36,Adult,Female,Jaipur,Yes,0,2,Clothing,Kurta,Biba,69,False,Active,0.0,50.0,50.0
CUST002497,1,1,6031,6031.0,2.0,4.0,2024-07-08,2024-07-08,58,Adult,Female,Ahmedabad,Yes,0,1,Footwear,Formal Shoes,Zara,175,False,Active,0.0,100.0,0.0
CUST002498,4,4,24819,6204.75,13.75,4.0,2023-02-11,2024-02-29,34,Adult,Male,Mumbai,No,1,3,Footwear,Boots,Adidas,305,True,Inactive 270+ days,25.0,75.0,25.0
CUST002499,2,3,10065,5032.5,8.0,3.5,2024-01-21,2024-09-24,62,Adult,Female,Bangalore,Yes,0,2,Accessories,Belt,FabIndia,97,False,Active,0.0,100.0,0.0
CUST002500,4,7,44679,11169.75,9.0,3.5,2023-03-06,2024-11-02,31,Adult,Female,Jaipur,Yes,0,3,Footwear,Running Shoes,Adidas,58,False,Active,0.0,75.0,25.0
CUST002501,5,7,22050,4410.0,6.0,3.4,2023-11-11,2024-10-27,63,Adult,Male,Pune,No,0,5,Clothing,Cap,Levis,64,False,Active,0.0,100.0,0.0
CUST002502,3,4,8178,2726.0,13.0,3.67,2023-01-31,2024-08-17,34,Adult,Other,Nagpur,No,0,1,Footwear,Formal Shoes,Bata,135,False,Active,0.0,33.33,66.67
CUST002504,4,6,27941,6985.25,8.75,3.5,2023-04-24,2024-04-13,64,Adult,Male,Delhi,No,2,3,Clothing,Shorts,Allen Solly,261,False,Active,50.0,75.0,25.0
CUST002505,7,7,11274,1610.57,6.86,3.14,2023-01-04,2024-06-25,42,Adult,Other,Patna,No,1,7,Clothing,Kurta,Adidas,188,False,Active,14.29,100.0,0.0
CUST002506,3,3,20795,6931.67,3.0,3.67,2023-04-09,2024-12-25,53,Adult,Female,Lucknow,Yes,0,0,Clothing,Hoodie,Adidas,5,False,Active,0.0,0.0,100.0
CUST002507,4,4,20569,5142.25,9.0,3.0,2023-03-27,2024-10-30,18,Young Adult,Male,Gurgaon,No,1,2,Clothing,Backpack,Fastrack,61,False,Active,25.0,50.0,50.0
CUST002508,1,1,828,828.0,7.0,2.0,2023-08-05,2023-08-05,41,Adult,Male,Chandigarh,No,1,1,Accessories,Belt,Wildcraft,513,True,Inactive 270+ days,100.0,100.0,0.0
CUST002509,1,1,3061,3061.0,7.0,5.0,2024-12-18,2024-12-18,21,Young Adult,Female,Nagpur,No,0,1,Clothing,Dress,Allen Solly,12,False,Active,0.0,100.0,0.0
CUST002510,3,5,7321,2440.33,3.67,3.0,2024-03-24,2024-04-06,40,Adult,Female,Bhubaneswar,No,0,2,Clothing,Backpack,Max,268,False,Active,0.0,66.67,33.33
CUST002511,3,3,11482,3827.33,6.0,3.67,2023-02-15,2024-09-12,34,Adult,Male,Gurgaon,Yes,0,3,Footwear,Jacket,Puma,109,False,Active,0.0,100.0,0.0
CUST002513,5,8,12467,2493.4,8.0,3.8,2023-08-23,2024-06-14,38,Adult,Male,Bangalore,No,0,4,Clothing,Kurta,Max,199,False,Active,0.0,80.0,20.0
CUST002514,2,2,10001,5000.5,7.5,3.5,2023-12-13,2024-05-03,46,Adult,Male,Noida,No,1,2,Clothing,Hoodie,Max,241,False,Active,50.0,100.0,0.0
CUST002515,4,6,17392,4348.0,12.25,3.75,2023-09-16,2024-06-16,63,Adult,Female,Noida,Yes,1,2,Clothing,Backpack,Allen Solly,197,False,Active,25.0,50.0,50.0
CUST002516,6,9,33017,5502.83,12.83,3.33,2023-06-19,2024-12-13,58,Adult,Female,Kolkata,Yes,3,5,Footwear,Boots,Adidas,17,False,Active,50.0,83.33,16.67
CUST002518,4,4,20639,5159.75,11.5,3.25,2023-04-14,2024-10-24,19,Young Adult,Female,Nagpur,No,0,3,Clothing,Boots,Bata,67,False,Active,0.0,75.0,25.0
CUST002519,3,3,8750,2916.67,7.0,2.67,2023-01-19,2024-03-31,48,Adult,Male,Nagpur,Yes,2,2,Clothing,Saree,FabIndia,274,True,Inactive 270+ days,66.67,66.67,33.33
CUST002520,2,3,6570,3285.0,5.0,3.0,2023-01-16,2023-09-22,33,Adult,Male,Jaipur,Yes,1,1,Accessories,Backpack,Fastrack,465,True,Inactive 270+ days,50.0,50.0,50.0
CUST002521,3,7,29865,9955.0,4.67,3.33,2023-04-13,2024-04-16,46,Adult,Female,Indore,No,0,0,Footwear,Backpack,Adidas,258,False,Active,0.0,0.0,100.0
CUST002522,2,2,9698,4849.0,7.5,2.5,2023-09-04,2024-01-27,63,Adult,Male,Bangalore,No,0,2,Clothing,Jacket,Biba,338,True,Inactive 270+ days,0.0,100.0,0.0
CUST002523,3,6,41134,13711.33,11.0,4.0,2023-04-08,2024-07-28,22,Young Adult,Female,Chennai,Yes,0,3,Clothing,Hoodie,Biba,155,False,Active,0.0,100.0,0.0
CUST002524,2,2,6345,3172.5,7.5,4.5,2023-04-21,2023-06-15,56,Adult,Male,Visakhapatnam,Yes,0,2,Clothing,Saree,Allen Solly,564,True,Inactive 270+ days,0.0,100.0,0.0
CUST002525,4,5,29217,7304.25,12.5,3.75,2023-01-13,2024-12-15,23,Young Adult,Female,Indore,No,0,3,Clothing,Kurta,Adidas,15,False,Active,0.0,75.0,25.0
CUST002526,2,2,13320,6660.0,9.0,3.5,2023-01-23,2024-12-27,48,Adult,Male,Jaipur,No,0,1,Footwear,Boots,Hush Puppies,3,False,Active,0.0,50.0,50.0
CUST002527,3,4,7033,2344.33,1.67,4.0,2023-01-10,2024-11-12,19,Young Adult,Female,Indore,No,0,3,Clothing,Kurta,Biba,48,False,Active,0.0,100.0,0.0
CUST002528,3,3,13125,4375.0,4.33,3.33,2024-04-23,2024-09-05,52,Adult,Female,Indore,No,1,2,Clothing,Jeans,Adidas,116,False,Active,33.33,66.67,33.33
CUST002529,4,5,7661,1915.25,7.75,3.0,2024-03-20,2024-09-04,25,Young Adult,Female,Bangalore,No,2,4,Clothing,Heels,Bata,117,False,Active,50.0,100.0,0.0
CUST002530,3,4,4918,1639.33,3.0,2.33,2024-03-06,2024-09-16,21,Young Adult,Male,Delhi,No,0,0,Clothing,Hoodie,HRX,105,False,Active,0.0,0.0,100.0
CUST002531,1,1,561,561.0,11.0,4.0,2024-05-20,2024-05-20,21,Young Adult,Male,Kolkata,No,0,1,Accessories,Wallet,Puma,224,False,Active,0.0,100.0,0.0
CUST002532,1,1,3767,3767.0,6.0,3.0,2024-07-07,2024-07-07,36,Adult,Male,Lucknow,No,0,0,Footwear,Boots,Bata,176,False,Active,0.0,0.0,100.0
CUST002533,2,2,9185,4592.5,8.0,4.0,2023-06-18,2024-05-14,63,Adult,Female,Delhi,No,0,2,Accessories,Bag,Levis,230,False,Active,0.0,100.0,0.0
CUST002534,3,4,69109,23036.33,9.0,3.67,2023-05-16,2024-10-29,32,Adult,Male,Mumbai,No,0,2,Clothing,Jacket,Adidas,62,False,Active,0.0,66.67,33.33
CUST002535,2,3,6027,3013.5,4.5,3.5,2024-02-15,2024-05-29,22,Young Adult,Male,Gurgaon,Yes,0,2,Clothing,Kurta,Biba,215,False,Active,0.0,100.0,0.0
CUST002536,4,4,18148,4537.0,10.5,3.0,2023-06-22,2024-05-24,19,Young Adult,Other,Surat,No,0,4,Clothing,Kurta,Biba,220,False,Active,0.0,100.0,0.0
CUST002537,2,2,4506,2253.0,9.5,3.0,2023-01-14,2023-02-15,28,Adult,Female,Indore,Yes,1,2,Accessories,Dress,Allen Solly,684,True,Inactive 270+ days,50.0,100.0,0.0
CUST002538,3,5,17238,5746.0,20.67,4.33,2024-06-22,2024-10-03,32,Adult,Female,Mumbai,No,0,3,Accessories,Running Shoes,Puma,88,False,Active,0.0,100.0,0.0
CUST002539,1,1,1732,1732.0,10.0,1.0,2023-11-14,2023-11-14,42,Adult,Female,Bangalore,Yes,0,1,Clothing,Dress,Roadster,412,True,Inactive 270+ days,0.0,100.0,0.0
CUST002540,4,7,36276,9069.0,2.75,2.0,2023-02-24,2024-10-17,35,Adult,Male,Kolkata,No,2,3,Clothing,Boots,Max,74,False,Active,50.0,75.0,25.0
CUST002541,2,2,1462,731.0,10.5,2.5,2024-05-15,2024-09-20,35,Adult,Female,Noida,No,0,1,Footwear,Sandals,Max,101,False,Active,0.0,50.0,50.0
CUST002542,3,3,18084,6028.0,6.67,3.67,2023-04-28,2024-07-29,27,Adult,Female,Hyderabad,No,1,0,Clothing,Kurta,FabIndia,154,False,Active,33.33,0.0,100.0
CUST002545,2,2,2731,1365.5,3.5,3.0,2023-01-27,2024-07-08,61,Adult,Female,Pune,Yes,1,2,Accessories,Backpack,Fastrack,175,False,Active,50.0,100.0,0.0
CUST002546,1,1,4285,4285.0,6.0,4.0,2023-06-04,2023-06-04,62,Adult,Male,Bhubaneswar,No,0,1,Footwear,Boots,Hush Puppies,575,True,Inactive 270+ days,0.0,100.0,0.0
CUST002547,2,4,50548,25274.0,7.0,4.0,2023-01-13,2023-07-06,50,Adult,Male,Bangalore,Yes,1,2,Clothing,Saree,Adidas,543,True,Inactive 270+ days,50.0,100.0,0.0
CUST002548,6,8,46461,7743.5,7.0,4.17,2023-02-17,2024-12-07,24,Young Adult,Male,Lucknow,No,2,5,Clothing,Backpack,Adidas,23,False,Active,33.33,83.33,16.67
CUST002549,3,4,13149,4383.0,10.33,3.0,2023-05-23,2024-04-19,21,Young Adult,Female,Visakhapatnam,Yes,1,3,Footwear,Running Shoes,Adidas,255,False,Active,33.33,100.0,0.0
CUST002550,4,6,9166,2291.5,8.25,3.0,2023-02-12,2023-12-02,54,Adult,Male,Indore,No,1,2,Clothing,Kurta,Bata,394,True,Inactive 270+ days,25.0,50.0,50.0
CUST002551,9,9,57840,6426.67,8.11,3.67,2023-06-14,2024-11-01,25,Young Adult,Male,Surat,No,1,7,Clothing,Hoodie,Puma,59,False,Active,11.11,77.78,22.22
CUST002552,4,7,13307,3326.75,12.75,2.75,2023-01-28,2024-09-07,35,Adult,Male,Surat,No,2,3,Clothing,Formal Shoes,HRX,114,False,Active,50.0,75.0,25.0
CUST002553,2,4,25431,12715.5,8.5,3.5,2023-08-22,2023-10-12,47,Adult,Female,Jaipur,No,1,2,Clothing,Running Shoes,Adidas,445,True,Inactive 270+ days,50.0,100.0,0.0
CUST002554,4,4,10432,2608.0,18.25,3.75,2023-01-31,2023-11-08,52,Adult,Female,Chennai,No,0,4,Clothing,Hoodie,Nike,418,True,Inactive 270+ days,0.0,100.0,0.0
CUST002555,2,3,9732,4866.0,11.0,4.5,2024-11-30,2024-12-26,53,Adult,Female,Hyderabad,Yes,2,1,Clothing,Formal Shoes,Biba,4,False,Active,100.0,50.0,50.0
CUST002556,4,4,23213,5803.25,7.25,3.25,2023-04-19,2024-12-14,49,Adult,Other,Mumbai,No,1,3,Footwear,Dress,Bata,16,False,Active,25.0,75.0,25.0
CUST002557,2,2,3812,1906.0,14.0,3.0,2024-04-28,2024-10-18,59,Adult,Female,Kolkata,No,1,1,Clothing,Jacket,Bata,73,False,Active,50.0,50.0,50.0
CUST002558,2,2,2194,1097.0,9.5,3.0,2023-10-23,2024-08-23,28,Adult,Other,Indore,No,0,1,Clothing,Jeans,Max,129,False,Active,0.0,50.0,50.0
CUST002559,3,4,43623,14541.0,15.0,3.33,2023-06-01,2024-10-07,28,Adult,Male,Hyderabad,No,1,2,Footwear,Jacket,Adidas,84,False,Active,33.33,66.67,33.33
CUST002560,3,3,7144,2381.33,4.0,3.33,2024-04-18,2024-09-04,28,Adult,Male,Gurgaon,Yes,0,1,Accessories,Cap,HRX,117,False,Active,0.0,33.33,66.67
CUST002561,3,5,34690,11563.33,5.33,3.67,2023-04-10,2023-11-19,36,Adult,Female,Visakhapatnam,No,0,3,Footwear,Running Shoes,Adidas,407,True,Inactive 270+ days,0.0,100.0,0.0
CUST002562,3,4,44020,14673.33,12.0,3.33,2023-10-16,2024-07-09,53,Adult,Female,Kolkata,No,2,1,Clothing,Dress,HRX,174,False,Active,66.67,33.33,66.67
CUST002563,4,8,18721,4680.25,11.25,3.75,2023-01-01,2024-09-06,19,Young Adult,Male,Surat,No,2,1,Clothing,T-shirt,Biba,115,False,Active,50.0,25.0,75.0
CUST002564,4,4,26181,6545.25,8.25,3.5,2023-04-08,2024-05-18,27,Adult,Male,Noida,No,1,4,Footwear,Belt,Max,226,False,Active,25.0,100.0,0.0
CUST002565,3,3,23987,7995.67,13.33,4.0,2024-01-05,2024-10-27,34,Adult,Female,Patna,No,1,1,Clothing,Saree,Allen Solly,64,False,Active,33.33,33.33,66.67
CUST002566,4,4,14569,3642.25,6.75,3.75,2023-07-07,2024-09-23,45,Adult,Female,Pune,No,0,3,Clothing,Dress,Adidas,98,False,Active,0.0,75.0,25.0
CUST002567,2,2,8966,4483.0,26.0,4.0,2023-11-10,2024-03-02,38,Adult,Female,Chandigarh,No,0,2,Clothing,Saree,Biba,303,True,Inactive 270+ days,0.0,100.0,0.0
CUST002568,5,8,28499,5699.8,6.8,3.4,2023-01-18,2024-05-19,42,Adult,Female,Visakhapatnam,Yes,1,4,Clothing,Formal Shoes,Adidas,225,False,Active,20.0,80.0,20.0
CUST002569,2,5,75743,37871.5,4.0,4.0,2023-03-12,2024-07-23,32,Adult,Female,Delhi,No,1,1,Clothing,Hoodie,Adidas,160,False,Active,50.0,50.0,50.0
CUST002570,2,3,7904,3952.0,3.0,3.0,2023-11-05,2024-04-06,32,Adult,Female,Ahmedabad,No,1,1,Accessories,Bag,Fastrack,268,False,Active,50.0,50.0,50.0
CUST002571,4,7,15651,3912.75,15.5,3.25,2023-02-01,2024-10-27,45,Adult,Female,Bhubaneswar,No,1,3,Clothing,Jacket,Max,64,False,Active,25.0,75.0,25.0
CUST002572,1,1,2052,2052.0,5.0,4.0,2023-03-25,2023-03-25,32,Adult,Male,Hyderabad,No,0,1,Clothing,T-shirt,Allen Solly,646,True,Inactive 270+ days,0.0,100.0,0.0
CUST002573,1,2,21177,21177.0,2.0,2.0,2024-05-21,2024-05-21,42,Adult,Male,Surat,No,1,1,Footwear,Sneakers,HRX,223,False,Active,100.0,100.0,0.0
CUST002574,3,3,5499,1833.0,6.67,3.33,2023-06-24,2024-08-16,38,Adult,Female,Gurgaon,Yes,0,2,Clothing,Saree,Max,136,False,Active,0.0,66.67,33.33
CUST002575,2,4,13687,6843.5,5.5,3.0,2023-05-20,2024-06-19,30,Adult,Female,Surat,Yes,1,2,Clothing,Boots,Bata,194,False,Active,50.0,100.0,0.0
CUST002576,2,2,3731,1865.5,26.5,2.5,2023-09-16,2024-10-28,20,Young Adult,Male,Mumbai,No,1,2,Clothing,Heels,Biba,63,False,Active,50.0,100.0,0.0
CUST002577,2,2,3153,1576.5,11.0,4.5,2024-07-16,2024-10-03,50,Adult,Female,Bhubaneswar,No,0,0,Clothing,Kurta,FabIndia,88,False,Active,0.0,0.0,100.0
CUST002578,4,4,13331,3332.75,6.5,3.5,2023-05-27,2024-02-02,56,Adult,Male,Jaipur,Yes,1,1,Clothing,Hoodie,Puma,332,True,Inactive 270+ days,25.0,25.0,75.0
CUST002579,1,1,1463,1463.0,1.0,4.0,2023-04-06,2023-04-06,45,Adult,Male,Jaipur,No,0,1,Clothing,Shorts,HRX,634,True,Inactive 270+ days,0.0,100.0,0.0
CUST002580,6,7,32091,5348.5,8.33,3.83,2023-04-28,2024-08-02,55,Adult,Female,Gurgaon,Yes,1,3,Clothing,Hoodie,Adidas,150,False,Active,16.67,50.0,50.0
CUST002581,2,3,5708,2854.0,7.0,3.0,2023-05-02,2024-09-22,58,Adult,Male,Delhi,No,1,2,Clothing,Dress,H&M,99,False,Active,50.0,100.0,0.0
CUST002582,2,2,18968,9484.0,8.0,5.0,2023-01-24,2023-02-06,18,Young Adult,Female,Chandigarh,No,0,1,Footwear,Boots,Hush Puppies,693,True,Inactive 270+ days,0.0,50.0,50.0
CUST002583,5,6,49595,9919.0,3.0,3.4,2023-01-27,2024-12-20,46,Adult,Female,Visakhapatnam,No,1,4,Clothing,Saree,FabIndia,10,False,Active,20.0,80.0,20.0
CUST002584,6,7,25004,4167.33,10.17,3.5,2023-03-17,2024-09-23,27,Adult,Male,Chennai,No,2,6,Clothing,Jacket,Adidas,98,False,Active,33.33,100.0,0.0
CUST002585,1,1,574,574.0,4.0,3.0,2023-08-24,2023-08-24,51,Adult,Female,Ahmedabad,Yes,0,1,Accessories,Cap,Wildcraft,494,True,Inactive 270+ days,0.0,100.0,0.0
CUST002586,2,2,2447,1223.5,0.5,3.5,2023-11-03,2024-04-24,39,Adult,Male,Lucknow,Yes,0,2,Clothing,Kurta,Max,250,False,Active,0.0,100.0,0.0
CUST002587,3,4,6634,2211.33,4.33,4.0,2023-02-25,2024-10-18,38,Adult,Male,Mumbai,No,0,2,Accessories,Cap,FabIndia,73,False,Active,0.0,66.67,33.33
CUST002588,2,4,12768,6384.0,12.0,4.0,2023-04-02,2023-10-29,21,Young Adult,Other,Mumbai,Yes,1,2,Clothing,Dress,Adidas,428,True,Inactive 270+ days,50.0,100.0,0.0
CUST002589,3,3,9154,3051.33,14.67,3.0,2023-09-08,2024-12-01,51,Adult,Male,Delhi,No,0,3,Clothing,Backpack,FabIndia,29,False,Active,0.0,100.0,0.0
CUST002590,3,4,8838,2946.0,13.0,4.0,2023-12-02,2024-08-09,44,Adult,Male,Hyderabad,No,0,2,Footwear,Sandals,Bata,143,False,Active,0.0,66.67,33.33
CUST002591,5,9,32456,6491.2,7.6,2.8,2023-01-13,2024-09-15,62,Adult,Female,Pune,No,2,3,Clothing,Heels,FabIndia,106,False,Active,40.0,60.0,40.0
CUST002592,4,11,66423,16605.75,7.75,3.75,2023-09-15,2024-05-31,51,Adult,Male,Chandigarh,No,1,2,Footwear,Belt,Puma,213,False,Active,25.0,50.0,50.0
CUST002593,4,5,72888,18222.0,7.5,4.0,2023-02-01,2024-02-10,29,Adult,Male,Patna,Yes,0,4,Footwear,Running Shoes,Adidas,324,True,Inactive 270+ days,0.0,100.0,0.0
CUST002594,1,1,1813,1813.0,0.0,4.0,2023-07-02,2023-07-02,41,Adult,Female,Chandigarh,Yes,0,1,Accessories,Backpack,Levis,547,True,Inactive 270+ days,0.0,100.0,0.0
CUST002595,5,6,17865,3573.0,9.2,3.6,2023-01-03,2024-05-15,21,Young Adult,Male,Gurgaon,Yes,1,3,Clothing,Kurta,Biba,229,False,Active,20.0,60.0,40.0
CUST002596,2,6,29538,14769.0,14.0,4.0,2023-01-28,2024-01-29,48,Adult,Female,Lucknow,No,0,2,Clothing,Jacket,Adidas,336,True,Inactive 270+ days,0.0,100.0,0.0
CUST002597,2,4,17393,8696.5,1.0,3.5,2024-02-28,2024-12-25,20,Young Adult,Male,Surat,No,1,1,Accessories,Hoodie,Adidas,5,False,Active,50.0,50.0,50.0
CUST002598,3,3,17760,5920.0,23.0,4.33,2023-11-30,2024-11-28,27,Adult,Female,Hyderabad,No,0,3,Clothing,Jacket,Puma,32,False,Active,0.0,100.0,0.0
CUST002599,1,1,2292,2292.0,4.0,3.0,2023-03-19,2023-03-19,61,Adult,Female,Jaipur,No,1,1,Clothing,Hoodie,Puma,652,True,Inactive 270+ days,100.0,100.0,0.0
CUST002600,3,5,9112,3037.33,6.67,3.67,2023-01-07,2024-10-26,54,Adult,Male,Lucknow,No,0,2,Clothing,Formal Shoes,Bata,65,False,Active,0.0,66.67,33.33
CUST002601,1,2,2770,2770.0,4.0,3.0,2023-04-17,2023-04-17,38,Adult,Female,Kochi,No,0,0,Clothing,Jeans,Max,623,True,Inactive 270+ days,0.0,0.0,100.0
CUST002602,3,4,12571,4190.33,10.0,3.0,2024-02-14,2024-07-25,31,Adult,Female,Mumbai,Yes,1,1,Footwear,Boots,Max,158,False,Active,33.33,33.33,66.67
CUST002603,3,3,21573,7191.0,8.33,4.33,2023-01-04,2024-12-14,59,Adult,Female,Kochi,No,0,3,Footwear,Sneakers,Adidas,16,False,Active,0.0,100.0,0.0
CUST002604,1,4,4878,4878.0,1.0,4.0,2023-04-24,2023-04-24,19,Young Adult,Male,Bangalore,No,0,0,Clothing,Jeans,Levis,616,True,Inactive 270+ days,0.0,0.0,100.0
CUST002605,2,5,8726,4363.0,7.5,3.0,2023-01-01,2023-01-14,47,Adult,Female,Visakhapatnam,No,1,2,Clothing,Shirt,Hush Puppies,716,True,Inactive 270+ days,50.0,100.0,0.0
CUST002606,4,4,33130,8282.5,12.5,3.5,2023-03-01,2024-05-05,51,Adult,Male,Bhubaneswar,No,1,1,Clothing,Running Shoes,HRX,239,False,Active,25.0,25.0,75.0
CUST002607,1,1,7962,7962.0,14.0,3.0,2023-02-27,2023-02-27,38,Adult,Male,Indore,No,1,1,Clothing,Jacket,Adidas,672,True,Inactive 270+ days,100.0,100.0,0.0
CUST002608,3,4,20568,6856.0,22.0,4.0,2023-05-18,2024-10-11,36,Adult,Female,Lucknow,Yes,0,3,Clothing,Boots,Adidas,80,False,Active,0.0,100.0,0.0
CUST002609,1,1,1115,1115.0,2.0,2.0,2023-01-21,2023-01-21,62,Adult,Female,Pune,Yes,0,1,Clothing,Hoodie,HRX,709,True,Inactive 270+ days,0.0,100.0,0.0
CUST002610,1,2,2153,2153.0,11.0,2.0,2024-07-30,2024-07-30,20,Young Adult,Female,Chandigarh,No,1,1,Clothing,Shorts,Allen Solly,153,False,Active,100.0,100.0,0.0
CUST002611,1,2,4726,4726.0,6.0,3.0,2023-08-22,2023-08-22,38,Adult,Male,Lucknow,Yes,0,1,Clothing,Kurta,FabIndia,496,True,Inactive 270+ days,0.0,100.0,0.0
CUST002612,3,4,16589,5529.67,7.33,3.0,2023-10-15,2024-08-21,41,Adult,Male,Jaipur,No,1,3,Clothing,Jacket,Allen Solly,131,False,Active,33.33,100.0,0.0
CUST002613,7,13,43144,6163.43,6.71,3.29,2023-03-06,2024-12-05,59,Adult,Female,Indore,No,2,5,Clothing,Jacket,Nike,25,False,Active,28.57,71.43,28.57
CUST002614,3,6,38968,12989.33,7.33,4.0,2023-02-06,2024-05-19,26,Adult,Male,Bhubaneswar,Yes,0,2,Accessories,Bag,Tommy Hilfiger,225,False,Active,0.0,66.67,33.33
CUST002615,1,1,13960,13960.0,1.0,5.0,2023-01-02,2023-01-02,56,Adult,Female,Chandigarh,No,0,1,Footwear,Sneakers,Adidas,728,True,Inactive 270+ days,0.0,100.0,0.0
CUST002616,6,8,33712,5618.67,15.67,4.0,2023-05-31,2024-11-30,64,Adult,Female,Delhi,No,0,6,Clothing,Boots,Adidas,30,False,Active,0.0,100.0,0.0
CUST002617,1,1,3363,3363.0,7.0,4.0,2024-12-30,2024-12-30,21,Young Adult,Female,Chennai,Yes,0,0,Footwear,Sneakers,Nike,0,False,Active,0.0,0.0,100.0
CUST002618,4,7,43134,10783.5,8.75,3.0,2023-05-29,2023-12-03,28,Adult,Female,Lucknow,No,0,3,Clothing,Sneakers,Adidas,393,True,Inactive 270+ days,0.0,75.0,25.0
CUST002619,2,3,1300,650.0,10.0,3.0,2024-01-15,2024-08-28,30,Adult,Female,Chennai,No,1,1,Footwear,Sandals,Hush Puppies,124,False,Active,50.0,50.0,50.0
CUST002620,4,5,44324,11081.0,4.0,3.25,2023-04-16,2024-07-26,48,Adult,Male,Nagpur,No,0,3,Footwear,Sneakers,Adidas,157,False,Active,0.0,75.0,25.0
CUST002622,5,6,25764,5152.8,5.8,2.8,2023-09-13,2024-05-06,38,Adult,Male,Hyderabad,Yes,2,4,Footwear,Running Shoes,HRX,238,False,Active,40.0,80.0,20.0
CUST002624,1,1,7691,7691.0,26.0,2.0,2023-08-29,2023-08-29,62,Adult,Female,Kochi,Yes,0,0,Footwear,Running Shoes,HRX,489,True,Inactive 270+ days,0.0,0.0,100.0
CUST002625,4,7,28222,7055.5,3.75,3.25,2023-07-26,2024-11-08,44,Adult,Female,Ahmedabad,No,1,4,Footwear,Formal Shoes,Hush Puppies,52,False,Active,25.0,100.0,0.0
CUST002626,4,5,67731,16932.75,3.5,3.75,2023-03-07,2024-05-20,20,Young Adult,Male,Visakhapatnam,No,0,4,Footwear,Running Shoes,Zara,224,False,Active,0.0,100.0,0.0
CUST002627,4,5,40050,10012.5,6.75,3.5,2023-02-24,2024-06-13,39,Adult,Male,Hyderabad,Yes,2,3,Clothing,Hoodie,Adidas,200,False,Active,50.0,75.0,25.0
CUST002628,3,5,15277,5092.33,8.33,3.67,2023-12-11,2024-09-26,26,Adult,Male,Bhubaneswar,No,3,3,Clothing,Hoodie,HRX,95,False,Active,100.0,100.0,0.0
CUST002629,3,4,9598,3199.33,4.67,4.33,2023-12-13,2024-07-12,55,Adult,Male,Patna,No,0,3,Clothing,Jacket,Adidas,171,False,Active,0.0,100.0,0.0
CUST002630,1,1,7227,7227.0,0.0,4.0,2024-01-31,2024-01-31,28,Adult,Female,Noida,No,0,1,Clothing,Hoodie,Nike,334,True,Inactive 270+ days,0.0,100.0,0.0
CUST002631,1,1,5134,5134.0,7.0,2.0,2024-04-03,2024-04-03,18,Young Adult,Male,Chandigarh,Yes,1,1,Footwear,Running Shoes,Puma,271,True,Inactive 270+ days,100.0,100.0,0.0
CUST002632,3,3,31600,10533.33,4.0,4.0,2024-01-06,2024-03-28,25,Young Adult,Male,Jaipur,No,1,1,Footwear,Heels,Max,277,True,Inactive 270+ days,33.33,33.33,66.67
CUST002633,4,5,11213,2803.25,9.25,3.75,2023-02-12,2024-07-25,61,Adult,Female,Patna,No,0,4,Clothing,Jeans,Levis,158,False,Active,0.0,100.0,0.0
CUST002634,3,5,36430,12143.33,8.0,3.33,2023-02-05,2024-09-11,33,Adult,Female,Nagpur,Yes,0,2,Footwear,Heels,Bata,110,False,Active,0.0,66.67,33.33
CUST002635,2,2,12646,6323.0,19.0,4.0,2023-11-28,2024-08-19,62,Adult,Male,Hyderabad,No,0,1,Clothing,Hoodie,FabIndia,133,False,Active,0.0,50.0,50.0
CUST002636,2,3,11306,5653.0,6.5,3.5,2023-12-09,2024-08-24,24,Young Adult,Female,Patna,Yes,1,1,Accessories,Jacket,H&M,128,False,Active,50.0,50.0,50.0
CUST002637,1,1,18400,18400.0,8.0,3.0,2023-03-28,2023-03-28,49,Adult,Male,Chandigarh,Yes,0,0,Footwear,Running Shoes,Puma,643,True,Inactive 270+ days,0.0,0.0,100.0
CUST002638,4,6,46437,11609.25,10.25,3.5,2023-01-17,2024-11-06,56,Adult,Female,Surat,No,0,2,Clothing,Running Shoes,HRX,54,False,Active,0.0,50.0,50.0
CUST002639,2,2,3883,1941.5,10.5,3.5,2023-10-31,2024-11-25,39,Adult,Female,Mumbai,No,1,2,Clothing,Shirt,Allen Solly,35,False,Active,50.0,100.0,0.0
CUST002640,1,1,3412,3412.0,0.0,5.0,2024-02-07,2024-02-07,35,Adult,Male,Delhi,No,0,0,Accessories,Sunglasses,Puma,327,True,Inactive 270+ days,0.0,0.0,100.0
CUST002641,2,4,9825,4912.5,9.5,2.5,2023-07-05,2024-01-31,18,Young Adult,Male,Patna,Yes,0,1,Clothing,Heels,Biba,334,True,Inactive 270+ days,0.0,50.0,50.0
CUST002642,1,4,18636,18636.0,15.0,3.0,2023-04-23,2023-04-23,57,Adult,Male,Patna,Yes,0,1,Footwear,Formal Shoes,Bata,617,True,Inactive 270+ days,0.0,100.0,0.0
CUST002643,5,7,36982,7396.4,8.2,3.8,2023-04-12,2024-03-30,25,Young Adult,Other,Patna,Yes,0,4,Clothing,Kurta,Adidas,275,True,Inactive 270+ days,0.0,80.0,20.0
CUST002644,2,4,7019,3509.5,8.0,3.5,2023-07-05,2024-11-08,33,Adult,Male,Chandigarh,No,0,2,Clothing,Heels,Adidas,52,False,Active,0.0,100.0,0.0
CUST002647,3,3,8605,2868.33,5.67,3.67,2023-05-13,2024-12-09,51,Adult,Female,Hyderabad,No,0,3,Clothing,Hoodie,Adidas,21,False,Active,0.0,100.0,0.0
CUST002648,2,2,7008,3504.0,13.0,3.5,2023-02-21,2024-10-06,18,Young Adult,Male,Pune,No,0,2,Clothing,Hoodie,Max,85,False,Active,0.0,100.0,0.0
CUST002649,1,1,9145,9145.0,13.0,3.0,2023-07-01,2023-07-01,45,Adult,Female,Chandigarh,Yes,0,1,Clothing,Saree,FabIndia,548,True,Inactive 270+ days,0.0,100.0,0.0
CUST002650,1,1,5560,5560.0,9.0,3.0,2023-10-13,2023-10-13,48,Adult,Female,Nagpur,No,0,1,Footwear,Formal Shoes,Hush Puppies,444,True,Inactive 270+ days,0.0,100.0,0.0
CUST002651,6,10,44359,7393.17,8.17,3.5,2023-06-27,2024-12-03,39,Adult,Female,Indore,No,0,6,Accessories,Bag,Fastrack,27,False,Active,0.0,100.0,0.0
CUST002652,2,2,7747,3873.5,4.0,3.5,2023-09-18,2024-03-02,44,Adult,Female,Delhi,Yes,0,1,Clothing,Hoodie,Nike,303,True,Inactive 270+ days,0.0,50.0,50.0
CUST002653,2,3,5972,2986.0,10.0,3.5,2023-09-19,2024-12-22,18,Young Adult,Male,Pune,Yes,0,2,Clothing,Kurta,Biba,8,False,Active,0.0,100.0,0.0
CUST002654,1,1,997,997.0,12.0,4.0,2023-11-13,2023-11-13,44,Adult,Female,Lucknow,No,0,0,Clothing,Kurta,Max,413,True,Inactive 270+ days,0.0,0.0,100.0
CUST002655,2,2,3107,1553.5,17.5,4.0,2024-10-19,2024-11-29,59,Adult,Male,Lucknow,Yes,1,1,Footwear,Slippers,Hush Puppies,31,False,Active,50.0,50.0,50.0
CUST002656,3,3,8350,2783.33,9.0,4.0,2024-04-22,2024-07-25,32,Adult,Female,Kochi,No,0,3,Clothing,Bag,Adidas,158,False,Active,0.0,100.0,0.0
CUST002658,5,8,29333,5866.6,10.8,4.0,2023-06-23,2024-12-26,54,Adult,Male,Jaipur,Yes,2,2,Accessories,Backpack,Nike,4,False,Active,40.0,40.0,60.0
CUST002659,2,2,4861,2430.5,10.5,4.5,2024-02-16,2024-08-24,46,Adult,Female,Surat,Yes,0,2,Accessories,Backpack,Levis,128,False,Active,0.0,100.0,0.0
CUST002660,4,4,19041,4760.25,9.0,3.0,2023-03-28,2024-06-18,34,Adult,Male,Bhubaneswar,No,0,4,Footwear,Bag,Adidas,195,False,Active,0.0,100.0,0.0
CUST002661,1,1,3555,3555.0,1.0,5.0,2024-09-19,2024-09-19,41,Adult,Male,Pune,No,0,1,Clothing,Jacket,Nike,102,False,Active,0.0,100.0,0.0
CUST002662,5,8,69998,13999.6,8.0,3.6,2023-01-22,2024-12-12,36,Adult,Female,Bangalore,No,0,5,Footwear,Running Shoes,Puma,18,False,Active,0.0,100.0,0.0
CUST002663,3,5,22545,7515.0,5.0,4.33,2023-10-03,2024-07-04,39,Adult,Female,Lucknow,No,0,2,Clothing,Jacket,Levis,179,False,Active,0.0,66.67,33.33
CUST002664,4,6,9780,2445.0,6.25,3.75,2023-02-12,2024-06-01,62,Adult,Female,Ahmedabad,No,1,4,Clothing,Cap,Adidas,212,False,Active,25.0,100.0,0.0
CUST002665,4,8,39937,9984.25,9.25,3.5,2023-02-06,2024-06-26,58,Adult,Male,Pune,No,0,3,Clothing,Hoodie,Adidas,187,False,Active,0.0,75.0,25.0
CUST002666,3,8,11317,3772.33,5.0,3.33,2023-05-27,2024-12-04,22,Young Adult,Female,Delhi,No,0,3,Accessories,Jacket,Fastrack,26,False,Active,0.0,100.0,0.0
CUST002667,5,9,26464,5292.8,7.8,3.4,2023-10-19,2024-12-21,27,Adult,Male,Pune,Yes,0,3,Clothing,Saree,Max,9,False,Active,0.0,60.0,40.0
CUST002668,2,2,10756,5378.0,7.5,3.0,2023-09-13,2024-09-06,18,Young Adult,Male,Ahmedabad,No,1,1,Accessories,Backpack,Max,115,False,Active,50.0,50.0,50.0
CUST002669,3,3,10845,3615.0,13.33,2.67,2023-01-12,2023-09-14,29,Adult,Female,Lucknow,No,1,2,Footwear,Heels,HRX,473,True,Inactive 270+ days,33.33,66.67,33.33
CUST002670,2,2,23541,11770.5,8.5,2.5,2024-02-08,2024-05-21,63,Adult,Male,Kochi,No,1,2,Footwear,Slippers,Max,223,False,Active,50.0,100.0,0.0
CUST002671,3,4,9561,3187.0,8.67,3.0,2023-04-13,2024-02-28,21,Young Adult,Female,Visakhapatnam,No,1,3,Accessories,Bag,Max,306,True,Inactive 270+ days,33.33,100.0,0.0
CUST002672,3,3,5054,1684.67,9.33,3.33,2023-03-04,2024-02-06,37,Adult,Female,Kolkata,No,1,2,Accessories,Backpack,Fastrack,328,True,Inactive 270+ days,33.33,66.67,33.33
CUST002673,4,6,17409,4352.25,16.0,3.0,2023-02-05,2024-11-20,18,Young Adult,Female,Lucknow,No,1,4,Clothing,Backpack,HRX,40,False,Active,25.0,100.0,0.0
CUST002674,6,6,23235,3872.5,9.83,4.33,2023-04-21,2024-07-21,54,Adult,Male,Bhubaneswar,Yes,0,5,Clothing,Hoodie,Adidas,162,False,Active,0.0,83.33,16.67
CUST002675,5,7,60763,12152.6,5.4,3.4,2023-06-18,2024-11-08,34,Adult,Female,Hyderabad,No,1,5,Clothing,Hoodie,Adidas,52,False,Active,20.0,100.0,0.0
CUST002676,1,3,9925,9925.0,2.0,3.0,2023-01-19,2023-01-19,20,Young Adult,Male,Surat,Yes,0,1,Clothing,Trousers,Zara,711,True,Inactive 270+ days,0.0,100.0,0.0
CUST002677,2,2,12893,6446.5,8.0,4.5,2023-01-14,2023-05-18,54,Adult,Male,Patna,Yes,1,2,Footwear,Formal Shoes,Adidas,592,True,Inactive 270+ days,50.0,100.0,0.0
CUST002678,3,4,35793,11931.0,8.33,4.0,2023-12-02,2024-12-01,45,Adult,Male,Mumbai,No,0,3,Footwear,Running Shoes,Adidas,29,False,Active,0.0,100.0,0.0
CUST002679,3,5,16360,5453.33,12.0,3.0,2023-01-10,2023-12-09,56,Adult,Male,Delhi,Yes,0,3,Footwear,Formal Shoes,Adidas,387,True,Inactive 270+ days,0.0,100.0,0.0
CUST002680,3,4,23266,7755.33,8.33,3.67,2023-01-24,2024-02-24,40,Adult,Male,Bangalore,Yes,0,2,Accessories,Belt,Biba,310,True,Inactive 270+ days,0.0,66.67,33.33
CUST002681,1,1,579,579.0,1.0,4.0,2023-05-15,2023-05-15,20,Young Adult,Male,Delhi,No,0,1,Accessories,Belt,Fastrack,595,True,Inactive 270+ days,0.0,100.0,0.0
CUST002682,4,6,24405,6101.25,10.5,3.5,2023-09-11,2024-11-07,59,Adult,Male,Kolkata,No,1,4,Clothing,Dress,Biba,53,False,Active,25.0,100.0,0.0
CUST002683,7,11,53225,7603.57,9.29,3.43,2023-04-13,2024-10-15,55,Adult,Female,Noida,No,3,7,Footwear,Sandals,Adidas,76,False,Active,42.86,100.0,0.0
CUST002684,3,3,11578,3859.33,13.0,4.0,2023-04-26,2024-09-29,32,Adult,Female,Indore,No,1,1,Clothing,Jacket,Hush Puppies,92,False,Active,33.33,33.33,66.67
CUST002685,3,7,53554,17851.33,8.67,2.67,2023-05-16,2023-11-23,52,Adult,Female,Bangalore,No,0,2,Accessories,Backpack,Adidas,403,True,Inactive 270+ days,0.0,66.67,33.33
CUST002686,4,7,21460,5365.0,4.25,3.25,2023-01-17,2024-09-01,46,Adult,Female,Surat,No,1,4,Accessories,Bag,Biba,120,False,Active,25.0,100.0,0.0
CUST002687,4,6,46993,11748.25,4.75,3.5,2023-10-13,2024-02-29,27,Adult,Male,Bhubaneswar,No,1,4,Footwear,Running Shoes,Adidas,305,True,Inactive 270+ days,25.0,100.0,0.0
CUST002688,2,2,4703,2351.5,12.0,4.5,2023-04-22,2023-09-02,18,Young Adult,Other,Gurgaon,No,0,2,Clothing,Heels,Adidas,485,True,Inactive 270+ days,0.0,100.0,0.0
CUST002689,3,5,41268,13756.0,10.0,4.0,2023-12-21,2024-11-23,64,Adult,Female,Patna,No,1,2,Clothing,Hoodie,Adidas,37,False,Active,33.33,66.67,33.33
CUST002690,4,8,22926,5731.5,10.75,3.25,2023-02-13,2023-08-12,58,Adult,Female,Indore,Yes,1,2,Clothing,Shorts,H&M,506,True,Inactive 270+ days,25.0,50.0,50.0
CUST002691,4,6,9794,2448.5,10.0,2.5,2023-05-08,2024-10-24,55,Adult,Male,Gurgaon,Yes,1,3,Clothing,Formal Shoes,Bata,67,False,Active,25.0,75.0,25.0
CUST002692,2,2,5309,2654.5,5.0,3.5,2023-02-25,2024-06-05,56,Adult,Female,Visakhapatnam,No,0,2,Accessories,Cap,Wildcraft,208,False,Active,0.0,100.0,0.0
CUST002693,2,2,7644,3822.0,23.0,4.0,2024-01-27,2024-12-30,40,Adult,Male,Nagpur,No,1,2,Clothing,Jacket,FabIndia,0,False,Active,50.0,100.0,0.0
CUST002694,2,3,8284,4142.0,15.0,4.0,2023-04-24,2024-10-01,18,Young Adult,Male,Chandigarh,Yes,1,1,Clothing,Jacket,Nike,90,False,Active,50.0,50.0,50.0
CUST002695,1,1,569,569.0,6.0,3.0,2024-11-15,2024-11-15,34,Adult,Other,Gurgaon,Yes,0,1,Footwear,Slippers,Bata,45,False,Active,0.0,100.0,0.0
CUST002696,4,4,22606,5651.5,5.75,3.25,2023-03-14,2024-10-09,51,Adult,Male,Bhubaneswar,No,1,4,Footwear,Running Shoes,Adidas,82,False,Active,25.0,100.0,0.0
CUST002697,3,4,20650,6883.33,7.33,3.33,2024-03-21,2024-08-06,61,Adult,Female,Gurgaon,No,0,2,Accessories,Sneakers,Puma,146,False,Active,0.0,66.67,33.33
CUST002698,4,7,18888,4722.0,3.0,3.75,2023-02-18,2024-09-25,42,Adult,Male,Bangalore,Yes,2,3,Clothing,Dress,Levis,96,False,Active,50.0,75.0,25.0
CUST002699,3,6,20040,6680.0,5.67,3.67,2023-08-12,2024-06-05,18,Young Adult,Male,Nagpur,Yes,0,3,Clothing,Hoodie,Adidas,208,False,Active,0.0,100.0,0.0
CUST002700,2,2,3774,1887.0,4.5,4.5,2023-12-06,2024-04-03,23,Young Adult,Female,Ahmedabad,Yes,0,0,Clothing,Kurta,FabIndia,271,True,Inactive 270+ days,0.0,0.0,100.0
CUST002701,1,1,868,868.0,8.0,2.0,2023-07-09,2023-07-09,62,Adult,Male,Nagpur,No,0,0,Clothing,Dress,Max,540,True,Inactive 270+ days,0.0,0.0,100.0
CUST002702,1,2,2751,2751.0,0.0,4.0,2023-11-16,2023-11-16,37,Adult,Male,Lucknow,No,1,1,Clothing,Kurta,Max,410,True,Inactive 270+ days,100.0,100.0,0.0
CUST002703,3,4,4415,1471.67,7.0,2.0,2023-01-27,2023-09-02,36,Adult,Male,Kochi,No,1,3,Footwear,Belt,Fastrack,485,True,Inactive 270+ days,33.33,100.0,0.0
CUST002704,3,6,17258,5752.67,14.0,4.0,2023-04-10,2023-08-04,59,Adult,Male,Jaipur,Yes,0,3,Clothing,Hoodie,Allen Solly,514,True,Inactive 270+ days,0.0,100.0,0.0
CUST002705,3,7,8412,2804.0,4.67,3.33,2023-04-22,2024-11-16,63,Adult,Male,Ahmedabad,No,0,3,Clothing,Sandals,Bata,44,False,Active,0.0,100.0,0.0
CUST002706,7,8,63799,9114.14,5.86,3.29,2023-04-07,2024-12-22,56,Adult,Male,Hyderabad,Yes,1,6,Footwear,Heels,Biba,8,False,Active,14.29,85.71,14.29
CUST002708,1,1,4195,4195.0,3.0,4.0,2024-09-18,2024-09-18,52,Adult,Female,Gurgaon,No,0,0,Clothing,Shirt,Zara,103,False,Active,0.0,0.0,100.0
CUST002709,2,2,18620,9310.0,4.5,3.5,2023-02-17,2024-07-22,53,Adult,Female,Chandigarh,No,0,1,Clothing,Saree,FabIndia,161,False,Active,0.0,50.0,50.0
CUST002710,2,2,2542,1271.0,4.5,4.0,2024-04-26,2024-12-02,39,Adult,Male,Noida,No,1,2,Footwear,Boots,Bata,28,False,Active,50.0,100.0,0.0
CUST002711,2,2,12486,6243.0,9.5,3.5,2023-04-08,2024-08-01,28,Adult,Female,Noida,No,0,2,Clothing,Boots,Adidas,151,False,Active,0.0,100.0,0.0
CUST002712,5,6,22712,4542.4,7.8,3.8,2023-01-10,2024-01-29,33,Adult,Male,Delhi,No,2,5,Clothing,Shorts,Allen Solly,336,True,Inactive 270+ days,40.0,100.0,0.0
CUST002714,3,5,22096,7365.33,9.33,3.33,2023-09-16,2024-07-13,47,Adult,Male,Kochi,No,1,2,Clothing,Heels,Max,170,False,Active,33.33,66.67,33.33
CUST002715,1,3,5377,5377.0,8.0,3.0,2023-06-04,2023-06-04,54,Adult,Female,Hyderabad,Yes,0,1,Accessories,Belt,Tommy Hilfiger,575,True,Inactive 270+ days,0.0,100.0,0.0
CUST002716,4,6,24760,6190.0,10.25,3.25,2023-11-11,2024-10-16,49,Adult,Male,Chandigarh,No,0,3,Clothing,Dress,Adidas,75,False,Active,0.0,75.0,25.0
CUST002718,2,4,7275,3637.5,1.5,3.5,2023-04-03,2024-05-20,40,Adult,Male,Chennai,No,0,1,Accessories,Belt,Max,224,False,Active,0.0,50.0,50.0
CUST002719,2,4,8768,4384.0,5.5,2.5,2024-03-02,2024-11-27,25,Young Adult,Female,Indore,No,0,2,Clothing,Running Shoes,Puma,33,False,Active,0.0,100.0,0.0
CUST002720,4,9,32714,8178.5,10.75,4.0,2023-01-16,2024-03-04,29,Adult,Female,Kolkata,No,0,1,Clothing,Jeans,Biba,301,True,Inactive 270+ days,0.0,25.0,75.0
CUST002721,6,7,15799,2633.17,12.0,3.0,2023-02-16,2024-11-02,49,Adult,Female,Chandigarh,No,3,3,Clothing,Dress,FabIndia,58,False,Active,50.0,50.0,50.0
CUST002722,1,1,2636,2636.0,3.0,4.0,2024-09-09,2024-09-09,63,Adult,Male,Lucknow,No,0,1,Clothing,Kurta,FabIndia,112,False,Active,0.0,100.0,0.0
CUST002724,2,2,2375,1187.5,7.5,3.5,2023-12-26,2024-06-18,36,Adult,Female,Lucknow,No,1,1,Clothing,Hoodie,HRX,195,False,Active,50.0,50.0,50.0
CUST002725,4,5,50594,12648.5,9.75,3.25,2023-07-31,2024-08-14,21,Young Adult,Male,Noida,No,0,2,Clothing,Bag,Adidas,138,False,Active,0.0,50.0,50.0
CUST002726,3,5,7459,2486.33,14.33,3.33,2023-05-16,2024-04-18,58,Adult,Male,Jaipur,No,1,3,Accessories,Cap,FabIndia,256,False,Active,33.33,100.0,0.0
CUST002727,4,5,16226,4056.5,8.5,3.75,2023-01-21,2024-07-22,58,Adult,Male,Kochi,No,0,3,Clothing,Backpack,Adidas,161,False,Active,0.0,75.0,25.0
CUST002728,3,6,17799,5933.0,15.33,3.33,2023-05-15,2024-07-14,34,Adult,Female,Patna,No,0,2,Clothing,Backpack,FabIndia,169,False,Active,0.0,66.67,33.33
CUST002729,6,11,62023,10337.17,6.5,3.83,2023-02-05,2024-10-23,44,Adult,Male,Noida,No,2,3,Clothing,Saree,Zara,68,False,Active,33.33,50.0,50.0
CUST002730,1,1,7873,7873.0,3.0,3.0,2023-07-12,2023-07-12,31,Adult,Male,Noida,No,0,0,Clothing,Jacket,Puma,537,True,Inactive 270+ days,0.0,0.0,100.0
CUST002731,2,2,14394,7197.0,2.0,3.0,2023-08-29,2023-12-30,19,Young Adult,Female,Delhi,No,0,2,Clothing,Saree,FabIndia,366,True,Inactive 270+ days,0.0,100.0,0.0
CUST002732,2,2,17333,8666.5,7.0,4.0,2023-06-24,2024-12-29,46,Adult,Female,Kochi,Yes,0,2,Clothing,Boots,Hush Puppies,1,False,Active,0.0,100.0,0.0
CUST002733,4,5,22350,5587.5,7.25,3.25,2023-05-06,2024-07-15,26,Adult,Male,Jaipur,No,1,4,Footwear,Hoodie,HRX,168,False,Active,25.0,100.0,0.0
CUST002734,1,2,5539,5539.0,14.0,4.0,2024-08-15,2024-08-15,33,Adult,Male,Gurgaon,Yes,0,1,Clothing,Kurta,FabIndia,137,False,Active,0.0,100.0,0.0
CUST002735,4,5,11119,2779.75,7.5,4.0,2023-05-20,2024-10-29,48,Adult,Male,Indore,No,1,4,Footwear,Belt,HRX,62,False,Active,25.0,100.0,0.0
CUST002736,3,6,17841,5947.0,8.0,4.0,2024-02-08,2024-08-06,61,Adult,Male,Ahmedabad,Yes,0,3,Clothing,Jacket,Adidas,146,False,Active,0.0,100.0,0.0
CUST002737,1,1,1217,1217.0,1.0,2.0,2023-03-03,2023-03-03,30,Adult,Female,Surat,Yes,1,0,Clothing,Dress,Roadster,668,True,Inactive 270+ days,100.0,0.0,100.0
CUST002738,1,2,4451,4451.0,7.0,3.0,2023-07-08,2023-07-08,51,Adult,Male,Hyderabad,Yes,0,0,Clothing,Hoodie,HRX,541,True,Inactive 270+ days,0.0,0.0,100.0
CUST002739,1,1,4256,4256.0,6.0,5.0,2024-05-12,2024-05-12,28,Adult,Male,Chennai,No,0,0,Clothing,Hoodie,Puma,232,False,Active,0.0,0.0,100.0
CUST002740,3,5,40044,13348.0,17.33,3.67,2023-01-19,2023-10-27,51,Adult,Female,Visakhapatnam,No,0,1,Clothing,Hoodie,Biba,430,True,Inactive 270+ days,0.0,33.33,66.67
CUST002741,1,1,9470,9470.0,7.0,3.0,2023-09-07,2023-09-07,45,Adult,Female,Bangalore,Yes,0,0,Clothing,Saree,FabIndia,480,True,Inactive 270+ days,0.0,0.0,100.0
CUST002742,3,4,39787,13262.33,7.67,3.67,2023-02-18,2024-11-29,44,Adult,Female,Bangalore,Yes,2,3,Footwear,Boots,Bata,31,False,Active,66.67,100.0,0.0
CUST002743,1,1,5170,5170.0,14.0,3.0,2024-10-31,2024-10-31,51,Adult,Female,Surat,No,0,1,Clothing,Saree,Biba,60,False,Active,0.0,100.0,0.0
CUST002744,4,4,23406,5851.5,5.25,2.75,2024-02-24,2024-12-22,30,Adult,Female,Kolkata,Yes,0,3,Clothing,Dress,FabIndia,8,False,Active,0.0,75.0,25.0
CUST002745,2,3,7708,3854.0,12.5,2.5,2024-10-08,2024-11-08,36,Adult,Female,Kochi,No,1,2,Clothing,Hoodie,Max,52,False,Active,50.0,100.0,0.0
CUST002746,3,6,25969,8656.33,3.67,3.67,2023-12-23,2024-07-14,57,Adult,Male,Lucknow,Yes,0,2,Accessories,Backpack,Adidas,169,False,Active,0.0,66.67,33.33
CUST002747,4,5,11197,2799.25,15.0,3.0,2023-01-11,2023-09-27,21,Young Adult,Male,Pune,No,0,2,Clothing,Cap,FabIndia,460,True,Inactive 270+ days,0.0,50.0,50.0
CUST002748,2,3,8970,4485.0,3.0,3.5,2023-02-26,2023-10-07,24,Young Adult,Female,Nagpur,No,0,2,Clothing,Jacket,Biba,450,True,Inactive 270+ days,0.0,100.0,0.0
CUST002749,5,8,20382,4076.4,10.8,3.2,2023-03-18,2024-06-04,26,Adult,Female,Indore,No,0,4,Accessories,Heels,Bata,209,False,Active,0.0,80.0,20.0
CUST002750,6,6,17753,2958.83,14.67,3.0,2023-01-05,2024-11-14,25,Young Adult,Male,Nagpur,No,0,3,Clothing,Belt,Adidas,46,False,Active,0.0,50.0,50.0
CUST002751,7,9,24124,3446.29,7.57,3.14,2023-02-23,2024-10-23,44,Adult,Male,Noida,No,3,7,Clothing,Kurta,Max,68,False,Active,42.86,100.0,0.0
CUST002752,3,3,15985,5328.33,9.0,3.33,2023-08-29,2024-09-06,63,Adult,Male,Bhubaneswar,No,0,2,Accessories,Backpack,HRX,115,False,Active,0.0,66.67,33.33
CUST002753,3,3,6499,2166.33,8.0,3.67,2024-04-03,2024-09-22,22,Young Adult,Male,Jaipur,Yes,1,3,Clothing,Jacket,HRX,99,False,Active,33.33,100.0,0.0
CUST002754,2,2,7822,3911.0,7.0,5.0,2024-07-21,2024-07-22,26,Adult,Other,Jaipur,No,0,1,Footwear,Heels,Hush Puppies,161,False,Active,0.0,50.0,50.0
CUST002755,1,1,3009,3009.0,10.0,5.0,2024-09-19,2024-09-19,50,Adult,Female,Nagpur,No,0,1,Clothing,Kurta,FabIndia,102,False,Active,0.0,100.0,0.0
CUST002756,2,3,8788,4394.0,6.5,4.0,2024-10-08,2024-10-17,26,Adult,Female,Noida,No,0,2,Clothing,Shorts,Puma,74,False,Active,0.0,100.0,0.0
CUST002757,7,7,20257,2893.86,7.0,3.43,2023-05-03,2024-06-15,24,Young Adult,Female,Chennai,No,1,5,Clothing,T-shirt,HRX,198,False,Active,14.29,71.43,28.57
CUST002758,3,5,23571,7857.0,11.33,3.0,2024-01-19,2024-12-23,59,Adult,Female,Pune,No,2,2,Clothing,Shorts,Allen Solly,7,False,Active,66.67,66.67,33.33
CUST002760,4,4,19018,4754.5,2.0,3.75,2023-08-14,2024-09-16,55,Adult,Male,Bhubaneswar,Yes,0,3,Clothing,Jacket,Bata,105,False,Active,0.0,75.0,25.0
CUST002762,2,4,43356,21678.0,11.0,4.5,2024-05-19,2024-11-19,25,Young Adult,Female,Kolkata,No,0,2,Footwear,Heels,Nike,41,False,Active,0.0,100.0,0.0
CUST002763,4,9,17628,4407.0,4.75,3.5,2023-05-23,2024-04-03,48,Adult,Female,Pune,Yes,1,3,Clothing,Cap,Max,271,True,Inactive 270+ days,25.0,75.0,25.0
CUST002764,3,3,3650,1216.67,8.33,3.33,2023-04-22,2024-08-06,55,Adult,Female,Nagpur,No,0,2,Footwear,Sandals,Adidas,146,False,Active,0.0,66.67,33.33
CUST002765,4,5,21378,5344.5,5.5,3.5,2023-03-17,2024-07-11,30,Adult,Male,Chandigarh,No,0,3,Accessories,Backpack,Max,172,False,Active,0.0,75.0,25.0
CUST002766,1,1,7689,7689.0,14.0,5.0,2024-11-08,2024-11-08,47,Adult,Female,Bangalore,No,1,0,Clothing,Hoodie,Nike,52,False,Active,100.0,0.0,100.0
CUST002767,5,7,24000,4800.0,14.0,3.0,2023-05-30,2024-10-09,56,Adult,Female,Ahmedabad,No,1,4,Clothing,T-shirt,Zara,82,False,Active,20.0,80.0,20.0
CUST002768,6,9,40175,6695.83,9.17,3.5,2023-01-13,2024-12-23,63,Adult,Male,Chandigarh,Yes,1,5,Footwear,Boots,Adidas,7,False,Active,16.67,83.33,16.67
CUST002769,2,2,6654,3327.0,8.5,4.0,2023-07-15,2024-04-12,55,Adult,Male,Nagpur,No,0,1,Clothing,Kurta,FabIndia,262,False,Active,0.0,50.0,50.0
CUST002770,4,4,5988,1497.0,9.75,2.75,2023-03-04,2024-11-21,37,Adult,Male,Kochi,No,2,2,Clothing,Backpack,Max,39,False,Active,50.0,50.0,50.0
CUST002772,4,5,30274,7568.5,3.75,4.0,2023-03-05,2024-12-28,23,Young Adult,Male,Chennai,Yes,1,3,Clothing,Jacket,Adidas,2,False,Active,25.0,75.0,25.0
CUST002773,3,5,22781,7593.67,4.33,4.0,2023-07-20,2024-12-07,50,Adult,Female,Pune,No,0,3,Clothing,Cap,FabIndia,23,False,Active,0.0,100.0,0.0
CUST002774,2,3,14559,7279.5,6.5,4.5,2023-03-20,2024-08-24,51,Adult,Female,Gurgaon,No,0,2,Clothing,Running Shoes,Adidas,128,False,Active,0.0,100.0,0.0
CUST002775,3,4,23679,7893.0,9.0,3.67,2023-08-16,2024-10-25,54,Adult,Male,Jaipur,No,1,3,Accessories,Sneakers,Fastrack,66,False,Active,33.33,100.0,0.0
CUST002776,3,5,10569,3523.0,18.33,2.67,2023-12-21,2024-09-28,18,Young Adult,Female,Noida,Yes,1,3,Clothing,Jeans,Allen Solly,93,False,Active,33.33,100.0,0.0
CUST002777,1,2,19949,19949.0,11.0,4.0,2024-01-30,2024-01-30,58,Adult,Male,Kolkata,No,1,0,Clothing,Saree,Biba,335,True,Inactive 270+ days,100.0,0.0,100.0
CUST002778,6,8,18216,3036.0,6.67,3.17,2023-01-31,2024-11-04,26,Adult,Male,Chennai,No,1,4,Clothing,Kurta,Max,56,False,Active,16.67,66.67,33.33
CUST002779,3,4,29601,9867.0,6.67,3.0,2023-06-03,2024-06-11,59,Adult,Male,Lucknow,No,2,2,Footwear,Heels,Adidas,202,False,Active,66.67,66.67,33.33
CUST002780,1,1,4933,4933.0,12.0,3.0,2024-08-14,2024-08-14,26,Adult,Male,Kolkata,Yes,0,1,Clothing,Dress,Allen Solly,138,False,Active,0.0,100.0,0.0
CUST002781,4,7,16372,4093.0,8.25,3.75,2023-03-21,2024-11-16,60,Adult,Female,Indore,Yes,0,1,Clothing,Hoodie,Adidas,44,False,Active,0.0,25.0,75.0
CUST002782,1,3,35850,35850.0,3.0,4.0,2023-06-18,2023-06-18,54,Adult,Female,Jaipur,No,0,0,Footwear,Boots,Zara,561,True,Inactive 270+ days,0.0,0.0,100.0
CUST002783,1,1,2958,2958.0,11.0,4.0,2023-07-11,2023-07-11,36,Adult,Female,Lucknow,No,0,1,Accessories,Backpack,Wildcraft,538,True,Inactive 270+ days,0.0,100.0,0.0
CUST002784,1,2,5999,5999.0,6.0,3.0,2024-02-18,2024-02-18,46,Adult,Female,Visakhapatnam,No,0,0,Footwear,Formal Shoes,Max,316,True,Inactive 270+ days,0.0,0.0,100.0
CUST002785,4,7,28386,7096.5,9.0,3.25,2023-05-17,2024-09-06,35,Adult,Other,Visakhapatnam,No,0,2,Clothing,Boots,Hush Puppies,115,False,Active,0.0,50.0,50.0
CUST002786,3,5,5670,1890.0,5.33,3.33,2023-12-15,2024-06-07,40,Adult,Female,Kochi,Yes,1,2,Clothing,Kurta,Levis,206,False,Active,33.33,66.67,33.33
CUST002787,1,2,8184,8184.0,3.0,4.0,2024-08-20,2024-08-20,21,Young Adult,Male,Kolkata,No,0,1,Footwear,Sneakers,Adidas,132,False,Active,0.0,100.0,0.0
CUST002788,1,1,3665,3665.0,4.0,4.0,2024-04-25,2024-04-25,31,Adult,Male,Chandigarh,No,0,1,Accessories,Sunglasses,Puma,249,False,Active,0.0,100.0,0.0
CUST002789,3,3,14185,4728.33,4.33,3.33,2023-06-11,2024-12-28,52,Adult,Female,Ahmedabad,No,1,2,Clothing,Dress,Adidas,2,False,Active,33.33,66.67,33.33
CUST002790,3,4,5703,1901.0,6.67,3.67,2023-04-07,2024-03-04,22,Young Adult,Female,Bangalore,No,0,3,Clothing,Cap,Puma,301,True,Inactive 270+ days,0.0,100.0,0.0
CUST002791,1,1,3667,3667.0,10.0,5.0,2023-12-16,2023-12-16,63,Adult,Female,Jaipur,Yes,0,1,Clothing,Kurta,FabIndia,380,True,Inactive 270+ days,0.0,100.0,0.0
CUST002792,1,2,9440,9440.0,9.0,4.0,2024-10-06,2024-10-06,37,Adult,Female,Chandigarh,Yes,0,1,Clothing,Kurta,FabIndia,85,False,Active,0.0,100.0,0.0
CUST002793,4,5,32832,8208.0,11.25,4.0,2023-01-19,2024-06-21,57,Adult,Female,Surat,No,0,3,Clothing,Bag,Nike,192,False,Active,0.0,75.0,25.0
CUST002794,5,9,18040,3608.0,6.2,3.6,2023-03-09,2024-05-09,33,Adult,Male,Mumbai,No,2,4,Clothing,Kurta,FabIndia,235,False,Active,40.0,80.0,20.0
CUST002795,7,13,32948,4706.86,12.86,3.57,2023-09-04,2024-12-26,27,Adult,Female,Mumbai,Yes,1,5,Clothing,Kurta,Allen Solly,4,False,Active,14.29,71.43,28.57
CUST002796,3,3,34591,11530.33,11.67,3.67,2023-04-25,2024-08-26,54,Adult,Male,Chennai,Yes,1,3,Footwear,Boots,Adidas,126,False,Active,33.33,100.0,0.0
CUST002797,2,3,22618,11309.0,10.0,5.0,2023-04-25,2023-04-29,41,Adult,Female,Jaipur,Yes,0,1,Clothing,Sneakers,Nike,611,True,Inactive 270+ days,0.0,50.0,50.0
CUST002798,1,1,2742,2742.0,14.0,3.0,2023-02-18,2023-02-18,27,Adult,Male,Surat,No,0,1,Clothing,Jacket,HRX,681,True,Inactive 270+ days,0.0,100.0,0.0
CUST002799,2,3,26398,13199.0,10.5,3.0,2024-04-27,2024-12-13,21,Young Adult,Female,Noida,No,1,2,Clothing,Saree,FabIndia,17,False,Active,50.0,100.0,0.0
CUST002800,1,1,2450,2450.0,5.0,3.0,2024-09-15,2024-09-15,22,Young Adult,Female,Delhi,No,0,1,Clothing,Saree,Max,106,False,Active,0.0,100.0,0.0
CUST002801,3,3,25124,8374.67,5.0,3.67,2023-01-10,2024-09-30,44,Adult,Male,Kochi,No,0,2,Footwear,Boots,Bata,91,False,Active,0.0,66.67,33.33
CUST002802,2,3,6572,3286.0,4.5,4.0,2023-05-02,2023-11-26,24,Young Adult,Male,Ahmedabad,Yes,0,2,Clothing,Kurta,FabIndia,400,True,Inactive 270+ days,0.0,100.0,0.0
CUST002803,8,12,48277,6034.62,9.62,3.38,2023-03-27,2024-12-30,32,Adult,Other,Kolkata,No,1,4,Clothing,Saree,Puma,0,False,Active,12.5,50.0,50.0
CUST002804,2,3,14265,7132.5,5.0,4.0,2023-11-30,2024-08-20,47,Adult,Male,Gurgaon,Yes,0,2,Clothing,Hoodie,Adidas,132,False,Active,0.0,100.0,0.0
CUST002805,1,1,18816,18816.0,3.0,4.0,2024-05-20,2024-05-20,18,Young Adult,Female,Hyderabad,Yes,0,1,Footwear,Sneakers,Puma,224,False,Active,0.0,100.0,0.0
CUST002806,2,2,11510,5755.0,10.5,3.0,2023-07-24,2024-11-28,64,Adult,Female,Gurgaon,No,0,1,Clothing,Kurta,Max,32,False,Active,0.0,50.0,50.0
CUST002807,3,4,23317,7772.33,7.0,4.0,2023-04-20,2024-07-24,30,Adult,Female,Lucknow,Yes,2,2,Clothing,Dress,H&M,159,False,Active,66.67,66.67,33.33
CUST002808,3,6,24151,8050.33,2.33,3.67,2023-03-25,2024-02-14,18,Young Adult,Female,Indore,No,0,3,Footwear,Heels,Bata,320,True,Inactive 270+ days,0.0,100.0,0.0
CUST002809,1,1,2092,2092.0,8.0,4.0,2023-11-20,2023-11-20,31,Adult,Male,Surat,No,0,1,Accessories,Bag,Tommy Hilfiger,406,True,Inactive 270+ days,0.0,100.0,0.0
CUST002810,4,6,24161,6040.25,14.25,3.75,2023-10-22,2024-12-05,46,Adult,Male,Kochi,Yes,1,3,Clothing,Jacket,Allen Solly,25,False,Active,25.0,75.0,25.0
CUST002811,2,3,49782,24891.0,7.5,4.0,2023-05-09,2023-06-26,19,Young Adult,Female,Indore,No,2,2,Clothing,Jacket,Adidas,553,True,Inactive 270+ days,100.0,100.0,0.0
CUST002812,1,2,18444,18444.0,3.0,3.0,2024-10-01,2024-10-01,48,Adult,Female,Chennai,No,0,1,Clothing,Jacket,Nike,90,False,Active,0.0,100.0,0.0
CUST002814,6,11,114995,19165.83,6.17,3.33,2023-10-05,2024-06-14,24,Young Adult,Female,Ahmedabad,No,1,5,Clothing,Belt,Max,199,False,Active,16.67,83.33,16.67
CUST002815,7,7,8123,1160.43,6.43,2.86,2023-01-20,2024-02-03,31,Adult,Female,Indore,No,2,4,Clothing,Slippers,Max,331,True,Inactive 270+ days,28.57,57.14,42.86
CUST002816,2,5,57403,28701.5,11.0,3.5,2023-06-15,2023-07-30,27,Adult,Male,Lucknow,No,1,2,Clothing,Kurta,FabIndia,519,True,Inactive 270+ days,50.0,100.0,0.0
CUST002817,4,6,41819,10454.75,7.0,3.75,2023-05-05,2024-07-29,56,Adult,Female,Gurgaon,No,0,2,Accessories,Running Shoes,Puma,154,False,Active,0.0,50.0,50.0
CUST002819,5,8,15800,3160.0,10.4,3.4,2023-07-09,2024-04-30,52,Adult,Female,Delhi,Yes,0,5,Clothing,Kurta,Max,244,False,Active,0.0,100.0,0.0
CUST002820,3,4,21147,7049.0,3.33,3.33,2023-01-19,2024-06-11,35,Adult,Female,Hyderabad,No,1,2,Footwear,Formal Shoes,Bata,202,False,Active,33.33,66.67,33.33
CUST002822,2,3,8952,4476.0,12.0,4.0,2023-03-31,2024-01-10,52,Adult,Female,Gurgaon,Yes,0,1,Clothing,Kurta,FabIndia,355,True,Inactive 270+ days,0.0,50.0,50.0
CUST002823,4,7,26326,6581.5,8.0,2.5,2023-05-12,2024-08-07,57,Adult,Male,Chandigarh,Yes,2,3,Clothing,Bag,Adidas,145,False,Active,50.0,75.0,25.0
CUST002824,3,5,4965,1655.0,11.0,3.0,2023-06-28,2024-03-31,24,Young Adult,Female,Surat,Yes,1,3,Clothing,Jacket,Adidas,274,True,Inactive 270+ days,33.33,100.0,0.0
CUST002825,3,3,4401,1467.0,6.0,3.67,2023-02-22,2023-08-23,45,Adult,Female,Bangalore,Yes,1,3,Footwear,Heels,Biba,495,True,Inactive 270+ days,33.33,100.0,0.0
CUST002826,3,4,7126,2375.33,6.67,3.0,2023-06-21,2024-05-22,26,Adult,Female,Bhubaneswar,Yes,0,3,Clothing,Backpack,FabIndia,222,False,Active,0.0,100.0,0.0
CUST002827,2,3,25370,12685.0,7.5,4.0,2023-03-14,2024-01-20,35,Adult,Female,Visakhapatnam,Yes,0,2,Footwear,Heels,Adidas,345,True,Inactive 270+ days,0.0,100.0,0.0
CUST002828,3,4,8886,2962.0,2.33,3.0,2023-07-16,2024-02-07,34,Adult,Female,Surat,Yes,2,3,Clothing,Jacket,Adidas,327,True,Inactive 270+ days,66.67,100.0,0.0
CUST002829,1,1,9486,9486.0,11.0,5.0,2023-01-08,2023-01-08,31,Adult,Female,Bhubaneswar,No,0,1,Clothing,Saree,Biba,722,True,Inactive 270+ days,0.0,100.0,0.0
CUST002830,3,4,6186,2062.0,4.0,3.33,2023-03-26,2024-02-25,53,Adult,Female,Bhubaneswar,No,0,2,Clothing,Cap,Max,309,True,Inactive 270+ days,0.0,66.67,33.33
CUST002831,3,3,19653,6551.0,4.67,3.67,2024-02-13,2024-09-22,49,Adult,Male,Lucknow,No,1,3,Clothing,Boots,Adidas,99,False,Active,33.33,100.0,0.0
CUST002832,4,5,58456,14614.0,10.25,4.0,2023-10-12,2024-08-12,62,Adult,Male,Chandigarh,No,0,2,Clothing,Cap,Adidas,140,False,Active,0.0,50.0,50.0
CUST002833,5,7,37055,7411.0,10.6,3.8,2023-06-05,2024-05-04,28,Adult,Male,Chennai,No,0,5,Accessories,Kurta,Levis,240,False,Active,0.0,100.0,0.0
CUST002834,2,5,10622,5311.0,23.5,2.5,2023-11-19,2024-08-08,52,Adult,Male,Indore,No,1,1,Clothing,Formal Shoes,Bata,144,False,Active,50.0,50.0,50.0
CUST002835,2,4,10344,5172.0,6.0,3.5,2023-04-25,2023-08-07,41,Adult,Male,Mumbai,No,0,1,Footwear,Formal Shoes,Bata,511,True,Inactive 270+ days,0.0,50.0,50.0
CUST002836,4,4,40235,10058.75,8.25,3.5,2023-05-29,2024-06-06,27,Adult,Male,Chennai,Yes,1,3,Footwear,Sneakers,Nike,207,False,Active,25.0,75.0,25.0
CUST002837,1,1,5233,5233.0,5.0,3.0,2024-12-10,2024-12-10,45,Adult,Female,Chennai,No,0,1,Clothing,Saree,Max,20,False,Active,0.0,100.0,0.0
CUST002838,2,3,4666,2333.0,6.5,2.5,2023-03-08,2023-10-29,22,Young Adult,Female,Jaipur,No,0,2,Clothing,Kurta,Max,428,True,Inactive 270+ days,0.0,100.0,0.0
CUST002839,3,7,11457,3819.0,9.0,3.0,2023-02-25,2024-07-01,38,Adult,Male,Visakhapatnam,Yes,0,3,Clothing,Hoodie,Max,182,False,Active,0.0,100.0,0.0
CUST002840,1,1,1790,1790.0,18.0,4.0,2024-01-21,2024-01-21,25,Young Adult,Male,Kochi,No,0,1,Accessories,Belt,Puma,344,True,Inactive 270+ days,0.0,100.0,0.0
CUST002841,5,7,28585,5717.0,8.0,4.2,2023-05-06,2024-08-10,24,Young Adult,Male,Ahmedabad,No,1,2,Clothing,Saree,Biba,142,False,Active,20.0,40.0,60.0
CUST002842,5,7,47939,9587.8,10.0,3.8,2023-06-04,2024-12-09,45,Adult,Male,Ahmedabad,No,0,4,Accessories,Sneakers,HRX,21,False,Active,0.0,80.0,20.0
CUST002843,1,1,18059,18059.0,4.0,4.0,2023-03-30,2023-03-30,27,Adult,Male,Chennai,No,0,0,Footwear,Running Shoes,Nike,641,True,Inactive 270+ days,0.0,0.0,100.0
CUST002844,2,4,11404,5702.0,3.5,3.0,2024-02-11,2024-02-15,63,Adult,Male,Kolkata,No,1,1,Accessories,Cap,Max,319,True,Inactive 270+ days,50.0,50.0,50.0
CUST002845,5,6,12398,2479.6,3.8,3.8,2023-06-07,2024-10-17,42,Adult,Male,Surat,No,1,2,Clothing,Jacket,FabIndia,74,False,Active,20.0,40.0,60.0
CUST002846,1,1,976,976.0,21.0,4.0,2023-11-19,2023-11-19,43,Adult,Male,Jaipur,Yes,0,0,Clothing,T-shirt,Puma,407,True,Inactive 270+ days,0.0,0.0,100.0
CUST002847,2,2,12544,6272.0,11.0,3.0,2023-06-11,2024-07-13,25,Young Adult,Female,Bhubaneswar,No,1,1,Clothing,Kurta,HRX,170,False,Active,50.0,50.0,50.0
CUST002848,1,1,461,461.0,12.0,3.0,2023-11-21,2023-11-21,20,Young Adult,Female,Chennai,No,0,1,Footwear,Slippers,Bata,405,True,Inactive 270+ days,0.0,100.0,0.0
CUST002849,2,2,8903,4451.5,13.5,2.5,2024-01-24,2024-01-31,40,Adult,Female,Kochi,No,0,1,Clothing,Shorts,HRX,334,True,Inactive 270+ days,0.0,50.0,50.0
CUST002850,1,1,4240,4240.0,16.0,4.0,2023-11-02,2023-11-02,30,Adult,Male,Chandigarh,No,0,0,Clothing,Saree,Biba,424,True,Inactive 270+ days,0.0,0.0,100.0
CUST002851,3,3,6180,2060.0,7.33,3.33,2023-08-29,2024-12-04,62,Adult,Female,Chandigarh,No,0,3,Accessories,Bag,Wildcraft,26,False,Active,0.0,100.0,0.0
CUST002852,1,1,22808,22808.0,0.0,3.0,2024-04-23,2024-04-23,46,Adult,Female,Chandigarh,No,1,0,Footwear,Running Shoes,Adidas,251,False,Active,100.0,0.0,100.0
CUST002853,5,7,36243,7248.6,6.2,3.4,2023-03-30,2024-10-29,26,Adult,Female,Bhubaneswar,Yes,0,2,Accessories,Kurta,Biba,62,False,Active,0.0,40.0,60.0
CUST002854,4,4,32588,8147.0,11.5,3.75,2024-03-08,2024-11-08,20,Young Adult,Female,Delhi,No,2,4,Footwear,Formal Shoes,Bata,52,False,Active,50.0,100.0,0.0
CUST002855,3,5,18136,6045.33,5.0,3.33,2024-02-26,2024-07-08,64,Adult,Female,Kochi,Yes,0,3,Clothing,Saree,Adidas,175,False,Active,0.0,100.0,0.0
CUST002856,2,5,29090,14545.0,13.0,4.0,2023-04-06,2024-11-21,23,Young Adult,Male,Hyderabad,No,0,2,Accessories,Cap,Nike,39,False,Active,0.0,100.0,0.0
CUST002858,6,8,40403,6733.83,9.67,3.5,2023-07-08,2024-04-15,53,Adult,Male,Indore,No,1,4,Accessories,Cap,Levis,259,False,Active,16.67,66.67,33.33
CUST002860,2,2,6991,3495.5,3.5,3.0,2023-02-17,2023-10-15,33,Adult,Female,Delhi,Yes,0,2,Clothing,Shorts,HRX,442,True,Inactive 270+ days,0.0,100.0,0.0
CUST002861,2,2,2634,1317.0,9.5,3.0,2023-11-14,2024-06-09,56,Adult,Male,Chandigarh,No,0,1,Clothing,Sandals,HRX,204,False,Active,0.0,50.0,50.0
CUST002862,3,3,23627,7875.67,15.33,3.33,2024-01-01,2024-03-01,18,Young Adult,Male,Kolkata,Yes,0,1,Accessories,Cap,FabIndia,304,True,Inactive 270+ days,0.0,33.33,66.67
CUST002863,3,5,20727,6909.0,4.33,3.67,2023-02-22,2024-09-13,39,Adult,Male,Patna,No,1,2,Accessories,Bag,Puma,108,False,Active,33.33,66.67,33.33
CUST002864,5,11,92661,18532.2,9.2,3.8,2023-03-21,2024-09-25,42,Adult,Other,Lucknow,No,1,3,Clothing,Backpack,Puma,96,False,Active,20.0,60.0,40.0
CUST002865,3,4,6272,2090.67,3.0,2.67,2023-07-13,2024-04-17,46,Adult,Male,Chennai,Yes,2,2,Clothing,Jacket,Max,257,False,Active,66.67,66.67,33.33
CUST002866,3,3,9475,3158.33,8.67,4.33,2023-03-18,2024-03-03,25,Young Adult,Female,Delhi,No,0,2,Accessories,Cap,FabIndia,302,True,Inactive 270+ days,0.0,66.67,33.33
CUST002867,1,1,3262,3262.0,15.0,3.0,2023-12-15,2023-12-15,60,Adult,Male,Patna,No,0,1,Clothing,T-shirt,Nike,381,True,Inactive 270+ days,0.0,100.0,0.0
CUST002869,1,1,1716,1716.0,11.0,3.0,2024-12-02,2024-12-02,53,Adult,Female,Ahmedabad,Yes,0,1,Clothing,Saree,Max,28,False,Active,0.0,100.0,0.0
CUST002870,3,3,14579,4859.67,5.33,3.33,2024-07-29,2024-09-27,23,Young Adult,Male,Patna,Yes,0,2,Clothing,Dress,H&M,94,False,Active,0.0,66.67,33.33
CUST002871,2,3,3943,1971.5,5.0,3.5,2023-10-16,2024-06-07,27,Adult,Male,Bangalore,Yes,0,1,Footwear,Formal Shoes,Bata,206,False,Active,0.0,50.0,50.0
CUST002872,2,4,60142,30071.0,5.0,4.5,2024-10-23,2024-12-18,32,Adult,Female,Surat,No,0,2,Clothing,Jacket,H&M,12,False,Active,0.0,100.0,0.0
CUST002873,5,6,21087,4217.4,8.4,3.4,2023-01-15,2024-07-20,41,Adult,Male,Nagpur,No,3,3,Clothing,Kurta,FabIndia,163,False,Active,60.0,60.0,40.0
CUST002874,5,7,24272,4854.4,8.0,3.4,2023-03-02,2024-12-10,55,Adult,Female,Mumbai,No,0,4,Clothing,Jacket,Allen Solly,20,False,Active,0.0,80.0,20.0
CUST002875,3,3,35004,11668.0,5.33,4.0,2023-01-04,2024-06-11,49,Adult,Male,Chandigarh,No,1,2,Footwear,Running Shoes,H&M,202,False,Active,33.33,66.67,33.33
CUST002876,1,1,5280,5280.0,26.0,4.0,2023-11-27,2023-11-27,33,Adult,Male,Hyderabad,No,0,0,Clothing,Saree,Biba,399,True,Inactive 270+ days,0.0,0.0,100.0
CUST002877,1,1,4350,4350.0,5.0,5.0,2023-06-21,2023-06-21,22,Young Adult,Female,Surat,No,0,1,Clothing,Jacket,Puma,558,True,Inactive 270+ days,0.0,100.0,0.0
CUST002878,3,5,15158,5052.67,9.33,3.67,2023-06-23,2024-10-22,19,Young Adult,Male,Chandigarh,No,0,3,Clothing,Formal Shoes,Allen Solly,69,False,Active,0.0,100.0,0.0
CUST002880,1,1,360,360.0,2.0,4.0,2023-12-13,2023-12-13,61,Adult,Male,Bhubaneswar,Yes,0,1,Clothing,Kurta,Max,383,True,Inactive 270+ days,0.0,100.0,0.0
CUST002881,3,4,23795,7931.67,8.0,3.0,2023-03-21,2024-07-01,56,Adult,Male,Kolkata,No,1,2,Footwear,Boots,Bata,182,False,Active,33.33,66.67,33.33
CUST002882,4,8,19149,4787.25,4.0,3.25,2023-02-12,2024-12-24,40,Adult,Male,Chennai,No,1,3,Accessories,Backpack,HRX,6,False,Active,25.0,75.0,25.0
CUST002883,1,1,2444,2444.0,10.0,3.0,2023-03-21,2023-03-21,50,Adult,Male,Visakhapatnam,Yes,1,1,Clothing,Kurta,Biba,650,True,Inactive 270+ days,100.0,100.0,0.0
CUST002884,1,1,1436,1436.0,11.0,4.0,2023-10-04,2023-10-04,28,Adult,Female,Bangalore,No,0,1,Clothing,Hoodie,Puma,453,True,Inactive 270+ days,0.0,100.0,0.0
CUST002885,1,2,3150,3150.0,0.0,2.0,2023-10-10,2023-10-10,19,Young Adult,Female,Bangalore,Yes,1,1,Clothing,Shorts,HRX,447,True,Inactive 270+ days,100.0,100.0,0.0
CUST002886,3,3,27742,9247.33,8.0,4.0,2023-06-03,2024-12-26,47,Adult,Male,Gurgaon,No,0,3,Clothing,Saree,Biba,4,False,Active,0.0,100.0,0.0
CUST002887,3,4,20896,6965.33,6.67,3.67,2024-05-28,2024-11-27,25,Young Adult,Female,Mumbai,No,1,2,Clothing,Heels,Hush Puppies,33,False,Active,33.33,66.67,33.33
CUST002888,3,5,13275,4425.0,3.67,4.33,2023-04-21,2024-06-03,58,Adult,Male,Chandigarh,No,1,3,Clothing,Saree,Biba,210,False,Active,33.33,100.0,0.0
CUST002889,4,4,29477,7369.25,5.25,3.75,2023-05-18,2024-07-25,52,Adult,Male,Noida,Yes,0,4,Clothing,Kurta,Adidas,158,False,Active,0.0,100.0,0.0
CUST002890,4,4,11675,2918.75,12.0,3.5,2023-01-14,2023-08-17,48,Adult,Female,Gurgaon,No,2,3,Clothing,Backpack,Adidas,501,True,Inactive 270+ days,50.0,75.0,25.0
CUST002891,3,3,33708,11236.0,8.33,3.67,2023-04-08,2024-01-16,38,Adult,Female,Ahmedabad,No,0,3,Footwear,Kurta,Adidas,349,True,Inactive 270+ days,0.0,100.0,0.0
CUST002892,4,7,64770,16192.5,9.25,3.5,2023-04-10,2024-12-27,32,Adult,Female,Noida,Yes,1,1,Accessories,Bag,Fastrack,3,False,Active,25.0,25.0,75.0
CUST002893,2,2,10076,5038.0,7.5,4.0,2024-10-22,2024-11-29,45,Adult,Female,Nagpur,Yes,0,2,Clothing,Dress,H&M,31,False,Active,0.0,100.0,0.0
CUST002894,5,9,23046,4609.2,6.4,3.2,2023-09-06,2024-12-12,60,Adult,Male,Bangalore,No,1,5,Footwear,Bag,Bata,18,False,Active,20.0,100.0,0.0
CUST002895,10,17,90317,9031.7,7.3,3.4,2023-01-13,2024-03-07,29,Adult,Female,Noida,Yes,3,5,Footwear,Formal Shoes,Levis,298,True,Inactive 270+ days,30.0,50.0,50.0
CUST002896,3,6,19878,6626.0,6.0,3.33,2023-10-17,2024-03-03,34,Adult,Female,Chennai,No,1,3,Accessories,Heels,FabIndia,302,True,Inactive 270+ days,33.33,100.0,0.0
CUST002897,1,2,7987,7987.0,7.0,5.0,2024-04-12,2024-04-12,53,Adult,Male,Bhubaneswar,Yes,0,1,Clothing,Dress,H&M,262,False,Active,0.0,100.0,0.0
CUST002898,2,2,8815,4407.5,7.0,3.5,2023-12-09,2024-06-25,36,Adult,Other,Visakhapatnam,Yes,0,2,Accessories,Backpack,Biba,188,False,Active,0.0,100.0,0.0
CUST002899,1,1,1793,1793.0,9.0,2.0,2024-05-22,2024-05-22,64,Adult,Male,Jaipur,Yes,0,1,Accessories,Backpack,Fastrack,222,False,Active,0.0,100.0,0.0
CUST002900,4,6,35035,8758.75,10.5,4.5,2023-07-22,2024-11-20,60,Adult,Female,Chennai,No,1,4,Clothing,Dress,Levis,40,False,Active,25.0,100.0,0.0
CUST002901,4,4,10693,2673.25,7.0,3.25,2023-07-05,2024-01-18,46,Adult,Male,Kochi,No,0,2,Clothing,Dress,HRX,347,True,Inactive 270+ days,0.0,50.0,50.0
CUST002902,3,7,79071,26357.0,6.67,3.0,2023-01-29,2023-11-20,50,Adult,Female,Indore,No,1,3,Footwear,Hoodie,HRX,406,True,Inactive 270+ days,33.33,100.0,0.0
CUST002903,2,2,2420,1210.0,13.0,3.5,2023-10-01,2024-07-03,38,Adult,Female,Bangalore,Yes,1,0,Footwear,Sandals,Hush Puppies,180,False,Active,50.0,0.0,100.0
CUST002904,3,4,5739,1913.0,18.33,3.67,2023-12-19,2024-08-30,64,Adult,Female,Chandigarh,No,0,3,Clothing,Formal Shoes,Max,122,False,Active,0.0,100.0,0.0
CUST002905,1,1,2874,2874.0,3.0,2.0,2023-06-23,2023-06-23,19,Young Adult,Male,Pune,No,1,1,Accessories,Bag,Wildcraft,556,True,Inactive 270+ days,100.0,100.0,0.0
CUST002906,1,2,1852,1852.0,14.0,3.0,2023-07-19,2023-07-19,48,Adult,Male,Chennai,No,0,1,Clothing,Shorts,Max,530,True,Inactive 270+ days,0.0,100.0,0.0
CUST002907,2,2,8777,4388.5,4.5,4.0,2023-12-24,2024-04-02,37,Adult,Female,Lucknow,No,1,1,Clothing,Running Shoes,Adidas,272,True,Inactive 270+ days,50.0,50.0,50.0
CUST002908,5,6,23212,4642.4,7.0,3.2,2023-02-25,2024-05-25,49,Adult,Female,Pune,Yes,1,2,Footwear,Boots,Max,219,False,Active,20.0,40.0,60.0
CUST002909,2,4,5531,2765.5,13.0,2.0,2024-02-09,2024-06-15,63,Adult,Male,Lucknow,No,1,2,Clothing,Sneakers,HRX,198,False,Active,50.0,100.0,0.0
CUST002910,4,10,19536,4884.0,5.75,3.25,2023-04-26,2024-12-23,48,Adult,Female,Ahmedabad,Yes,1,4,Clothing,Heels,Biba,7,False,Active,25.0,100.0,0.0
CUST002911,3,5,17365,5788.33,10.33,3.67,2023-01-24,2023-05-25,36,Adult,Male,Jaipur,No,1,2,Clothing,Jacket,FabIndia,585,True,Inactive 270+ days,33.33,66.67,33.33
CUST002912,2,6,13412,6706.0,4.5,3.5,2024-02-04,2024-03-05,47,Adult,Female,Surat,No,0,1,Clothing,Boots,Hush Puppies,300,True,Inactive 270+ days,0.0,50.0,50.0
CUST002913,2,2,19876,9938.0,6.5,3.0,2024-04-07,2024-09-20,18,Young Adult,Male,Lucknow,Yes,1,2,Accessories,Bag,Adidas,101,False,Active,50.0,100.0,0.0
CUST002914,5,6,18018,3603.6,13.0,2.8,2023-04-02,2024-12-29,56,Adult,Female,Nagpur,Yes,1,3,Footwear,Heels,Bata,1,False,Active,20.0,60.0,40.0
CUST002915,5,11,70449,14089.8,6.4,2.8,2023-01-08,2024-03-28,33,Adult,Male,Mumbai,Yes,0,5,Footwear,Slippers,Bata,277,True,Inactive 270+ days,0.0,100.0,0.0
CUST002918,6,10,37047,6174.5,10.0,3.17,2023-06-05,2024-09-29,64,Adult,Female,Indore,No,0,4,Clothing,Sneakers,HRX,92,False,Active,0.0,66.67,33.33
CUST002919,2,2,3398,1699.0,8.5,3.0,2023-01-09,2024-07-16,22,Young Adult,Female,Nagpur,No,0,2,Clothing,Shorts,Max,167,False,Active,0.0,100.0,0.0
CUST002920,4,5,21831,5457.75,10.0,4.0,2023-12-08,2024-10-13,55,Adult,Male,Bhubaneswar,No,0,2,Clothing,Jeans,Adidas,78,False,Active,0.0,50.0,50.0
CUST002921,2,2,15724,7862.0,8.0,3.0,2023-01-23,2024-01-04,47,Adult,Male,Ahmedabad,No,2,1,Footwear,Running Shoes,Bata,361,True,Inactive 270+ days,100.0,50.0,50.0
CUST002922,4,4,12397,3099.25,3.75,2.5,2023-03-18,2024-08-06,33,Adult,Other,Pune,No,2,4,Footwear,Heels,Adidas,146,False,Active,50.0,100.0,0.0
CUST002923,7,7,15621,2231.57,6.0,4.14,2023-01-08,2024-09-30,64,Adult,Male,Visakhapatnam,Yes,0,3,Clothing,Saree,Biba,91,False,Active,0.0,42.86,57.14
CUST002924,5,6,10729,2145.8,10.6,3.8,2023-02-18,2024-05-28,35,Adult,Female,Lucknow,Yes,0,2,Clothing,Heels,Allen Solly,216,False,Active,0.0,40.0,60.0
CUST002925,4,7,23162,5790.5,12.25,3.75,2023-02-15,2024-08-21,21,Young Adult,Female,Kolkata,Yes,0,2,Clothing,Jacket,Adidas,131,False,Active,0.0,50.0,50.0
CUST002926,2,4,20448,10224.0,15.5,3.5,2023-11-25,2024-07-10,53,Adult,Female,Chandigarh,No,0,1,Clothing,Jacket,Adidas,173,False,Active,0.0,50.0,50.0
CUST002927,4,5,21151,5287.75,7.5,3.5,2023-05-26,2024-04-07,37,Adult,Female,Visakhapatnam,No,1,3,Footwear,Sandals,Zara,267,False,Active,25.0,75.0,25.0
CUST002928,5,6,22729,4545.8,8.8,3.0,2023-06-03,2023-12-18,49,Adult,Male,Visakhapatnam,No,1,4,Clothing,Bag,FabIndia,378,True,Inactive 270+ days,20.0,80.0,20.0
CUST002929,1,2,3712,3712.0,2.0,3.0,2024-12-12,2024-12-12,42,Adult,Male,Gurgaon,No,0,0,Footwear,Boots,Max,18,False,Active,0.0,0.0,100.0
CUST002930,5,6,9451,1890.2,5.6,3.8,2023-07-13,2024-11-02,26,Adult,Female,Gurgaon,No,1,3,Clothing,Slippers,Puma,58,False,Active,20.0,60.0,40.0
CUST002931,1,1,442,442.0,0.0,4.0,2024-12-20,2024-12-20,28,Adult,Female,Indore,Yes,0,1,Accessories,Cap,Levis,10,False,Active,0.0,100.0,0.0
CUST002932,2,3,16726,8363.0,10.5,3.5,2023-04-02,2024-12-22,51,Adult,Male,Chennai,No,0,2,Clothing,Running Shoes,HRX,8,False,Active,0.0,100.0,0.0
CUST002933,3,3,14832,4944.0,5.67,3.0,2023-03-20,2024-06-10,31,Adult,Female,Visakhapatnam,No,0,1,Clothing,Saree,Biba,203,False,Active,0.0,33.33,66.67
CUST002935,2,3,8744,4372.0,12.5,4.0,2023-01-15,2024-09-11,58,Adult,Male,Kolkata,No,0,2,Accessories,Backpack,Adidas,110,False,Active,0.0,100.0,0.0
CUST002936,2,2,6244,3122.0,8.5,4.0,2023-05-09,2023-12-06,43,Adult,Male,Visakhapatnam,Yes,0,2,Accessories,Heels,Hush Puppies,390,True,Inactive 270+ days,0.0,100.0,0.0
CUST002937,2,2,4304,2152.0,7.5,4.0,2024-06-23,2024-10-24,49,Adult,Female,Hyderabad,Yes,1,1,Clothing,Formal Shoes,Max,67,False,Active,50.0,50.0,50.0
CUST002938,2,4,7040,3520.0,13.0,3.5,2023-02-10,2024-07-09,25,Young Adult,Female,Hyderabad,No,0,2,Accessories,Belt,Levis,174,False,Active,0.0,100.0,0.0
CUST002939,2,3,16467,8233.5,9.0,3.5,2023-07-16,2023-12-17,46,Adult,Female,Bangalore,No,1,2,Clothing,Saree,FabIndia,379,True,Inactive 270+ days,50.0,100.0,0.0
CUST002940,2,2,4269,2134.5,4.5,4.0,2023-03-30,2023-05-31,35,Adult,Male,Ahmedabad,No,0,2,Clothing,Saree,FabIndia,579,True,Inactive 270+ days,0.0,100.0,0.0
CUST002941,2,3,17124,8562.0,8.0,2.5,2023-05-26,2023-11-01,50,Adult,Male,Hyderabad,No,1,2,Clothing,Jacket,Bata,425,True,Inactive 270+ days,50.0,100.0,0.0
CUST002942,3,3,9726,3242.0,6.67,3.0,2023-10-15,2024-03-29,21,Young Adult,Female,Chandigarh,No,0,1,Accessories,Heels,Allen Solly,276,True,Inactive 270+ days,0.0,33.33,66.67
CUST002943,2,2,2439,1219.5,18.0,4.0,2023-08-25,2024-10-05,50,Adult,Female,Gurgaon,Yes,2,1,Accessories,Belt,Puma,86,False,Active,100.0,50.0,50.0
CUST002944,2,2,3505,1752.5,8.0,3.0,2024-02-08,2024-03-04,41,Adult,Male,Bangalore,No,0,2,Accessories,Cap,Max,301,True,Inactive 270+ days,0.0,100.0,0.0
CUST002945,3,3,47262,15754.0,12.0,3.33,2023-02-14,2024-03-03,38,Adult,Male,Delhi,No,0,3,Footwear,Jacket,Nike,302,True,Inactive 270+ days,0.0,100.0,0.0
CUST002946,8,9,28340,3542.5,8.12,4.25,2023-01-12,2024-02-23,26,Adult,Female,Hyderabad,No,0,7,Clothing,Saree,Allen Solly,311,True,Inactive 270+ days,0.0,87.5,12.5
CUST002947,1,1,3992,3992.0,1.0,3.0,2023-09-06,2023-09-06,26,Adult,Male,Visakhapatnam,No,0,1,Footwear,Boots,Bata,481,True,Inactive 270+ days,0.0,100.0,0.0
CUST002948,3,3,9994,3331.33,10.33,4.0,2023-08-17,2024-12-14,25,Young Adult,Male,Kolkata,Yes,0,2,Clothing,Sandals,FabIndia,16,False,Active,0.0,66.67,33.33
CUST002949,2,4,7808,3904.0,6.0,4.0,2023-06-17,2023-10-11,61,Adult,Male,Bangalore,No,0,2,Clothing,Shorts,H&M,446,True,Inactive 270+ days,0.0,100.0,0.0
CUST002950,3,7,12089,4029.67,7.0,4.0,2023-10-11,2023-10-25,41,Adult,Male,Delhi,No,2,2,Clothing,Kurta,Max,432,True,Inactive 270+ days,66.67,66.67,33.33
CUST002953,6,7,44687,7447.83,5.67,3.83,2023-03-28,2024-07-09,49,Adult,Male,Chennai,No,1,4,Clothing,Belt,H&M,174,False,Active,16.67,66.67,33.33
CUST002954,5,9,50859,10171.8,10.0,3.6,2023-03-01,2024-09-25,52,Adult,Female,Kolkata,No,0,4,Clothing,Saree,Adidas,96,False,Active,0.0,80.0,20.0
CUST002955,5,8,15849,3169.8,9.6,3.0,2023-04-11,2024-12-08,51,Adult,Male,Patna,No,2,3,Accessories,Formal Shoes,Biba,22,False,Active,40.0,60.0,40.0
CUST002956,3,3,27197,9065.67,4.33,3.33,2023-11-28,2024-10-06,49,Adult,Female,Gurgaon,Yes,0,3,Footwear,Hoodie,HRX,85,False,Active,0.0,100.0,0.0
CUST002957,2,2,7104,3552.0,10.5,4.0,2023-09-15,2023-11-22,46,Adult,Male,Noida,Yes,0,2,Clothing,Dress,H&M,404,True,Inactive 270+ days,0.0,100.0,0.0
CUST002958,2,3,5603,2801.5,3.0,3.5,2023-04-27,2023-12-13,55,Adult,Male,Pune,No,0,1,Clothing,Kurta,Biba,383,True,Inactive 270+ days,0.0,50.0,50.0
CUST002959,1,1,21850,21850.0,11.0,4.0,2024-09-14,2024-09-14,52,Adult,Male,Patna,No,0,1,Footwear,Sneakers,Nike,107,False,Active,0.0,100.0,0.0
CUST002960,3,4,3845,1281.67,5.0,3.0,2023-02-09,2024-10-17,63,Adult,Female,Nagpur,No,1,2,Footwear,Sandals,Max,74,False,Active,33.33,66.67,33.33
CUST002961,1,1,21601,21601.0,9.0,5.0,2023-01-09,2023-01-09,23,Young Adult,Female,Pune,No,0,1,Footwear,Sneakers,Puma,721,True,Inactive 270+ days,0.0,100.0,0.0
CUST002962,5,7,31794,6358.8,5.8,3.2,2023-04-15,2024-11-01,39,Adult,Female,Lucknow,No,0,4,Clothing,Dress,Max,59,False,Active,0.0,80.0,20.0
CUST002963,2,4,5058,2529.0,10.0,4.0,2023-04-01,2023-10-08,39,Adult,Female,Kochi,No,0,1,Clothing,Heels,Bata,449,True,Inactive 270+ days,0.0,50.0,50.0
CUST002964,1,1,2121,2121.0,14.0,3.0,2023-09-14,2023-09-14,51,Adult,Male,Lucknow,Yes,0,1,Clothing,Jacket,HRX,473,True,Inactive 270+ days,0.0,100.0,0.0
CUST002965,4,4,17357,4339.25,10.25,3.5,2023-04-07,2024-06-19,25,Young Adult,Female,Bhubaneswar,No,1,4,Footwear,Bag,Allen Solly,194,False,Active,25.0,100.0,0.0
CUST002966,7,11,46038,6576.86,9.57,3.43,2023-02-16,2024-12-13,59,Adult,Female,Bangalore,Yes,1,5,Clothing,Sneakers,Adidas,17,False,Active,14.29,71.43,28.57
CUST002967,2,3,7892,3946.0,7.0,4.0,2023-05-08,2024-07-06,60,Adult,Male,Chandigarh,Yes,0,1,Clothing,Jacket,Adidas,177,False,Active,0.0,50.0,50.0
CUST002968,3,6,9275,3091.67,5.0,3.0,2023-03-11,2024-09-25,63,Adult,Male,Lucknow,Yes,2,2,Clothing,Jacket,HRX,96,False,Active,66.67,66.67,33.33
CUST002969,3,4,8566,2855.33,8.67,3.0,2024-05-02,2024-06-22,32,Adult,Female,Bangalore,No,1,3,Clothing,Shorts,HRX,191,False,Active,33.33,100.0,0.0
CUST002970,1,2,2851,2851.0,3.0,4.0,2024-02-02,2024-02-02,46,Adult,Female,Lucknow,Yes,0,0,Clothing,Shorts,Puma,332,True,Inactive 270+ days,0.0,0.0,100.0
CUST002971,4,8,46586,11646.5,12.0,3.5,2023-07-18,2024-03-28,42,Adult,Female,Visakhapatnam,No,0,3,Clothing,Jacket,Nike,277,True,Inactive 270+ days,0.0,75.0,25.0
CUST002972,1,1,1352,1352.0,1.0,2.0,2024-08-14,2024-08-14,48,Adult,Female,Hyderabad,Yes,1,1,Footwear,Formal Shoes,Max,138,False,Active,100.0,100.0,0.0
CUST002973,2,3,11501,5750.5,13.5,3.0,2023-03-11,2024-11-16,27,Adult,Male,Indore,No,0,2,Clothing,Formal Shoes,Max,44,False,Active,0.0,100.0,0.0
CUST002974,5,9,31071,6214.2,10.4,3.4,2023-10-27,2024-06-17,58,Adult,Male,Bhubaneswar,Yes,1,5,Clothing,Sandals,Bata,196,False,Active,20.0,100.0,0.0
CUST002975,2,2,4406,2203.0,16.0,3.0,2023-01-05,2024-09-24,52,Adult,Male,Ahmedabad,No,1,1,Clothing,Hoodie,Nike,97,False,Active,50.0,50.0,50.0
CUST002976,3,4,35471,11823.67,6.33,3.67,2023-01-11,2023-12-15,50,Adult,Male,Noida,No,0,3,Accessories,Backpack,Nike,381,True,Inactive 270+ days,0.0,100.0,0.0
CUST002977,2,3,5925,2962.5,12.5,3.0,2024-01-31,2024-07-21,18,Young Adult,Male,Lucknow,No,1,2,Clothing,Saree,FabIndia,162,False,Active,50.0,100.0,0.0
CUST002978,3,4,12917,4305.67,5.0,3.33,2023-05-14,2024-06-05,22,Young Adult,Female,Noida,No,1,2,Footwear,Formal Shoes,Bata,208,False,Active,33.33,66.67,33.33
CUST002979,2,2,1917,958.5,13.0,3.0,2024-04-22,2024-08-18,46,Adult,Male,Chandigarh,No,0,2,Accessories,Belt,Fastrack,134,False,Active,0.0,100.0,0.0
CUST002980,5,7,25832,5166.4,14.2,3.2,2023-05-22,2024-10-24,54,Adult,Male,Gurgaon,No,0,4,Footwear,Sneakers,Bata,67,False,Active,0.0,80.0,20.0
CUST002981,6,10,25075,4179.17,14.0,3.17,2023-02-07,2023-09-29,18,Young Adult,Male,Mumbai,No,3,4,Clothing,T-shirt,Wildcraft,458,True,Inactive 270+ days,50.0,66.67,33.33
CUST002984,2,2,3069,1534.5,5.5,4.0,2023-04-15,2024-02-18,38,Adult,Female,Lucknow,No,0,2,Accessories,Jeans,Allen Solly,316,True,Inactive 270+ days,0.0,100.0,0.0
CUST002985,1,4,13043,13043.0,3.0,4.0,2024-04-08,2024-04-08,36,Adult,Female,Mumbai,Yes,0,0,Clothing,Hoodie,Puma,266,False,Active,0.0,0.0,100.0
CUST002986,4,7,39393,9848.25,10.0,3.5,2023-01-07,2024-05-25,23,Young Adult,Female,Visakhapatnam,No,2,4,Clothing,Boots,Nike,219,False,Active,50.0,100.0,0.0
CUST002987,2,5,14463,7231.5,9.5,3.5,2024-04-25,2024-05-21,18,Young Adult,Male,Ahmedabad,No,1,1,Clothing,Kurta,Adidas,223,False,Active,50.0,50.0,50.0
CUST002988,4,6,45718,11429.5,7.75,3.5,2023-06-06,2024-05-26,42,Adult,Male,Noida,No,0,4,Footwear,Backpack,Biba,218,False,Active,0.0,100.0,0.0
CUST002989,3,3,11810,3936.67,9.0,3.33,2023-02-06,2024-01-30,40,Adult,Female,Kochi,Yes,1,3,Clothing,Shorts,HRX,335,True,Inactive 270+ days,33.33,100.0,0.0
CUST002990,4,4,10552,2638.0,4.75,3.5,2023-12-06,2024-06-09,55,Adult,Female,Kolkata,No,0,3,Clothing,Belt,Bata,204,False,Active,0.0,75.0,25.0
CUST002991,1,1,351,351.0,9.0,4.0,2024-10-24,2024-10-24,34,Adult,Female,Hyderabad,Yes,0,1,Footwear,Slippers,Zara,67,False,Active,0.0,100.0,0.0
CUST002992,4,4,15744,3936.0,11.25,3.25,2023-06-09,2024-07-18,63,Adult,Other,Noida,Yes,0,4,Clothing,Bag,Fastrack,165,False,Active,0.0,100.0,0.0
CUST002993,2,2,5062,2531.0,18.5,3.5,2023-10-13,2024-12-09,49,Adult,Female,Noida,Yes,1,1,Footwear,Running Shoes,Adidas,21,False,Active,50.0,50.0,50.0
CUST002994,3,4,3554,1184.67,13.33,4.67,2023-05-30,2024-12-27,58,Adult,Other,Patna,No,0,3,Accessories,Belt,Levis,3,False,Active,0.0,100.0,0.0
CUST002995,1,3,2038,2038.0,9.0,4.0,2024-06-24,2024-06-24,23,Young Adult,Female,Jaipur,Yes,0,1,Clothing,T-shirt,HRX,189,False,Active,0.0,100.0,0.0
CUST002997,5,5,16260,3252.0,7.0,3.4,2023-10-11,2024-06-10,31,Adult,Male,Bhubaneswar,No,2,5,Clothing,Kurta,Biba,203,False,Active,40.0,100.0,0.0
CUST002998,3,5,38212,12737.33,7.0,3.67,2023-07-01,2024-09-21,32,Adult,Female,Pune,Yes,0,1,Clothing,Kurta,Biba,100,False,Active,0.0,33.33,66.67
CUST002999,6,10,36033,6005.5,13.83,3.83,2023-11-04,2024-11-28,18,Young Adult,Male,Surat,No,1,4,Footwear,Belt,Puma,32,False,Active,16.67,66.67,33.33
CUST003000,2,2,6675,3337.5,11.5,4.5,2023-01-01,2024-11-17,64,Adult,Female,Noida,No,0,2,Accessories,Formal Shoes,Levis,43,False,Active,0.0,100.0,0.0
CUST003001,2,2,12540,6270.0,12.0,3.5,2023-07-27,2023-12-31,47,Adult,Male,Surat,No,0,2,Footwear,Sandals,Adidas,365,True,Inactive 270+ days,0.0,100.0,0.0
CUST003002,3,4,28738,9579.33,8.33,4.0,2023-07-04,2024-07-25,43,Adult,Male,Chandigarh,No,1,2,Accessories,Cap,Biba,158,False,Active,33.33,66.67,33.33
CUST003003,6,7,36201,6033.5,16.0,4.17,2023-01-02,2024-11-02,46,Adult,Male,Hyderabad,No,1,2,Clothing,Kurta,FabIndia,58,False,Active,16.67,33.33,66.67
CUST003004,2,2,11363,5681.5,4.5,3.5,2024-06-03,2024-11-26,63,Adult,Male,Chennai,Yes,0,2,Clothing,Running Shoes,Max,34,False,Active,0.0,100.0,0.0
CUST003005,7,8,20600,2942.86,10.71,3.57,2023-04-03,2024-11-13,61,Adult,Female,Chennai,No,0,3,Clothing,Shorts,Max,47,False,Active,0.0,42.86,57.14
CUST003006,1,2,3270,3270.0,9.0,4.0,2023-09-08,2023-09-08,32,Adult,Male,Nagpur,No,1,1,Clothing,Kurta,FabIndia,479,True,Inactive 270+ days,100.0,100.0,0.0
CUST003007,1,2,4802,4802.0,0.0,2.0,2023-06-16,2023-06-16,63,Adult,Female,Delhi,Yes,0,1,Footwear,Sandals,Hush Puppies,563,True,Inactive 270+ days,0.0,100.0,0.0
CUST003008,5,10,59335,11867.0,6.4,3.8,2023-06-12,2024-09-28,27,Adult,Male,Mumbai,No,1,5,Clothing,Saree,Max,93,False,Active,20.0,100.0,0.0
CUST003009,2,3,7675,3837.5,8.5,3.0,2023-09-10,2023-09-22,34,Adult,Female,Bangalore,No,1,2,Clothing,Jacket,FabIndia,465,True,Inactive 270+ days,50.0,100.0,0.0
CUST003010,2,3,28518,14259.0,13.5,4.5,2023-12-06,2024-04-14,55,Adult,Female,Surat,No,0,2,Footwear,Running Shoes,Adidas,260,False,Active,0.0,100.0,0.0
CUST003011,7,9,28834,4119.14,5.57,3.86,2023-02-01,2024-12-27,20,Young Adult,Female,Bangalore,No,0,7,Clothing,Saree,Max,3,False,Active,0.0,100.0,0.0
CUST003012,5,9,16580,3316.0,3.6,3.2,2023-05-11,2024-08-17,26,Adult,Female,Visakhapatnam,No,1,4,Clothing,Kurta,Biba,135,False,Active,20.0,80.0,20.0
CUST003013,2,3,29224,14612.0,6.5,3.5,2024-03-09,2024-11-26,43,Adult,Female,Gurgaon,No,0,2,Clothing,Kurta,Adidas,34,False,Active,0.0,100.0,0.0
CUST003014,4,6,54785,13696.25,12.75,3.0,2023-10-17,2024-12-04,26,Adult,Other,Bangalore,No,1,2,Footwear,Bag,Adidas,26,False,Active,25.0,50.0,50.0
CUST003016,3,5,98352,32784.0,20.67,3.67,2023-03-28,2024-01-10,64,Adult,Female,Visakhapatnam,No,1,3,Clothing,Kurta,Nike,355,True,Inactive 270+ days,33.33,100.0,0.0
CUST003017,5,7,20082,4016.4,6.0,3.2,2024-02-22,2024-10-08,40,Adult,Female,Patna,No,2,5,Clothing,Backpack,Biba,83,False,Active,40.0,100.0,0.0
CUST003018,2,3,6779,3389.5,18.5,3.0,2024-10-14,2024-12-06,64,Adult,Female,Noida,No,0,1,Clothing,Dress,Max,24,False,Active,0.0,50.0,50.0
CUST003019,4,5,17048,4262.0,5.75,4.0,2023-04-05,2024-04-28,45,Adult,Female,Visakhapatnam,Yes,0,1,Clothing,Belt,Adidas,246,False,Active,0.0,25.0,75.0
CUST003020,1,1,838,838.0,0.0,4.0,2024-07-05,2024-07-05,25,Young Adult,Male,Lucknow,No,0,1,Accessories,Belt,Levis,178,False,Active,0.0,100.0,0.0
CUST003021,7,11,39266,5609.43,14.71,3.86,2023-10-20,2024-12-13,55,Adult,Male,Jaipur,No,0,4,Clothing,Kurta,Adidas,17,False,Active,0.0,57.14,42.86
CUST003022,2,3,14608,7304.0,19.0,4.0,2024-01-21,2024-09-22,51,Adult,Male,Kolkata,Yes,0,1,Accessories,Bag,FabIndia,99,False,Active,0.0,50.0,50.0
CUST003023,3,4,1613,537.67,2.33,3.0,2023-11-03,2024-12-19,53,Adult,Male,Jaipur,Yes,0,3,Footwear,Slippers,Bata,11,False,Active,0.0,100.0,0.0
CUST003024,1,2,4320,4320.0,15.0,4.0,2024-03-14,2024-03-14,24,Young Adult,Female,Noida,No,0,1,Accessories,Wallet,Puma,291,True,Inactive 270+ days,0.0,100.0,0.0
CUST003025,1,1,1361,1361.0,13.0,3.0,2023-01-12,2023-01-12,55,Adult,Other,Nagpur,No,0,1,Footwear,Sandals,Bata,718,True,Inactive 270+ days,0.0,100.0,0.0
CUST003026,2,2,1986,993.0,10.5,3.0,2023-03-18,2023-11-16,35,Adult,Female,Mumbai,Yes,1,2,Clothing,Hoodie,Max,410,True,Inactive 270+ days,50.0,100.0,0.0
CUST003027,4,9,19359,4839.75,8.5,3.5,2023-06-27,2024-02-14,63,Adult,Female,Lucknow,No,1,3,Clothing,Kurta,Allen Solly,320,True,Inactive 270+ days,25.0,75.0,25.0
CUST003028,3,4,8684,2894.67,27.0,4.0,2023-04-05,2023-12-02,39,Adult,Female,Nagpur,No,0,2,Accessories,Bag,Levis,394,True,Inactive 270+ days,0.0,66.67,33.33
CUST003029,4,7,109617,27404.25,7.0,3.25,2023-05-21,2024-06-28,49,Adult,Female,Chennai,No,0,4,Clothing,Formal Shoes,Adidas,185,False,Active,0.0,100.0,0.0
CUST003030,3,4,3169,1056.33,6.0,3.33,2024-04-17,2024-07-03,20,Young Adult,Male,Mumbai,Yes,1,2,Clothing,Shorts,Adidas,180,False,Active,33.33,66.67,33.33
CUST003031,2,2,7692,3846.0,7.0,4.0,2023-03-25,2023-05-16,57,Adult,Female,Lucknow,No,0,2,Accessories,Hoodie,Puma,594,True,Inactive 270+ days,0.0,100.0,0.0
CUST003032,2,3,8748,4374.0,9.5,3.0,2023-01-22,2023-07-30,19,Young Adult,Male,Lucknow,No,0,2,Clothing,Running Shoes,H&M,519,True,Inactive 270+ days,0.0,100.0,0.0
CUST003033,3,7,22729,7576.33,7.0,4.0,2023-10-23,2024-12-17,27,Adult,Female,Patna,Yes,0,2,Clothing,Kurta,FabIndia,13,False,Active,0.0,66.67,33.33
CUST003034,5,6,12623,2524.6,5.0,3.0,2023-09-21,2024-10-05,18,Young Adult,Female,Bangalore,No,2,5,Clothing,Belt,Levis,86,False,Active,40.0,100.0,0.0
CUST003035,4,4,17234,4308.5,4.5,3.75,2023-02-13,2024-02-03,49,Adult,Female,Nagpur,Yes,2,3,Clothing,Saree,FabIndia,331,True,Inactive 270+ days,50.0,75.0,25.0
CUST003036,2,2,10330,5165.0,5.5,3.5,2023-05-14,2023-06-08,37,Adult,Male,Nagpur,No,0,2,Accessories,Running Shoes,Fastrack,571,True,Inactive 270+ days,0.0,100.0,0.0
CUST003037,6,7,20918,3486.33,7.83,3.33,2023-08-23,2024-08-18,59,Adult,Other,Delhi,No,0,4,Clothing,Dress,Allen Solly,134,False,Active,0.0,66.67,33.33
CUST003038,5,5,19447,3889.4,6.2,3.6,2023-09-10,2024-12-07,20,Young Adult,Female,Kolkata,Yes,1,4,Clothing,Belt,Biba,23,False,Active,20.0,80.0,20.0
CUST003039,3,3,23342,7780.67,11.67,3.0,2023-10-10,2024-07-21,63,Adult,Female,Nagpur,Yes,2,2,Clothing,Dress,Allen Solly,162,False,Active,66.67,66.67,33.33
CUST003040,5,8,31693,6338.6,9.2,3.2,2023-12-06,2024-06-17,54,Adult,Female,Bangalore,No,0,5,Clothing,Belt,Fastrack,196,False,Active,0.0,100.0,0.0
CUST003041,3,4,10608,3536.0,4.0,3.67,2023-02-11,2024-07-30,35,Adult,Male,Jaipur,Yes,1,1,Accessories,Backpack,Bata,153,False,Active,33.33,33.33,66.67
CUST003042,3,3,10382,3460.67,7.33,3.33,2023-04-30,2024-04-19,51,Adult,Male,Bangalore,Yes,0,3,Accessories,Cap,Adidas,255,False,Active,0.0,100.0,0.0
CUST003043,4,5,14123,3530.75,11.5,3.5,2023-01-06,2024-10-28,26,Adult,Male,Noida,No,0,2,Clothing,Kurta,Max,63,False,Active,0.0,50.0,50.0
CUST003044,2,2,4298,2149.0,4.0,4.0,2023-04-07,2024-02-06,35,Adult,Female,Chennai,No,0,1,Accessories,Kurta,Max,328,True,Inactive 270+ days,0.0,50.0,50.0
CUST003045,6,6,27655,4609.17,6.67,3.5,2023-03-11,2024-06-15,26,Adult,Female,Chandigarh,Yes,1,4,Clothing,Kurta,Adidas,198,False,Active,16.67,66.67,33.33
CUST003046,2,4,16262,8131.0,16.5,3.0,2024-10-02,2024-12-24,18,Young Adult,Male,Surat,Yes,0,1,Clothing,Sneakers,HRX,6,False,Active,0.0,50.0,50.0
CUST003047,3,3,27422,9140.67,13.67,4.0,2023-10-18,2024-11-06,43,Adult,Female,Chandigarh,No,0,2,Footwear,Sneakers,HRX,54,False,Active,0.0,66.67,33.33
CUST003048,4,5,14976,3744.0,13.0,4.5,2023-08-27,2024-10-25,36,Adult,Female,Lucknow,No,2,3,Clothing,Cap,Biba,66,False,Active,50.0,75.0,25.0
CUST003050,4,7,16555,4138.75,14.5,3.5,2023-09-28,2024-08-02,53,Adult,Female,Delhi,No,1,4,Clothing,Cap,Nike,150,False,Active,25.0,100.0,0.0
CUST003051,2,2,11886,5943.0,7.5,4.5,2023-10-25,2023-12-30,32,Adult,Female,Indore,No,0,2,Accessories,Cap,Nike,366,True,Inactive 270+ days,0.0,100.0,0.0
CUST003052,3,4,35974,11991.33,8.0,3.0,2023-12-12,2024-11-14,38,Adult,Male,Noida,Yes,2,3,Footwear,Sneakers,Bata,46,False,Active,66.67,100.0,0.0
CUST003053,2,6,12495,6247.5,10.0,3.0,2023-04-13,2024-05-10,53,Adult,Male,Lucknow,No,1,2,Clothing,Jeans,Hush Puppies,234,False,Active,50.0,100.0,0.0
CUST003054,1,1,782,782.0,8.0,3.0,2024-12-16,2024-12-16,20,Young Adult,Female,Gurgaon,No,0,0,Clothing,T-shirt,Puma,14,False,Active,0.0,0.0,100.0
CUST003056,4,7,13091,3272.75,9.5,3.5,2023-01-18,2023-12-28,31,Adult,Male,Kochi,No,0,1,Clothing,Belt,Allen Solly,368,True,Inactive 270+ days,0.0,25.0,75.0
CUST003057,4,6,15987,3996.75,3.0,3.5,2023-01-29,2024-05-01,31,Adult,Male,Kolkata,No,1,3,Clothing,Dress,Allen Solly,243,False,Active,25.0,75.0,25.0
CUST003058,1,2,1857,1857.0,8.0,3.0,2024-12-08,2024-12-08,62,Adult,Male,Mumbai,Yes,0,0,Clothing,Dress,Max,22,False,Active,0.0,0.0,100.0
CUST003059,2,2,17701,8850.5,14.5,3.5,2023-10-10,2024-11-22,20,Young Adult,Male,Surat,No,0,1,Clothing,Hoodie,HRX,38,False,Active,0.0,50.0,50.0
CUST003060,1,2,28888,28888.0,25.0,4.0,2023-11-02,2023-11-02,32,Adult,Male,Bangalore,No,0,0,Footwear,Running Shoes,Adidas,424,True,Inactive 270+ days,0.0,0.0,100.0
CUST003061,1,3,1473,1473.0,10.0,3.0,2024-05-25,2024-05-25,24,Young Adult,Female,Noida,Yes,0,1,Footwear,Slippers,Bata,219,False,Active,0.0,100.0,0.0
CUST003062,2,2,5826,2913.0,12.5,3.0,2023-01-14,2024-08-13,20,Young Adult,Male,Chennai,No,2,1,Clothing,Saree,Biba,139,False,Active,100.0,50.0,50.0
CUST003063,7,7,39054,5579.14,15.0,3.71,2023-02-26,2024-08-01,53,Adult,Male,Pune,No,0,1,Clothing,Belt,Adidas,151,False,Active,0.0,14.29,85.71
CUST003064,2,3,4025,2012.5,8.0,3.0,2024-02-06,2024-02-13,24,Young Adult,Male,Mumbai,No,0,2,Clothing,Boots,Bata,321,True,Inactive 270+ days,0.0,100.0,0.0
CUST003065,3,4,24438,8146.0,4.67,3.33,2023-05-31,2023-12-26,56,Adult,Male,Lucknow,No,0,3,Footwear,Heels,Adidas,370,True,Inactive 270+ days,0.0,100.0,0.0
CUST003066,1,1,6872,6872.0,11.0,5.0,2023-01-09,2023-01-09,40,Adult,Female,Chandigarh,No,0,1,Footwear,Heels,Hush Puppies,721,True,Inactive 270+ days,0.0,100.0,0.0
CUST003067,3,3,11957,3985.67,8.0,3.33,2023-06-11,2023-10-12,22,Young Adult,Female,Pune,No,0,2,Clothing,Saree,Biba,445,True,Inactive 270+ days,0.0,66.67,33.33
CUST003068,3,3,17790,5930.0,6.33,3.0,2023-11-03,2024-03-07,36,Adult,Female,Kolkata,No,1,3,Clothing,Saree,FabIndia,298,True,Inactive 270+ days,33.33,100.0,0.0
CUST003069,1,1,19262,19262.0,14.0,3.0,2023-06-05,2023-06-05,18,Young Adult,Male,Nagpur,Yes,1,1,Footwear,Running Shoes,Adidas,574,True,Inactive 270+ days,100.0,100.0,0.0
CUST003070,1,2,18920,18920.0,10.0,3.0,2024-11-01,2024-11-01,51,Adult,Female,Nagpur,No,0,1,Footwear,Running Shoes,Nike,59,False,Active,0.0,100.0,0.0
CUST003071,6,8,18797,3132.83,7.33,3.83,2023-03-30,2024-11-24,21,Young Adult,Male,Noida,No,3,4,Clothing,Boots,Hush Puppies,36,False,Active,50.0,66.67,33.33
CUST003072,3,4,8174,2724.67,9.67,3.33,2023-04-13,2024-06-14,44,Adult,Male,Kochi,No,0,2,Footwear,Boots,HRX,199,False,Active,0.0,66.67,33.33
CUST003073,4,5,24416,6104.0,6.25,3.25,2023-04-30,2024-10-04,57,Adult,Female,Noida,No,1,3,Accessories,Belt,Levis,87,False,Active,25.0,75.0,25.0
CUST003074,2,2,20498,10249.0,6.0,3.5,2023-05-05,2024-08-14,64,Adult,Male,Mumbai,No,0,2,Accessories,Sneakers,Adidas,138,False,Active,0.0,100.0,0.0
CUST003075,2,4,9140,4570.0,10.0,3.0,2023-05-01,2024-06-15,35,Adult,Female,Indore,No,1,1,Clothing,Sandals,Allen Solly,198,False,Active,50.0,50.0,50.0
CUST003076,1,2,5991,5991.0,25.0,4.0,2024-01-26,2024-01-26,41,Adult,Female,Visakhapatnam,No,0,0,Clothing,Jacket,Levis,339,True,Inactive 270+ days,0.0,0.0,100.0
CUST003077,1,2,9318,9318.0,0.0,4.0,2024-03-15,2024-03-15,22,Young Adult,Male,Kochi,No,0,1,Clothing,Dress,Allen Solly,290,True,Inactive 270+ days,0.0,100.0,0.0
CUST003078,5,6,44168,8833.6,15.2,3.4,2023-05-21,2024-07-31,57,Adult,Male,Visakhapatnam,No,2,5,Clothing,Saree,Biba,152,False,Active,40.0,100.0,0.0
CUST003079,4,5,48486,12121.5,3.75,4.0,2023-11-19,2024-08-10,20,Young Adult,Male,Patna,No,1,3,Footwear,Backpack,Zara,142,False,Active,25.0,75.0,25.0
CUST003080,1,1,348,348.0,12.0,3.0,2024-04-19,2024-04-19,28,Adult,Male,Lucknow,No,0,1,Accessories,Socks,Wildcraft,255,False,Active,0.0,100.0,0.0
CUST003081,3,5,8738,2912.67,12.67,3.0,2023-05-15,2024-07-28,42,Adult,Male,Lucknow,No,0,3,Clothing,Dress,Adidas,155,False,Active,0.0,100.0,0.0
CUST003082,4,4,29588,7397.0,9.75,4.25,2023-04-17,2024-12-07,20,Young Adult,Male,Noida,Yes,1,2,Footwear,Formal Shoes,Hush Puppies,23,False,Active,25.0,50.0,50.0
CUST003083,2,3,3489,1744.5,14.0,3.0,2023-07-09,2024-03-28,24,Young Adult,Female,Ahmedabad,No,0,2,Footwear,Heels,Hush Puppies,277,True,Inactive 270+ days,0.0,100.0,0.0
CUST003084,6,7,27681,4613.5,14.83,4.0,2023-07-18,2024-11-22,31,Adult,Female,Delhi,Yes,1,5,Clothing,Running Shoes,FabIndia,38,False,Active,16.67,83.33,16.67
CUST003085,1,1,2012,2012.0,13.0,2.0,2023-03-14,2023-03-14,27,Adult,Male,Mumbai,Yes,0,1,Clothing,Trousers,Roadster,657,True,Inactive 270+ days,0.0,100.0,0.0
CUST003086,1,3,7965,7965.0,0.0,4.0,2023-07-14,2023-07-14,36,Adult,Female,Lucknow,No,0,1,Accessories,Backpack,Tommy Hilfiger,535,True,Inactive 270+ days,0.0,100.0,0.0
CUST003087,3,6,34112,11370.67,7.67,3.0,2023-11-28,2024-03-07,38,Adult,Other,Bangalore,No,1,3,Clothing,Jacket,Allen Solly,298,True,Inactive 270+ days,33.33,100.0,0.0
CUST003088,6,10,41679,6946.5,10.67,4.17,2023-03-28,2024-08-09,45,Adult,Male,Chennai,No,2,2,Footwear,Boots,Hush Puppies,143,False,Active,33.33,33.33,66.67
CUST003089,9,14,79554,8839.33,7.22,3.44,2023-01-12,2024-12-20,59,Adult,Male,Gurgaon,Yes,3,4,Clothing,Jacket,HRX,10,False,Active,33.33,44.44,55.56
CUST003091,3,5,19527,6509.0,9.33,3.0,2023-12-05,2024-02-06,57,Adult,Female,Noida,No,1,2,Clothing,Boots,FabIndia,328,True,Inactive 270+ days,33.33,66.67,33.33
CUST003092,2,2,7818,3909.0,4.5,4.5,2024-04-08,2024-05-20,29,Adult,Other,Delhi,No,0,2,Clothing,Formal Shoes,Adidas,224,False,Active,0.0,100.0,0.0
CUST003093,5,7,12151,2430.2,13.6,3.4,2023-01-09,2024-07-24,19,Young Adult,Female,Ahmedabad,No,1,2,Clothing,Shorts,Allen Solly,159,False,Active,20.0,40.0,60.0
CUST003094,3,5,5244,1748.0,13.33,3.0,2023-02-27,2024-10-27,44,Adult,Female,Chandigarh,No,0,3,Accessories,Sandals,HRX,64,False,Active,0.0,100.0,0.0
CUST003095,3,6,7511,2503.67,1.67,4.33,2024-01-18,2024-06-13,64,Adult,Female,Jaipur,No,0,3,Clothing,Belt,Adidas,200,False,Active,0.0,100.0,0.0
CUST003096,1,1,4449,4449.0,3.0,3.0,2024-05-30,2024-05-30,48,Adult,Male,Chandigarh,No,0,0,Clothing,Saree,Max,214,False,Active,0.0,0.0,100.0
CUST003097,3,3,6610,2203.33,8.67,3.67,2023-03-03,2024-08-04,25,Young Adult,Male,Pune,No,0,2,Footwear,Sandals,Zara,148,False,Active,0.0,66.67,33.33
CUST003098,2,4,15044,7522.0,8.0,3.5,2023-10-13,2023-11-12,52,Adult,Male,Bangalore,No,1,2,Clothing,Boots,Allen Solly,414,True,Inactive 270+ days,50.0,100.0,0.0
CUST003099,5,5,55569,11113.8,7.2,3.8,2023-02-28,2024-07-21,35,Adult,Male,Delhi,Yes,1,3,Footwear,Sunglasses,Adidas,162,False,Active,20.0,60.0,40.0
CUST003100,3,5,15747,5249.0,9.33,3.33,2023-05-31,2024-11-22,20,Young Adult,Male,Bangalore,No,0,3,Accessories,Belt,HRX,38,False,Active,0.0,100.0,0.0
CUST003102,3,3,18964,6321.33,4.67,3.33,2023-12-02,2024-10-08,43,Adult,Male,Gurgaon,No,0,2,Footwear,Hoodie,HRX,83,False,Active,0.0,66.67,33.33
CUST003103,8,12,36750,4593.75,7.88,3.25,2023-03-16,2024-06-09,41,Adult,Female,Chennai,Yes,3,7,Clothing,Kurta,FabIndia,204,False,Active,37.5,87.5,12.5
CUST003104,1,1,2577,2577.0,23.0,5.0,2023-01-25,2023-01-25,57,Adult,Female,Patna,No,0,0,Clothing,Shirt,H&M,705,True,Inactive 270+ days,0.0,0.0,100.0
CUST003105,2,3,4294,2147.0,11.0,2.5,2023-03-16,2024-07-06,25,Young Adult,Other,Nagpur,No,1,2,Clothing,Sandals,Max,177,False,Active,50.0,100.0,0.0
CUST003106,2,2,15761,7880.5,9.0,4.0,2024-02-17,2024-05-18,42,Adult,Male,Noida,No,1,2,Clothing,Saree,Biba,226,False,Active,50.0,100.0,0.0
CUST003107,1,1,1460,1460.0,6.0,2.0,2023-03-15,2023-03-15,21,Young Adult,Male,Indore,Yes,0,1,Clothing,Shorts,HRX,656,True,Inactive 270+ days,0.0,100.0,0.0
CUST003108,5,6,33076,6615.2,11.6,4.0,2023-07-18,2024-08-20,38,Adult,Male,Pune,Yes,0,3,Footwear,Formal Shoes,Hush Puppies,132,False,Active,0.0,60.0,40.0
CUST003109,4,6,19139,4784.75,10.75,3.5,2023-04-30,2024-10-05,19,Young Adult,Male,Kolkata,No,0,2,Clothing,Hoodie,Adidas,86,False,Active,0.0,50.0,50.0
CUST003110,3,3,17016,5672.0,16.67,3.0,2023-02-11,2024-08-05,59,Adult,Male,Pune,No,0,1,Footwear,Sandals,HRX,147,False,Active,0.0,33.33,66.67
CUST003111,4,4,18626,4656.5,14.75,4.0,2023-09-10,2024-04-02,58,Adult,Female,Chandigarh,No,1,4,Clothing,Kurta,Adidas,272,True,Inactive 270+ days,25.0,100.0,0.0
CUST003112,4,7,32111,8027.75,12.75,3.75,2023-03-22,2024-08-10,24,Young Adult,Female,Bangalore,No,1,2,Clothing,Bag,FabIndia,142,False,Active,25.0,50.0,50.0
CUST003113,4,5,8885,2221.25,6.75,3.5,2023-09-15,2024-10-29,46,Adult,Female,Nagpur,No,1,4,Accessories,Kurta,FabIndia,62,False,Active,25.0,100.0,0.0
CUST003114,5,6,30838,6167.6,11.2,3.6,2023-03-29,2023-08-25,23,Young Adult,Male,Indore,No,3,4,Clothing,Jacket,Biba,493,True,Inactive 270+ days,60.0,80.0,20.0
CUST003115,3,5,17360,5786.67,10.33,2.67,2023-01-12,2024-08-19,26,Adult,Female,Chandigarh,No,2,3,Footwear,Sneakers,HRX,133,False,Active,66.67,100.0,0.0
CUST003116,1,1,2091,2091.0,0.0,3.0,2023-10-07,2023-10-07,51,Adult,Male,Nagpur,No,1,1,Clothing,Kurta,Biba,450,True,Inactive 270+ days,100.0,100.0,0.0
CUST003117,4,4,7701,1925.25,6.75,2.5,2023-09-03,2024-09-29,30,Adult,Female,Gurgaon,Yes,1,3,Footwear,Belt,HRX,92,False,Active,25.0,75.0,25.0
CUST003118,1,3,3036,3036.0,29.0,3.0,2024-10-10,2024-10-10,37,Adult,Male,Surat,No,0,0,Clothing,Shorts,Allen Solly,81,False,Active,0.0,0.0,100.0
CUST003119,2,3,27992,13996.0,9.5,3.5,2023-05-17,2024-07-25,44,Adult,Male,Kolkata,No,0,1,Clothing,Saree,HRX,158,False,Active,0.0,50.0,50.0
CUST003120,1,1,452,452.0,0.0,4.0,2024-01-25,2024-01-25,37,Adult,Male,Kolkata,No,0,1,Accessories,Socks,Puma,340,True,Inactive 270+ days,0.0,100.0,0.0
CUST003121,1,1,1725,1725.0,2.0,2.0,2023-06-02,2023-06-02,57,Adult,Female,Pune,No,1,0,Clothing,Saree,Max,577,True,Inactive 270+ days,100.0,0.0,100.0
CUST003122,3,3,8654,2884.67,4.67,2.67,2023-04-03,2024-05-23,35,Adult,Female,Lucknow,No,0,2,Accessories,Boots,Bata,221,False,Active,0.0,66.67,33.33
CUST003123,4,5,15857,3964.25,13.0,3.5,2023-03-13,2024-11-11,23,Young Adult,Female,Visakhapatnam,No,1,3,Clothing,Formal Shoes,FabIndia,49,False,Active,25.0,75.0,25.0
CUST003124,6,10,24741,4123.5,7.67,3.83,2023-04-08,2024-05-28,35,Adult,Female,Bangalore,No,1,2,Clothing,Saree,Max,216,False,Active,16.67,33.33,66.67
CUST003125,1,1,1602,1602.0,56.0,1.0,2024-09-03,2024-09-03,34,Adult,Male,Gurgaon,No,0,1,Accessories,Bag,Wildcraft,118,False,Active,0.0,100.0,0.0
CUST003128,4,5,14785,3696.25,12.25,2.75,2023-04-14,2024-11-19,57,Adult,Male,Bangalore,No,0,2,Clothing,Kurta,Biba,41,False,Active,0.0,50.0,50.0
CUST003129,4,8,10315,2578.75,12.0,3.25,2023-01-09,2024-01-12,21,Young Adult,Female,Chennai,Yes,0,2,Clothing,Heels,Puma,353,True,Inactive 270+ days,0.0,50.0,50.0
CUST003130,4,6,36739,9184.75,6.5,4.0,2023-03-27,2024-04-28,51,Adult,Female,Ahmedabad,No,0,3,Clothing,Saree,FabIndia,246,False,Active,0.0,75.0,25.0
CUST003131,5,6,52051,10410.2,8.8,4.0,2023-04-22,2024-12-13,50,Adult,Female,Patna,No,0,4,Footwear,Sneakers,Nike,17,False,Active,0.0,80.0,20.0
CUST003132,3,6,48515,16171.67,10.0,3.67,2024-05-23,2024-11-05,18,Young Adult,Male,Visakhapatnam,No,1,1,Footwear,Boots,Adidas,55,False,Active,33.33,33.33,66.67
CUST003133,6,7,16708,2784.67,6.67,3.67,2023-03-26,2024-06-20,22,Young Adult,Female,Bhubaneswar,No,0,4,Clothing,Heels,Max,193,False,Active,0.0,66.67,33.33
CUST003134,1,1,889,889.0,21.0,3.0,2023-10-10,2023-10-10,29,Adult,Female,Pune,No,0,0,Footwear,Sandals,Max,447,True,Inactive 270+ days,0.0,0.0,100.0
CUST003135,1,1,1832,1832.0,9.0,3.0,2024-09-03,2024-09-03,27,Adult,Male,Mumbai,Yes,0,1,Footwear,Sandals,Bata,118,False,Active,0.0,100.0,0.0
CUST003136,4,6,44331,11082.75,4.5,4.0,2023-05-04,2024-06-20,27,Adult,Male,Lucknow,Yes,2,3,Clothing,Jacket,Puma,193,False,Active,50.0,75.0,25.0
CUST003137,2,4,14250,7125.0,12.0,3.0,2023-05-03,2023-08-03,38,Adult,Male,Chennai,No,0,1,Accessories,Backpack,Adidas,515,True,Inactive 270+ days,0.0,50.0,50.0
CUST003139,6,6,56837,9472.83,11.5,2.5,2023-01-31,2024-09-11,59,Adult,Male,Kochi,Yes,2,4,Footwear,Running Shoes,Adidas,110,False,Active,33.33,66.67,33.33
CUST003140,4,4,17312,4328.0,7.0,4.0,2023-10-31,2024-09-22,35,Adult,Female,Bangalore,No,1,3,Clothing,Backpack,FabIndia,99,False,Active,25.0,75.0,25.0
CUST003141,5,6,26919,5383.8,8.4,3.6,2023-04-19,2024-10-28,49,Adult,Male,Ahmedabad,No,0,5,Clothing,Saree,Max,63,False,Active,0.0,100.0,0.0
CUST003142,4,4,7829,1957.25,8.25,3.25,2023-02-16,2023-09-17,32,Adult,Male,Kochi,Yes,1,2,Footwear,Sandals,Bata,470,True,Inactive 270+ days,25.0,50.0,50.0
CUST003143,4,5,10663,2665.75,14.75,3.75,2023-02-17,2024-11-27,50,Adult,Male,Bhubaneswar,Yes,0,1,Clothing,Backpack,Fastrack,33,False,Active,0.0,25.0,75.0
CUST003144,2,4,61140,30570.0,8.0,3.0,2023-09-01,2024-12-27,64,Adult,Female,Lucknow,No,0,1,Footwear,Formal Shoes,Bata,3,False,Active,0.0,50.0,50.0
CUST003145,5,6,32948,6589.6,16.2,4.2,2023-02-19,2024-10-22,51,Adult,Male,Pune,Yes,1,4,Clothing,Backpack,Adidas,69,False,Active,20.0,80.0,20.0
CUST003146,4,4,25141,6285.25,6.25,3.0,2023-04-09,2024-06-15,63,Adult,Male,Ahmedabad,No,1,3,Clothing,Boots,Bata,198,False,Active,25.0,75.0,25.0
CUST003147,3,4,16341,5447.0,22.67,3.0,2023-01-17,2024-11-19,42,Adult,Female,Surat,No,0,3,Clothing,Backpack,Adidas,41,False,Active,0.0,100.0,0.0
CUST003148,1,1,805,805.0,10.0,3.0,2023-06-18,2023-06-18,63,Adult,Female,Nagpur,No,0,1,Clothing,Shorts,HRX,561,True,Inactive 270+ days,0.0,100.0,0.0
CUST003149,1,1,3921,3921.0,8.0,3.0,2024-12-10,2024-12-10,18,Young Adult,Other,Patna,Yes,0,1,Footwear,Running Shoes,Puma,20,False,Active,0.0,100.0,0.0
CUST003150,4,7,34603,8650.75,4.75,4.0,2023-01-08,2024-01-06,26,Adult,Female,Visakhapatnam,No,0,4,Clothing,Hoodie,Puma,359,True,Inactive 270+ days,0.0,100.0,0.0
CUST003151,3,3,8929,2976.33,3.33,2.67,2023-03-20,2024-06-09,24,Young Adult,Female,Noida,No,0,1,Footwear,Backpack,Hush Puppies,204,False,Active,0.0,33.33,66.67
CUST003152,2,2,12270,6135.0,26.0,3.5,2023-10-09,2024-08-25,57,Adult,Male,Hyderabad,Yes,0,2,Clothing,Sneakers,Adidas,127,False,Active,0.0,100.0,0.0
CUST003153,5,7,34527,6905.4,7.2,3.2,2023-01-15,2024-12-03,57,Adult,Male,Mumbai,No,2,4,Footwear,Boots,Bata,27,False,Active,40.0,80.0,20.0
CUST003154,3,7,20672,6890.67,3.33,3.67,2023-04-16,2023-09-12,51,Adult,Female,Ahmedabad,No,1,3,Clothing,Cap,FabIndia,475,True,Inactive 270+ days,33.33,100.0,0.0
CUST003155,6,9,79202,13200.33,8.17,4.17,2023-05-31,2024-09-24,53,Adult,Female,Kolkata,Yes,0,5,Footwear,Running Shoes,Puma,97,False,Active,0.0,83.33,16.67
CUST003156,1,3,2816,2816.0,9.0,3.0,2024-12-03,2024-12-03,48,Adult,Male,Chandigarh,No,0,1,Clothing,Trousers,Max,27,False,Active,0.0,100.0,0.0
CUST003157,3,5,12522,4174.0,8.33,3.33,2023-03-27,2024-11-10,45,Adult,Male,Nagpur,Yes,0,1,Clothing,Sandals,H&M,50,False,Active,0.0,33.33,66.67
CUST003158,1,1,2133,2133.0,3.0,3.0,2023-10-18,2023-10-18,62,Adult,Female,Pune,Yes,0,1,Accessories,Belt,Levis,439,True,Inactive 270+ days,0.0,100.0,0.0
CUST003159,2,2,3419,1709.5,3.5,3.0,2023-04-01,2024-09-03,36,Adult,Male,Bhubaneswar,Yes,1,2,Clothing,Jacket,Max,118,False,Active,50.0,100.0,0.0
CUST003160,4,7,29511,7377.75,8.25,3.5,2023-04-27,2024-07-24,42,Adult,Male,Bangalore,No,0,3,Footwear,Kurta,Adidas,159,False,Active,0.0,75.0,25.0
CUST003161,3,3,4339,1446.33,3.33,3.33,2024-03-05,2024-06-05,34,Adult,Male,Lucknow,No,0,2,Accessories,Heels,Bata,208,False,Active,0.0,66.67,33.33
CUST003162,3,4,5761,1920.33,10.67,3.33,2024-02-16,2024-12-02,23,Young Adult,Female,Mumbai,No,2,3,Clothing,Kurta,FabIndia,28,False,Active,66.67,100.0,0.0
CUST003163,7,11,27591,3941.57,5.14,3.57,2023-05-07,2024-12-05,47,Adult,Female,Gurgaon,No,0,6,Accessories,Bag,Bata,25,False,Active,0.0,85.71,14.29
CUST003164,1,1,1282,1282.0,12.0,3.0,2024-09-12,2024-09-12,36,Adult,Female,Mumbai,No,0,1,Clothing,Jeans,Allen Solly,109,False,Active,0.0,100.0,0.0
CUST003165,2,2,9424,4712.0,9.0,3.0,2023-11-23,2024-02-13,45,Adult,Female,Lucknow,No,0,2,Clothing,Boots,Hush Puppies,321,True,Inactive 270+ days,0.0,100.0,0.0
CUST003166,4,6,27280,6820.0,9.5,3.5,2023-05-22,2024-07-20,54,Adult,Male,Kolkata,No,1,3,Clothing,Formal Shoes,Bata,163,False,Active,25.0,75.0,25.0
CUST003167,3,7,19453,6484.33,6.33,4.33,2024-03-03,2024-11-17,27,Adult,Male,Patna,No,0,2,Clothing,Boots,Levis,43,False,Active,0.0,66.67,33.33
CUST003168,2,2,28358,14179.0,6.0,3.5,2023-03-07,2024-03-16,61,Adult,Male,Ahmedabad,No,1,2,Footwear,Slippers,Adidas,289,True,Inactive 270+ days,50.0,100.0,0.0
CUST003169,1,1,1542,1542.0,12.0,4.0,2023-10-23,2023-10-23,55,Adult,Female,Nagpur,Yes,0,1,Clothing,Kurta,FabIndia,434,True,Inactive 270+ days,0.0,100.0,0.0
CUST003170,5,5,17506,3501.2,14.2,3.6,2023-02-15,2024-12-29,28,Adult,Female,Jaipur,No,1,4,Clothing,Cap,FabIndia,1,False,Active,20.0,80.0,20.0
CUST003172,3,3,15078,5026.0,5.67,3.0,2023-03-27,2024-03-07,64,Adult,Male,Gurgaon,No,0,3,Clothing,Running Shoes,Levis,298,True,Inactive 270+ days,0.0,100.0,0.0
CUST003173,3,3,16644,5548.0,5.67,3.33,2024-05-14,2024-10-08,19,Young Adult,Male,Mumbai,No,0,3,Accessories,Backpack,Nike,83,False,Active,0.0,100.0,0.0
CUST003174,2,4,7185,3592.5,15.0,3.5,2024-10-18,2024-11-29,44,Adult,Male,Jaipur,No,2,1,Clothing,Kurta,Max,31,False,Active,100.0,50.0,50.0
CUST003175,2,3,3809,1904.5,11.0,4.0,2023-10-31,2024-08-12,47,Adult,Male,Chennai,No,0,2,Clothing,Shorts,Allen Solly,140,False,Active,0.0,100.0,0.0
CUST003176,2,2,6899,3449.5,2.5,3.5,2023-04-24,2023-07-05,52,Adult,Male,Bangalore,No,1,0,Clothing,Hoodie,Hush Puppies,544,True,Inactive 270+ days,50.0,0.0,100.0
CUST003177,6,7,21876,3646.0,10.67,3.33,2023-10-22,2024-12-24,57,Adult,Male,Kochi,No,3,4,Accessories,Backpack,Wildcraft,6,False,Active,50.0,66.67,33.33
CUST003178,1,1,9727,9727.0,9.0,4.0,2023-05-29,2023-05-29,32,Adult,Female,Hyderabad,Yes,0,1,Clothing,Saree,Biba,581,True,Inactive 270+ days,0.0,100.0,0.0
CUST003179,2,5,25251,12625.5,5.5,4.0,2023-04-25,2024-06-11,58,Adult,Female,Kolkata,No,0,1,Accessories,Belt,HRX,202,False,Active,0.0,50.0,50.0
CUST003180,5,5,9862,1972.4,5.8,3.4,2023-04-25,2024-09-28,38,Adult,Other,Jaipur,No,1,2,Clothing,Backpack,Bata,93,False,Active,20.0,40.0,60.0
CUST003181,5,9,62206,12441.2,8.8,4.4,2023-06-05,2024-10-20,38,Adult,Male,Ahmedabad,No,0,3,Clothing,Jacket,Nike,71,False,Active,0.0,60.0,40.0
CUST003182,1,1,7840,7840.0,5.0,4.0,2023-08-03,2023-08-03,59,Adult,Female,Ahmedabad,No,0,1,Footwear,Formal Shoes,Zara,515,True,Inactive 270+ days,0.0,100.0,0.0
CUST003183,3,3,37598,12532.67,9.67,4.33,2024-01-16,2024-09-07,41,Adult,Male,Nagpur,No,0,2,Footwear,Dress,Adidas,114,False,Active,0.0,66.67,33.33
CUST003184,5,7,19275,3855.0,8.2,3.6,2023-01-12,2024-08-06,20,Young Adult,Male,Nagpur,No,1,3,Clothing,Kurta,Max,146,False,Active,20.0,60.0,40.0
CUST003185,6,6,18311,3051.83,12.67,3.17,2023-04-25,2024-10-12,37,Adult,Female,Nagpur,No,0,3,Clothing,Jacket,Hush Puppies,79,False,Active,0.0,50.0,50.0
CUST003186,1,1,6973,6973.0,0.0,4.0,2023-11-24,2023-11-24,46,Adult,Female,Kolkata,No,0,1,Clothing,Jacket,Levis,402,True,Inactive 270+ days,0.0,100.0,0.0
CUST003187,5,5,34927,6985.4,6.8,3.6,2023-04-25,2024-07-09,37,Adult,Female,Mumbai,No,0,4,Footwear,Dress,Adidas,174,False,Active,0.0,80.0,20.0
CUST003188,3,3,5857,1952.33,10.67,3.0,2023-05-02,2024-07-31,51,Adult,Female,Nagpur,Yes,0,2,Accessories,Bag,Fastrack,152,False,Active,0.0,66.67,33.33
CUST003189,8,13,49905,6238.12,10.0,3.88,2023-05-26,2024-11-18,62,Adult,Female,Pune,No,0,5,Clothing,Backpack,Biba,42,False,Active,0.0,62.5,37.5
CUST003190,3,6,26013,8671.0,10.67,3.0,2023-01-05,2024-07-13,46,Adult,Male,Indore,Yes,0,2,Footwear,Boots,Bata,170,False,Active,0.0,66.67,33.33
CUST003191,5,8,18539,3707.8,6.6,2.6,2023-07-14,2024-09-22,21,Young Adult,Female,Bangalore,No,0,5,Clothing,Bag,Max,99,False,Active,0.0,100.0,0.0
CUST003192,2,4,12325,6162.5,10.0,3.5,2023-06-27,2023-09-01,51,Adult,Male,Delhi,No,1,2,Clothing,Jacket,Adidas,486,True,Inactive 270+ days,50.0,100.0,0.0
CUST003193,6,6,40870,6811.67,6.17,3.5,2023-01-18,2024-07-04,31,Adult,Other,Delhi,Yes,1,4,Clothing,Dress,HRX,179,False,Active,16.67,66.67,33.33
CUST003194,5,6,17009,3401.8,13.2,3.0,2023-07-25,2024-03-24,61,Adult,Female,Kolkata,Yes,2,4,Clothing,Jacket,Adidas,281,True,Inactive 270+ days,40.0,80.0,20.0
CUST003195,7,8,18495,2642.14,7.43,3.29,2023-09-08,2024-11-02,43,Adult,Female,Noida,No,1,5,Clothing,Saree,Allen Solly,58,False,Active,14.29,71.43,28.57
CUST003196,1,1,1557,1557.0,0.0,2.0,2024-06-18,2024-06-18,56,Adult,Female,Visakhapatnam,Yes,0,0,Clothing,Shirt,Roadster,195,False,Active,0.0,0.0,100.0
CUST003197,9,15,102972,11441.33,8.56,3.44,2023-02-26,2024-10-23,41,Adult,Other,Lucknow,No,0,9,Footwear,Running Shoes,Adidas,68,False,Active,0.0,100.0,0.0
CUST003198,5,7,41719,8343.8,2.0,3.6,2023-05-04,2024-12-23,18,Young Adult,Male,Lucknow,Yes,1,5,Clothing,Belt,Allen Solly,7,False,Active,20.0,100.0,0.0
CUST003199,1,1,2406,2406.0,0.0,3.0,2023-12-31,2023-12-31,51,Adult,Male,Kochi,No,0,1,Clothing,Jacket,HRX,365,True,Inactive 270+ days,0.0,100.0,0.0
CUST003200,4,7,21339,5334.75,14.5,3.75,2023-01-27,2024-10-01,48,Adult,Male,Lucknow,No,0,3,Footwear,Cap,Max,90,False,Active,0.0,75.0,25.0
CUST003201,2,3,25850,12925.0,15.5,3.5,2024-08-16,2024-11-06,45,Adult,Female,Indore,No,0,1,Clothing,Dress,Puma,54,False,Active,0.0,50.0,50.0
CUST003202,5,6,9597,1919.4,7.6,3.2,2023-05-14,2024-12-14,32,Adult,Male,Delhi,No,1,5,Clothing,Bag,Max,16,False,Active,20.0,100.0,0.0
CUST003203,1,1,9830,9830.0,8.0,4.0,2023-05-09,2023-05-09,63,Adult,Female,Kolkata,No,0,0,Clothing,Saree,Biba,601,True,Inactive 270+ days,0.0,0.0,100.0
CUST003204,6,8,23626,3937.67,11.33,3.33,2023-10-16,2024-07-23,55,Adult,Male,Gurgaon,No,2,5,Clothing,Backpack,Max,160,False,Active,33.33,83.33,16.67
CUST003205,3,6,16219,5406.33,3.0,4.0,2023-08-28,2024-08-06,49,Adult,Male,Nagpur,No,1,3,Accessories,Backpack,Hush Puppies,146,False,Active,33.33,100.0,0.0
CUST003206,1,1,730,730.0,9.0,5.0,2023-03-13,2023-03-13,53,Adult,Female,Visakhapatnam,No,0,1,Clothing,T-shirt,Nike,658,True,Inactive 270+ days,0.0,100.0,0.0
CUST003207,1,1,2582,2582.0,9.0,5.0,2023-06-01,2023-06-01,41,Adult,Female,Patna,No,0,0,Clothing,Shorts,Nike,578,True,Inactive 270+ days,0.0,0.0,100.0
CUST003208,4,8,41698,10424.5,4.0,2.75,2023-04-21,2024-05-19,34,Adult,Female,Kolkata,No,1,2,Clothing,Saree,Biba,225,False,Active,25.0,50.0,50.0
CUST003209,2,2,1641,820.5,12.5,3.0,2023-12-09,2024-11-13,64,Adult,Male,Mumbai,No,0,0,Clothing,Slippers,Bata,47,False,Active,0.0,0.0,100.0
CUST003210,1,1,975,975.0,23.0,4.0,2023-08-05,2023-08-05,48,Adult,Female,Chennai,No,0,0,Clothing,Kurta,Biba,513,True,Inactive 270+ days,0.0,0.0,100.0
CUST003211,3,5,42265,14088.33,9.0,4.33,2023-07-06,2024-06-28,55,Adult,Other,Kolkata,No,2,2,Footwear,Running Shoes,Puma,185,False,Active,66.67,66.67,33.33
CUST003212,1,2,720,720.0,12.0,2.0,2024-03-23,2024-03-23,35,Adult,Female,Mumbai,Yes,1,1,Footwear,Slippers,Bata,282,True,Inactive 270+ days,100.0,100.0,0.0
CUST003213,2,4,13478,6739.0,2.0,4.0,2024-05-15,2024-05-25,60,Adult,Male,Surat,No,1,1,Clothing,Hoodie,Adidas,219,False,Active,50.0,50.0,50.0
CUST003214,2,2,12412,6206.0,9.0,3.5,2023-08-08,2024-02-17,33,Adult,Female,Lucknow,Yes,2,2,Accessories,Backpack,FabIndia,317,True,Inactive 270+ days,100.0,100.0,0.0
CUST003215,3,4,70857,23619.0,7.33,3.33,2024-03-31,2024-09-24,58,Adult,Male,Bangalore,No,1,3,Footwear,Running Shoes,Allen Solly,97,False,Active,33.33,100.0,0.0
CUST003216,3,3,8832,2944.0,17.0,3.33,2023-01-02,2024-10-30,57,Adult,Female,Visakhapatnam,No,1,3,Accessories,Cap,Puma,61,False,Active,33.33,100.0,0.0
CUST003217,4,5,19700,4925.0,6.0,3.0,2023-08-27,2024-10-07,30,Adult,Female,Surat,No,0,4,Footwear,Formal Shoes,Nike,84,False,Active,0.0,100.0,0.0
CUST003218,2,5,13197,6598.5,15.0,4.0,2023-07-26,2023-08-11,18,Young Adult,Female,Surat,No,2,0,Accessories,Saree,Biba,507,True,Inactive 270+ days,100.0,0.0,100.0
CUST003219,1,1,2108,2108.0,6.0,3.0,2023-08-05,2023-08-05,34,Adult,Female,Hyderabad,Yes,0,1,Clothing,Hoodie,HRX,513,True,Inactive 270+ days,0.0,100.0,0.0
CUST003220,1,1,1350,1350.0,6.0,4.0,2024-07-19,2024-07-19,63,Adult,Male,Chennai,No,0,1,Clothing,Jacket,Roadster,164,False,Active,0.0,100.0,0.0
CUST003221,1,1,9735,9735.0,1.0,4.0,2023-05-21,2023-05-21,54,Adult,Female,Noida,Yes,0,1,Clothing,Saree,Biba,589,True,Inactive 270+ days,0.0,100.0,0.0
CUST003222,2,2,5727,2863.5,9.0,3.5,2023-01-18,2024-11-24,42,Adult,Female,Mumbai,Yes,0,1,Clothing,Kurta,FabIndia,36,False,Active,0.0,50.0,50.0
CUST003223,5,8,54692,10938.4,4.6,3.6,2023-07-28,2024-11-21,30,Adult,Other,Gurgaon,No,1,4,Clothing,Cap,Adidas,39,False,Active,20.0,80.0,20.0
CUST003224,3,6,35494,11831.33,14.67,4.0,2023-02-14,2023-11-02,19,Young Adult,Female,Visakhapatnam,Yes,0,1,Footwear,Belt,Hush Puppies,424,True,Inactive 270+ days,0.0,33.33,66.67
CUST003225,5,8,23110,4622.0,8.0,3.6,2023-08-15,2024-10-26,26,Adult,Male,Patna,No,1,3,Footwear,Formal Shoes,Bata,65,False,Active,20.0,60.0,40.0
CUST003226,3,3,31361,10453.67,9.67,3.0,2023-11-03,2024-05-11,55,Adult,Male,Chandigarh,No,1,3,Accessories,Bag,Fastrack,233,False,Active,33.33,100.0,0.0
CUST003227,2,4,13685,6842.5,14.0,4.0,2023-03-30,2023-10-27,33,Adult,Male,Delhi,No,1,1,Clothing,Hoodie,Adidas,430,True,Inactive 270+ days,50.0,50.0,50.0
CUST003228,3,7,14860,4953.33,11.67,3.33,2023-06-04,2024-05-29,45,Adult,Male,Bhubaneswar,No,1,3,Clothing,Shorts,HRX,215,False,Active,33.33,100.0,0.0
CUST003229,3,8,14083,4694.33,10.0,3.67,2023-02-18,2024-09-29,26,Adult,Female,Nagpur,No,0,2,Clothing,Formal Shoes,Adidas,92,False,Active,0.0,66.67,33.33
CUST003230,3,4,23955,7985.0,3.67,3.33,2023-03-16,2023-12-08,63,Adult,Male,Pune,No,0,3,Footwear,Formal Shoes,Max,388,True,Inactive 270+ days,0.0,100.0,0.0
CUST003231,2,3,20920,10460.0,4.0,4.0,2023-09-01,2024-03-19,40,Adult,Female,Noida,No,0,1,Accessories,Bag,FabIndia,286,True,Inactive 270+ days,0.0,50.0,50.0
CUST003232,2,2,6904,3452.0,3.0,4.5,2023-03-20,2023-11-05,59,Adult,Male,Bhubaneswar,Yes,0,2,Clothing,Kurta,FabIndia,421,True,Inactive 270+ days,0.0,100.0,0.0
CUST003233,3,3,8726,2908.67,11.67,2.67,2023-08-06,2024-02-16,29,Adult,Female,Noida,No,0,2,Accessories,Bag,Max,318,True,Inactive 270+ days,0.0,66.67,33.33
CUST003234,3,4,43168,14389.33,6.67,3.0,2023-05-24,2024-06-25,24,Young Adult,Male,Chandigarh,No,3,1,Footwear,Boots,HRX,188,False,Active,100.0,33.33,66.67
CUST003236,6,6,36246,6041.0,4.17,3.33,2023-04-05,2024-02-01,58,Adult,Female,Chennai,Yes,1,4,Clothing,Kurta,Biba,333,True,Inactive 270+ days,16.67,66.67,33.33
CUST003239,2,2,2182,1091.0,4.0,4.5,2023-12-15,2024-07-26,29,Adult,Male,Kolkata,No,0,1,Accessories,Cap,Adidas,157,False,Active,0.0,50.0,50.0
CUST003240,3,4,35497,11832.33,5.33,3.0,2023-06-03,2024-09-13,18,Young Adult,Female,Indore,Yes,0,3,Footwear,Backpack,Adidas,108,False,Active,0.0,100.0,0.0
CUST003241,2,2,1999,999.5,10.0,3.0,2024-01-04,2024-06-08,18,Young Adult,Female,Indore,No,0,2,Clothing,Shirt,H&M,205,False,Active,0.0,100.0,0.0
CUST003242,1,1,1191,1191.0,5.0,3.0,2024-11-23,2024-11-23,61,Adult,Female,Chandigarh,Yes,0,1,Footwear,Heels,Max,37,False,Active,0.0,100.0,0.0
CUST003243,1,1,4518,4518.0,9.0,4.0,2024-05-11,2024-05-11,34,Adult,Male,Bangalore,Yes,0,0,Clothing,Hoodie,Adidas,233,False,Active,0.0,0.0,100.0
CUST003245,5,7,30393,6078.6,12.6,3.4,2024-03-09,2024-12-27,20,Young Adult,Female,Nagpur,Yes,1,4,Clothing,Kurta,Max,3,False,Active,20.0,80.0,20.0
CUST003246,2,3,9714,4857.0,9.5,3.0,2023-03-13,2023-03-25,64,Adult,Male,Surat,No,1,2,Clothing,Kurta,Adidas,646,True,Inactive 270+ days,50.0,100.0,0.0
CUST003247,3,5,77289,25763.0,9.0,3.33,2023-04-02,2023-12-31,46,Adult,Female,Chandigarh,No,0,3,Footwear,Kurta,Adidas,365,True,Inactive 270+ days,0.0,100.0,0.0
CUST003248,1,1,2767,2767.0,0.0,4.0,2024-03-10,2024-03-10,36,Adult,Female,Bhubaneswar,No,0,0,Clothing,Shirt,Levis,295,True,Inactive 270+ days,0.0,0.0,100.0
CUST003249,6,11,53105,8850.83,10.33,4.0,2023-01-27,2024-09-26,62,Adult,Female,Gurgaon,Yes,1,4,Clothing,Shorts,Adidas,95,False,Active,16.67,66.67,33.33
CUST003250,2,4,11518,5759.0,11.0,3.5,2023-12-04,2024-03-02,22,Young Adult,Female,Noida,No,0,1,Clothing,Hoodie,Adidas,303,True,Inactive 270+ days,0.0,50.0,50.0
CUST003251,5,7,29072,5814.4,7.4,3.2,2023-01-14,2024-07-10,48,Adult,Male,Indore,No,0,3,Clothing,Shorts,Biba,173,False,Active,0.0,60.0,40.0
CUST003252,2,2,9793,4896.5,8.0,3.5,2023-06-01,2024-12-09,27,Adult,Male,Nagpur,No,1,1,Clothing,Saree,Bata,21,False,Active,50.0,50.0,50.0
CUST003253,5,7,44504,8900.8,11.4,2.8,2023-02-20,2024-12-25,45,Adult,Female,Patna,No,0,5,Clothing,Backpack,Max,5,False,Active,0.0,100.0,0.0
CUST003254,3,5,14030,4676.67,11.67,3.0,2023-12-21,2024-12-19,56,Adult,Female,Delhi,No,0,3,Clothing,Jeans,Allen Solly,11,False,Active,0.0,100.0,0.0
CUST003255,7,10,29417,4202.43,7.57,3.43,2023-02-23,2024-12-04,57,Adult,Female,Pune,No,3,6,Footwear,Bag,Hush Puppies,26,False,Active,42.86,85.71,14.29
CUST003256,5,5,23599,4719.8,9.0,2.8,2023-01-03,2023-09-22,30,Adult,Male,Mumbai,Yes,2,5,Clothing,Formal Shoes,Max,465,True,Inactive 270+ days,40.0,100.0,0.0
CUST003257,3,4,21391,7130.33,2.67,3.33,2023-12-28,2024-05-05,47,Adult,Male,Patna,Yes,0,2,Clothing,Saree,FabIndia,239,False,Active,0.0,66.67,33.33
CUST003258,3,3,2595,865.0,16.33,2.33,2023-05-22,2024-11-07,24,Young Adult,Male,Nagpur,No,0,2,Clothing,Saree,Max,53,False,Active,0.0,66.67,33.33
CUST003259,5,7,13437,2687.4,11.0,3.4,2023-03-12,2024-11-04,44,Adult,Other,Chandigarh,No,1,4,Clothing,Kurta,Max,56,False,Active,20.0,80.0,20.0
CUST003260,6,10,103055,17175.83,3.83,4.17,2023-02-09,2024-06-22,36,Adult,Male,Bangalore,No,1,4,Clothing,Sneakers,Nike,191,False,Active,16.67,66.67,33.33
CUST003261,2,3,4411,2205.5,6.0,3.5,2023-01-14,2023-02-27,50,Adult,Female,Chandigarh,No,0,1,Accessories,Belt,Levis,672,True,Inactive 270+ days,0.0,50.0,50.0
CUST003262,4,5,25464,6366.0,7.25,3.5,2023-07-01,2024-11-25,27,Adult,Other,Bhubaneswar,No,0,4,Footwear,Bag,FabIndia,35,False,Active,0.0,100.0,0.0
CUST003263,1,4,2738,2738.0,10.0,5.0,2024-02-06,2024-02-06,22,Young Adult,Male,Hyderabad,No,0,1,Clothing,Shorts,Allen Solly,328,True,Inactive 270+ days,0.0,100.0,0.0
CUST003264,1,1,9711,9711.0,11.0,3.0,2023-06-23,2023-06-23,21,Young Adult,Female,Bhubaneswar,Yes,0,1,Footwear,Sneakers,HRX,556,True,Inactive 270+ days,0.0,100.0,0.0
CUST003265,2,6,25714,12857.0,3.0,3.5,2023-08-21,2023-09-07,60,Adult,Female,Bangalore,No,0,2,Accessories,Running Shoes,Puma,480,True,Inactive 270+ days,0.0,100.0,0.0
CUST003266,2,6,19429,9714.5,6.5,3.5,2023-09-10,2024-05-13,25,Young Adult,Male,Mumbai,No,1,1,Clothing,Jacket,Allen Solly,231,False,Active,50.0,50.0,50.0
CUST003267,4,5,40508,10127.0,8.0,4.0,2024-02-27,2024-11-22,24,Young Adult,Male,Patna,No,0,1,Clothing,Running Shoes,Nike,38,False,Active,0.0,25.0,75.0
CUST003268,4,5,20656,5164.0,4.0,3.0,2023-03-06,2024-03-24,20,Young Adult,Male,Kochi,Yes,1,4,Footwear,Boots,Max,281,True,Inactive 270+ days,25.0,100.0,0.0
CUST003269,3,5,13766,4588.67,8.0,3.67,2023-05-18,2024-07-19,20,Young Adult,Male,Visakhapatnam,No,0,1,Clothing,Formal Shoes,Adidas,164,False,Active,0.0,33.33,66.67
CUST003270,1,1,11396,11396.0,12.0,3.0,2023-09-10,2023-09-10,27,Adult,Male,Hyderabad,No,0,1,Footwear,Sneakers,HRX,477,True,Inactive 270+ days,0.0,100.0,0.0
CUST003271,2,2,14709,7354.5,27.5,4.0,2023-11-27,2024-10-19,50,Adult,Female,Kolkata,No,0,1,Clothing,Jacket,Adidas,72,False,Active,0.0,50.0,50.0
CUST003272,1,1,2403,2403.0,9.0,4.0,2023-03-07,2023-03-07,35,Adult,Female,Lucknow,No,0,1,Clothing,Dress,Zara,664,True,Inactive 270+ days,0.0,100.0,0.0
CUST003273,6,8,64033,10672.17,17.33,3.5,2023-02-12,2024-11-22,55,Adult,Male,Lucknow,Yes,0,6,Clothing,Running Shoes,Biba,38,False,Active,0.0,100.0,0.0
CUST003274,2,4,38760,19380.0,3.5,3.5,2024-01-16,2024-05-30,24,Young Adult,Female,Mumbai,No,0,2,Accessories,Belt,Adidas,214,False,Active,0.0,100.0,0.0
CUST003275,3,6,12096,4032.0,8.0,4.0,2023-05-31,2024-01-07,22,Young Adult,Male,Bhubaneswar,No,0,3,Clothing,Jacket,Adidas,358,True,Inactive 270+ days,0.0,100.0,0.0
CUST003276,4,8,19585,4896.25,7.25,3.75,2023-01-23,2024-06-05,59,Adult,Female,Noida,No,1,4,Accessories,Bag,Allen Solly,208,False,Active,25.0,100.0,0.0
CUST003277,2,2,5961,2980.5,11.5,3.5,2023-08-12,2024-11-02,50,Adult,Female,Visakhapatnam,No,2,2,Accessories,Backpack,Levis,58,False,Active,100.0,100.0,0.0
CUST003278,1,1,4102,4102.0,11.0,3.0,2023-11-29,2023-11-29,18,Young Adult,Female,Visakhapatnam,No,0,1,Accessories,Bag,Levis,397,True,Inactive 270+ days,0.0,100.0,0.0
CUST003279,1,2,2326,2326.0,4.0,4.0,2024-02-24,2024-02-24,51,Adult,Male,Bangalore,Yes,1,1,Accessories,Belt,Puma,310,True,Inactive 270+ days,100.0,100.0,0.0
CUST003280,3,4,15244,5081.33,3.33,3.0,2023-02-23,2024-09-21,26,Adult,Male,Lucknow,No,1,1,Accessories,Boots,H&M,100,False,Active,33.33,33.33,66.67
CUST003281,4,5,19094,4773.5,12.0,3.75,2023-02-18,2024-08-28,40,Adult,Female,Lucknow,No,1,2,Clothing,Jacket,Nike,124,False,Active,25.0,50.0,50.0
CUST003282,4,7,50182,12545.5,14.75,3.5,2023-05-22,2024-11-14,62,Adult,Female,Ahmedabad,Yes,0,3,Footwear,Boots,Bata,46,False,Active,0.0,75.0,25.0
CUST003283,1,3,2937,2937.0,14.0,2.0,2023-12-19,2023-12-19,63,Adult,Female,Noida,Yes,0,1,Clothing,Saree,Max,377,True,Inactive 270+ days,0.0,100.0,0.0
CUST003284,2,2,2778,1389.0,7.5,3.0,2024-07-08,2024-09-22,36,Adult,Male,Chandigarh,No,1,2,Clothing,Shirt,H&M,99,False,Active,50.0,100.0,0.0
CUST003285,2,2,11128,5564.0,6.0,5.0,2023-05-28,2024-12-30,41,Adult,Male,Chennai,Yes,0,2,Clothing,Jacket,Allen Solly,0,False,Active,0.0,100.0,0.0
CUST003286,6,10,126587,21097.83,6.33,3.67,2023-02-21,2024-07-27,61,Adult,Female,Lucknow,No,1,4,Footwear,Saree,Adidas,156,False,Active,16.67,66.67,33.33
CUST003287,1,1,3814,3814.0,14.0,4.0,2023-08-03,2023-08-03,34,Adult,Female,Gurgaon,No,0,1,Clothing,Jeans,Allen Solly,515,True,Inactive 270+ days,0.0,100.0,0.0
CUST003288,1,3,29556,29556.0,1.0,4.0,2023-04-15,2023-04-15,36,Adult,Female,Chandigarh,No,0,0,Footwear,Running Shoes,Adidas,625,True,Inactive 270+ days,0.0,0.0,100.0
CUST003289,1,2,2723,2723.0,5.0,3.0,2023-10-22,2023-10-22,47,Adult,Female,Jaipur,No,0,1,Footwear,Boots,Max,435,True,Inactive 270+ days,0.0,100.0,0.0
CUST003290,1,1,3148,3148.0,13.0,3.0,2023-02-25,2023-02-25,30,Adult,Male,Noida,Yes,1,1,Clothing,Shirt,Allen Solly,674,True,Inactive 270+ days,100.0,100.0,0.0
CUST003291,2,3,4909,2454.5,13.5,3.5,2023-07-23,2024-03-16,45,Adult,Female,Noida,No,0,2,Accessories,Jeans,Levis,289,True,Inactive 270+ days,0.0,100.0,0.0
CUST003292,2,4,7581,3790.5,7.5,3.0,2024-09-29,2024-10-06,63,Adult,Female,Jaipur,No,1,2,Clothing,Jacket,Biba,85,False,Active,50.0,100.0,0.0
CUST003293,3,3,8400,2800.0,5.67,3.33,2023-01-20,2024-12-24,26,Adult,Female,Patna,No,1,3,Footwear,Belt,Hush Puppies,6,False,Active,33.33,100.0,0.0
CUST003294,2,6,10390,5195.0,4.0,4.0,2023-06-18,2024-06-19,21,Young Adult,Male,Bangalore,No,1,2,Accessories,Hoodie,Puma,194,False,Active,50.0,100.0,0.0
CUST003295,5,6,29742,5948.4,6.4,3.0,2023-01-19,2024-04-28,20,Young Adult,Female,Bhubaneswar,Yes,1,3,Clothing,Hoodie,Adidas,246,False,Active,20.0,60.0,40.0
CUST003296,2,2,9333,4666.5,13.5,3.5,2023-06-06,2024-12-14,60,Adult,Female,Pune,Yes,1,2,Footwear,Running Shoes,Bata,16,False,Active,50.0,100.0,0.0
CUST003297,5,5,19865,3973.0,5.0,3.4,2023-11-05,2024-12-30,39,Adult,Male,Bangalore,Yes,2,1,Clothing,Boots,FabIndia,0,False,Active,40.0,20.0,80.0
CUST003298,5,7,16389,3277.8,9.2,3.0,2023-06-21,2024-09-01,55,Adult,Male,Indore,Yes,1,3,Clothing,Shorts,Adidas,120,False,Active,20.0,60.0,40.0
CUST003299,4,5,12183,3045.75,15.5,3.75,2024-03-15,2024-08-29,54,Adult,Female,Pune,No,0,4,Clothing,Dress,Allen Solly,123,False,Active,0.0,100.0,0.0
CUST003300,3,6,35168,11722.67,1.67,3.67,2023-07-10,2024-02-18,42,Adult,Male,Visakhapatnam,No,0,1,Footwear,Running Shoes,Levis,316,True,Inactive 270+ days,0.0,33.33,66.67
CUST003301,1,1,555,555.0,15.0,5.0,2024-08-03,2024-08-03,39,Adult,Male,Patna,Yes,0,1,Accessories,Socks,Puma,149,False,Active,0.0,100.0,0.0
CUST003302,2,2,9564,4782.0,6.5,2.5,2024-02-05,2024-10-23,43,Adult,Male,Nagpur,Yes,0,1,Clothing,Saree,Biba,68,False,Active,0.0,50.0,50.0
CUST003303,3,4,7707,2569.0,7.0,4.0,2023-01-28,2024-05-14,52,Adult,Male,Surat,No,1,3,Clothing,Kurta,Biba,230,False,Active,33.33,100.0,0.0
CUST003304,2,5,8297,4148.5,9.0,3.0,2023-08-30,2024-04-12,44,Adult,Female,Kochi,No,0,1,Footwear,Formal Shoes,Max,262,False,Active,0.0,50.0,50.0
CUST003306,4,4,3876,969.0,18.5,2.5,2023-01-08,2024-11-13,41,Adult,Male,Pune,No,1,2,Clothing,Cap,HRX,47,False,Active,25.0,50.0,50.0
CUST003307,3,7,19736,6578.67,7.0,3.67,2024-01-21,2024-10-31,36,Adult,Female,Mumbai,No,0,3,Clothing,Sandals,H&M,60,False,Active,0.0,100.0,0.0
CUST003308,3,4,15677,5225.67,4.33,3.33,2024-02-13,2024-09-25,38,Adult,Female,Noida,No,1,2,Footwear,Cap,Levis,96,False,Active,33.33,66.67,33.33
CUST003309,5,7,38560,7712.0,12.8,3.8,2023-10-19,2024-12-21,18,Young Adult,Male,Bangalore,No,1,5,Clothing,T-shirt,Hush Puppies,9,False,Active,20.0,100.0,0.0
CUST003310,3,4,10330,3443.33,9.67,2.67,2023-12-31,2024-12-02,29,Adult,Male,Kochi,No,0,2,Clothing,Kurta,FabIndia,28,False,Active,0.0,66.67,33.33
CUST003311,4,4,63776,15944.0,16.0,3.25,2023-01-08,2024-11-13,43,Adult,Female,Kolkata,No,1,3,Footwear,Running Shoes,Nike,47,False,Active,25.0,75.0,25.0
CUST003312,3,6,6574,2191.33,9.0,3.0,2023-04-03,2024-08-07,24,Young Adult,Male,Gurgaon,No,2,3,Clothing,Dress,Max,145,False,Active,66.67,100.0,0.0
CUST003313,3,4,13675,4558.33,4.33,3.67,2023-12-01,2024-03-31,47,Adult,Male,Ahmedabad,No,1,2,Clothing,T-shirt,FabIndia,274,True,Inactive 270+ days,33.33,66.67,33.33
CUST003314,4,6,42145,10536.25,13.0,2.75,2023-03-18,2024-10-07,41,Adult,Other,Kolkata,No,1,3,Clothing,Jacket,Biba,84,False,Active,25.0,75.0,25.0
CUST003315,3,4,25151,8383.67,10.67,4.0,2023-01-17,2023-12-19,56,Adult,Male,Pune,No,0,2,Clothing,Saree,Biba,377,True,Inactive 270+ days,0.0,66.67,33.33
CUST003316,4,4,6582,1645.5,5.5,2.25,2023-03-10,2024-12-16,60,Adult,Male,Chennai,No,0,4,Clothing,Bag,Max,14,False,Active,0.0,100.0,0.0
CUST003317,2,3,5812,2906.0,7.5,3.0,2023-03-15,2023-11-23,63,Adult,Female,Lucknow,Yes,1,1,Accessories,Shirt,Max,403,True,Inactive 270+ days,50.0,50.0,50.0
CUST003318,4,8,17004,4251.0,14.0,4.0,2023-09-18,2024-05-15,39,Adult,Female,Patna,No,0,3,Clothing,Kurta,Puma,229,False,Active,0.0,75.0,25.0
CUST003319,2,3,44589,22294.5,14.0,4.0,2024-10-10,2024-11-09,63,Adult,Male,Kolkata,Yes,0,2,Clothing,Dress,Nike,51,False,Active,0.0,100.0,0.0
CUST003320,1,2,26596,26596.0,7.0,4.0,2023-07-21,2023-07-21,60,Adult,Male,Delhi,No,0,1,Footwear,Sneakers,Adidas,528,True,Inactive 270+ days,0.0,100.0,0.0
CUST003321,2,2,4129,2064.5,2.0,3.5,2023-02-16,2023-10-15,55,Adult,Male,Bhubaneswar,No,0,2,Accessories,Belt,Puma,442,True,Inactive 270+ days,0.0,100.0,0.0
CUST003322,2,2,12710,6355.0,18.0,3.5,2024-05-06,2024-08-12,34,Adult,Male,Noida,No,0,1,Accessories,Backpack,Adidas,140,False,Active,0.0,50.0,50.0
CUST003323,3,6,38365,12788.33,7.67,4.0,2023-12-10,2024-08-16,56,Adult,Female,Hyderabad,No,2,1,Accessories,Sneakers,Adidas,136,False,Active,66.67,33.33,66.67
CUST003324,4,5,15676,3919.0,7.25,3.5,2023-03-21,2024-05-27,58,Adult,Female,Delhi,No,0,3,Clothing,Kurta,FabIndia,217,False,Active,0.0,75.0,25.0
CUST003325,1,1,1588,1588.0,8.0,2.0,2024-05-27,2024-05-27,19,Young Adult,Male,Delhi,No,0,1,Clothing,Saree,Max,217,False,Active,0.0,100.0,0.0
CUST003326,5,6,57020,11404.0,5.6,4.0,2023-03-23,2024-11-06,27,Adult,Female,Kolkata,No,0,4,Clothing,Sneakers,HRX,54,False,Active,0.0,80.0,20.0
CUST003327,2,5,17583,8791.5,7.0,3.5,2023-12-29,2024-12-24,32,Adult,Female,Kochi,No,0,2,Accessories,Backpack,Levis,6,False,Active,0.0,100.0,0.0
CUST003328,1,1,3615,3615.0,5.0,4.0,2024-11-07,2024-11-07,25,Young Adult,Male,Kolkata,No,0,1,Clothing,Saree,Biba,53,False,Active,0.0,100.0,0.0
CUST003329,1,2,2426,2426.0,4.0,4.0,2024-05-03,2024-05-03,42,Adult,Male,Hyderabad,No,1,1,Clothing,Kurta,Max,241,False,Active,100.0,100.0,0.0
CUST003330,5,7,44816,8963.2,9.4,3.0,2023-06-27,2024-09-15,46,Adult,Female,Bhubaneswar,Yes,1,5,Accessories,Backpack,Wildcraft,106,False,Active,20.0,100.0,0.0
CUST003331,4,10,28857,7214.25,11.75,3.5,2023-08-18,2024-07-02,23,Young Adult,Female,Mumbai,No,0,3,Accessories,Backpack,FabIndia,181,False,Active,0.0,75.0,25.0
CUST003333,1,1,1947,1947.0,6.0,4.0,2023-04-11,2023-04-11,40,Adult,Male,Ahmedabad,Yes,0,1,Clothing,Hoodie,Puma,629,True,Inactive 270+ days,0.0,100.0,0.0
CUST003334,3,4,10249,3416.33,7.0,4.0,2023-05-30,2024-06-18,34,Adult,Male,Kolkata,Yes,1,2,Clothing,Heels,Adidas,195,False,Active,33.33,66.67,33.33
CUST003335,3,4,10974,3658.0,7.0,3.33,2023-07-27,2024-07-25,50,Adult,Female,Patna,Yes,1,3,Clothing,Saree,Biba,158,False,Active,33.33,100.0,0.0
CUST003336,4,7,55414,13853.5,7.5,4.25,2023-08-05,2024-08-11,58,Adult,Male,Gurgaon,No,0,3,Footwear,Dress,Zara,141,False,Active,0.0,75.0,25.0
CUST003337,5,5,23408,4681.6,9.0,3.4,2023-04-16,2024-10-14,58,Adult,Female,Mumbai,No,1,3,Clothing,Dress,H&M,77,False,Active,20.0,60.0,40.0
CUST003338,1,1,2699,2699.0,15.0,4.0,2024-01-31,2024-01-31,32,Adult,Female,Ahmedabad,No,0,0,Accessories,Backpack,Puma,334,True,Inactive 270+ days,0.0,0.0,100.0
CUST003339,3,3,22545,7515.0,16.0,3.33,2023-01-22,2024-08-26,40,Adult,Male,Ahmedabad,No,0,1,Accessories,Bag,Fastrack,126,False,Active,0.0,33.33,66.67
CUST003340,2,4,22846,11423.0,30.0,4.5,2024-07-15,2024-10-25,31,Adult,Male,Nagpur,No,0,1,Clothing,Boots,Nike,66,False,Active,0.0,50.0,50.0
CUST003341,2,3,9729,4864.5,11.5,4.0,2023-02-01,2024-08-16,20,Young Adult,Female,Bhubaneswar,No,0,1,Clothing,Sandals,Hush Puppies,136,False,Active,0.0,50.0,50.0
CUST003342,1,1,1660,1660.0,6.0,2.0,2023-05-17,2023-05-17,33,Adult,Male,Kolkata,No,0,1,Clothing,Jacket,HRX,593,True,Inactive 270+ days,0.0,100.0,0.0
CUST003343,3,4,13221,4407.0,5.67,4.0,2023-03-13,2024-11-18,25,Young Adult,Female,Chennai,No,0,3,Clothing,Kurta,Allen Solly,42,False,Active,0.0,100.0,0.0
CUST003344,3,3,10747,3582.33,8.33,3.67,2023-03-22,2024-11-08,54,Adult,Female,Surat,No,1,3,Accessories,Boots,Hush Puppies,52,False,Active,33.33,100.0,0.0
CUST003345,4,5,32184,8046.0,11.75,3.75,2023-08-21,2024-12-04,37,Adult,Female,Gurgaon,No,1,3,Footwear,Heels,Bata,26,False,Active,25.0,75.0,25.0
CUST003346,2,4,93654,46827.0,8.5,3.0,2023-06-07,2023-10-05,63,Adult,Female,Pune,No,1,2,Clothing,Kurta,Max,452,True,Inactive 270+ days,50.0,100.0,0.0
CUST003347,2,2,4052,2026.0,3.5,3.0,2023-06-04,2024-09-16,30,Adult,Male,Surat,Yes,1,1,Clothing,Hoodie,HRX,105,False,Active,50.0,50.0,50.0
CUST003348,2,2,9363,4681.5,2.5,4.0,2023-06-28,2024-05-06,18,Young Adult,Male,Kochi,No,1,2,Clothing,Saree,Biba,238,False,Active,50.0,100.0,0.0
CUST003349,4,9,19722,4930.5,7.25,3.0,2023-09-25,2024-03-13,55,Adult,Female,Lucknow,No,0,2,Clothing,T-shirt,HRX,292,True,Inactive 270+ days,0.0,50.0,50.0
CUST003350,6,6,27566,4594.33,12.33,3.67,2023-03-18,2024-07-23,36,Adult,Female,Pune,Yes,1,3,Clothing,Boots,Adidas,160,False,Active,16.67,50.0,50.0
CUST003351,2,4,16456,8228.0,6.5,3.0,2023-06-30,2024-03-29,51,Adult,Male,Pune,No,0,2,Footwear,Boots,Max,276,True,Inactive 270+ days,0.0,100.0,0.0
CUST003352,2,2,2513,1256.5,16.5,3.0,2023-08-15,2024-01-24,24,Young Adult,Female,Indore,Yes,0,1,Accessories,Backpack,Roadster,341,True,Inactive 270+ days,0.0,50.0,50.0
CUST003353,4,5,39819,9954.75,15.75,3.75,2023-07-11,2024-06-28,52,Adult,Other,Jaipur,No,0,3,Clothing,Cap,Fastrack,185,False,Active,0.0,75.0,25.0
CUST003354,3,4,18428,6142.67,7.67,3.67,2024-02-02,2024-10-01,36,Adult,Female,Indore,No,0,3,Clothing,Hoodie,Adidas,90,False,Active,0.0,100.0,0.0
CUST003355,1,1,8772,8772.0,10.0,5.0,2023-08-29,2023-08-29,59,Adult,Male,Bhubaneswar,No,0,0,Footwear,Running Shoes,Puma,489,True,Inactive 270+ days,0.0,0.0,100.0
CUST003356,4,4,7663,1915.75,7.25,3.75,2024-02-19,2024-08-10,48,Adult,Other,Visakhapatnam,No,0,3,Clothing,Hoodie,Biba,142,False,Active,0.0,75.0,25.0
CUST003357,4,6,43060,10765.0,5.75,4.25,2023-01-04,2024-12-25,56,Adult,Female,Kolkata,No,0,4,Clothing,Cap,Puma,5,False,Active,0.0,100.0,0.0
CUST003358,6,10,24182,4030.33,5.17,3.17,2023-02-15,2024-11-23,37,Adult,Female,Kochi,No,1,6,Clothing,T-shirt,Adidas,37,False,Active,16.67,100.0,0.0
CUST003359,3,4,14105,4701.67,8.33,3.67,2023-03-28,2024-04-07,64,Adult,Male,Nagpur,No,1,3,Clothing,Kurta,Adidas,267,False,Active,33.33,100.0,0.0
CUST003360,3,5,7779,2593.0,10.0,2.0,2023-06-25,2024-11-08,26,Adult,Female,Delhi,No,1,3,Accessories,Backpack,Max,52,False,Active,33.33,100.0,0.0
CUST003361,2,2,10764,5382.0,6.0,3.0,2023-12-10,2024-09-03,37,Adult,Female,Ahmedabad,Yes,0,1,Clothing,Kurta,Adidas,118,False,Active,0.0,50.0,50.0
CUST003362,4,6,23158,5789.5,10.5,3.5,2023-03-04,2024-03-07,42,Adult,Male,Jaipur,No,2,3,Clothing,Boots,Bata,298,True,Inactive 270+ days,50.0,75.0,25.0
CUST003363,1,1,7075,7075.0,8.0,4.0,2023-02-08,2023-02-08,56,Adult,Male,Jaipur,No,0,1,Footwear,Heels,Zara,691,True,Inactive 270+ days,0.0,100.0,0.0
CUST003364,3,4,50565,16855.0,1.67,3.67,2023-05-22,2024-05-24,19,Young Adult,Female,Indore,Yes,1,2,Accessories,Jacket,Nike,220,False,Active,33.33,66.67,33.33
CUST003366,3,3,3445,1148.33,6.33,4.0,2023-03-04,2024-05-01,58,Adult,Female,Nagpur,Yes,0,1,Clothing,T-shirt,Adidas,243,False,Active,0.0,33.33,66.67
CUST003367,4,5,29553,7388.25,5.25,4.25,2023-02-01,2024-09-15,62,Adult,Female,Bhubaneswar,Yes,0,4,Clothing,Bag,Nike,106,False,Active,0.0,100.0,0.0
CUST003368,3,4,24830,8276.67,8.67,3.33,2023-03-15,2024-09-17,42,Adult,Female,Kolkata,No,1,3,Footwear,Formal Shoes,Hush Puppies,104,False,Active,33.33,100.0,0.0
CUST003369,3,5,33579,11193.0,10.33,3.33,2024-06-11,2024-12-03,38,Adult,Male,Jaipur,No,0,3,Accessories,Cap,Puma,27,False,Active,0.0,100.0,0.0
CUST003370,1,1,1266,1266.0,8.0,4.0,2023-07-19,2023-07-19,55,Adult,Female,Kolkata,No,0,1,Clothing,Saree,Biba,530,True,Inactive 270+ days,0.0,100.0,0.0
CUST003371,3,3,4672,1557.33,5.67,3.33,2023-12-17,2024-06-12,56,Adult,Male,Bhubaneswar,No,0,3,Accessories,Backpack,Adidas,201,False,Active,0.0,100.0,0.0
CUST003372,1,1,372,372.0,0.0,4.0,2024-12-05,2024-12-05,60,Adult,Female,Indore,No,0,0,Accessories,Cap,Levis,25,False,Active,0.0,0.0,100.0
CUST003373,6,9,37114,6185.67,11.5,4.0,2023-07-13,2024-08-15,21,Young Adult,Male,Kolkata,Yes,1,3,Accessories,Cap,Adidas,137,False,Active,16.67,50.0,50.0
CUST003374,5,7,22718,4543.6,11.2,3.4,2023-08-08,2024-02-17,54,Adult,Other,Chandigarh,No,1,2,Footwear,Boots,Bata,317,True,Inactive 270+ days,20.0,40.0,60.0
CUST003375,2,2,5904,2952.0,14.5,5.0,2023-06-29,2023-08-18,63,Adult,Male,Noida,Yes,1,2,Clothing,Jacket,Allen Solly,500,True,Inactive 270+ days,50.0,100.0,0.0
CUST003376,5,6,29924,5984.8,6.8,3.2,2023-04-04,2024-06-01,40,Adult,Female,Jaipur,No,0,5,Accessories,Belt,Fastrack,212,False,Active,0.0,100.0,0.0
CUST003377,2,3,14745,7372.5,8.5,3.5,2023-11-15,2024-05-18,22,Young Adult,Male,Patna,Yes,0,0,Clothing,Running Shoes,Adidas,226,False,Active,0.0,0.0,100.0
CUST003378,4,5,22018,5504.5,8.25,3.75,2023-09-01,2024-10-22,26,Adult,Male,Surat,No,2,4,Clothing,Bag,Bata,69,False,Active,50.0,100.0,0.0
CUST003379,2,2,7983,3991.5,12.0,3.0,2023-08-18,2024-05-10,22,Young Adult,Male,Lucknow,No,1,2,Clothing,Hoodie,Adidas,234,False,Active,50.0,100.0,0.0
CUST003380,2,2,7637,3818.5,10.0,3.0,2023-06-27,2024-09-13,36,Adult,Other,Bangalore,No,1,1,Footwear,Heels,HRX,108,False,Active,50.0,50.0,50.0
CUST003381,3,3,10783,3594.33,6.33,3.67,2023-06-28,2023-10-10,20,Young Adult,Female,Surat,No,1,3,Footwear,Running Shoes,Allen Solly,447,True,Inactive 270+ days,33.33,100.0,0.0
CUST003382,3,6,82598,27532.67,5.67,3.67,2023-09-24,2024-08-16,32,Adult,Male,Noida,No,0,3,Accessories,Kurta,Adidas,136,False,Active,0.0,100.0,0.0
CUST003383,2,4,84189,42094.5,8.0,4.5,2023-06-21,2024-10-03,64,Adult,Male,Hyderabad,No,1,2,Footwear,Running Shoes,Nike,88,False,Active,50.0,100.0,0.0
CUST003385,2,2,19618,9809.0,0.5,4.0,2023-06-11,2023-08-26,63,Adult,Male,Kochi,Yes,0,2,Clothing,Kurta,Biba,492,True,Inactive 270+ days,0.0,100.0,0.0
CUST003386,2,2,1961,980.5,9.5,4.0,2023-09-23,2024-07-09,44,Adult,Female,Visakhapatnam,No,0,1,Accessories,Kurta,FabIndia,174,False,Active,0.0,50.0,50.0
CUST003387,5,6,16150,3230.0,7.8,3.8,2023-02-25,2024-09-05,47,Adult,Female,Nagpur,No,1,3,Clothing,Belt,Hush Puppies,116,False,Active,20.0,60.0,40.0
CUST003388,1,1,3406,3406.0,8.0,4.0,2023-01-10,2023-01-10,38,Adult,Male,Hyderabad,Yes,0,1,Footwear,Running Shoes,Adidas,720,True,Inactive 270+ days,0.0,100.0,0.0
CUST003389,4,4,5408,1352.0,2.75,4.0,2023-01-26,2024-12-10,25,Young Adult,Female,Ahmedabad,No,0,3,Accessories,Belt,Puma,20,False,Active,0.0,75.0,25.0
CUST003390,2,6,12027,6013.5,6.0,2.5,2024-05-25,2024-08-01,34,Adult,Female,Delhi,No,0,2,Clothing,Formal Shoes,HRX,151,False,Active,0.0,100.0,0.0
CUST003391,2,5,8072,4036.0,9.5,3.5,2023-04-25,2023-11-22,19,Young Adult,Female,Chennai,Yes,0,2,Clothing,Shorts,Max,404,True,Inactive 270+ days,0.0,100.0,0.0
CUST003392,4,4,19099,4774.75,9.75,3.5,2023-01-05,2024-12-05,38,Adult,Female,Visakhapatnam,No,0,3,Footwear,Heels,HRX,25,False,Active,0.0,75.0,25.0
CUST003393,2,6,12993,6496.5,6.0,3.0,2023-01-14,2024-02-16,39,Adult,Male,Kolkata,No,1,1,Clothing,Jacket,Biba,318,True,Inactive 270+ days,50.0,50.0,50.0
CUST003394,4,4,5848,1462.0,10.5,3.25,2023-06-07,2024-08-16,20,Young Adult,Male,Indore,No,0,1,Clothing,Belt,Adidas,136,False,Active,0.0,25.0,75.0
CUST003395,1,1,3671,3671.0,11.0,3.0,2023-06-29,2023-06-29,38,Adult,Other,Nagpur,No,0,1,Clothing,Hoodie,Nike,550,True,Inactive 270+ days,0.0,100.0,0.0
CUST003396,2,3,9851,4925.5,4.5,3.5,2023-05-25,2024-06-13,28,Adult,Male,Mumbai,Yes,1,2,Clothing,Dress,HRX,200,False,Active,50.0,100.0,0.0
CUST003397,4,5,8134,2033.5,10.5,2.5,2023-01-05,2024-10-16,47,Adult,Male,Visakhapatnam,No,0,3,Clothing,Belt,HRX,75,False,Active,0.0,75.0,25.0
CUST003398,2,3,5800,2900.0,11.0,4.0,2023-07-29,2024-04-30,33,Adult,Female,Pune,No,0,1,Accessories,Bag,Allen Solly,244,False,Active,0.0,50.0,50.0
CUST003399,3,4,12777,4259.0,10.67,4.0,2024-01-19,2024-10-13,21,Young Adult,Female,Mumbai,No,0,2,Footwear,Dress,Bata,78,False,Active,0.0,66.67,33.33
CUST003400,3,3,18357,6119.0,8.0,4.33,2023-02-17,2024-08-28,27,Adult,Female,Jaipur,No,0,2,Accessories,Boots,Zara,124,False,Active,0.0,66.67,33.33
CUST003401,4,6,34251,8562.75,10.25,4.5,2023-07-28,2024-08-16,41,Adult,Female,Bangalore,No,0,3,Clothing,Kurta,Biba,136,False,Active,0.0,75.0,25.0
CUST003402,3,3,39042,13014.0,6.33,3.33,2024-01-28,2024-11-24,58,Adult,Male,Mumbai,No,1,3,Clothing,Hoodie,Nike,36,False,Active,33.33,100.0,0.0
CUST003403,6,9,30121,5020.17,8.0,4.0,2023-03-15,2024-12-19,24,Young Adult,Male,Kochi,No,2,5,Footwear,Boots,Adidas,11,False,Active,33.33,83.33,16.67
CUST003404,4,5,51420,12855.0,6.0,4.0,2023-03-08,2024-12-03,21,Young Adult,Female,Lucknow,No,0,3,Footwear,Running Shoes,Nike,27,False,Active,0.0,75.0,25.0
CUST003405,3,5,29723,9907.67,10.0,3.67,2023-11-10,2024-05-13,30,Adult,Male,Surat,No,0,3,Footwear,Formal Shoes,Adidas,231,False,Active,0.0,100.0,0.0
CUST003406,5,7,54147,10829.4,6.8,3.6,2023-05-01,2024-09-12,56,Adult,Male,Pune,No,1,1,Footwear,Heels,Adidas,109,False,Active,20.0,20.0,80.0
CUST003407,3,3,5456,1818.67,4.0,4.33,2023-06-08,2024-06-30,46,Adult,Male,Pune,No,0,2,Footwear,Jacket,Max,183,False,Active,0.0,66.67,33.33
CUST003408,3,3,3557,1185.67,8.33,2.67,2023-07-23,2024-01-01,45,Adult,Female,Lucknow,No,0,3,Clothing,Dress,Biba,364,True,Inactive 270+ days,0.0,100.0,0.0
CUST003409,5,9,24833,4966.6,13.0,3.6,2023-01-26,2024-08-22,38,Adult,Male,Chandigarh,Yes,1,2,Clothing,Heels,FabIndia,130,False,Active,20.0,40.0,60.0
CUST003410,7,11,30484,4354.86,7.86,3.71,2023-05-25,2024-11-06,33,Adult,Male,Noida,No,2,5,Clothing,Running Shoes,HRX,54,False,Active,28.57,71.43,28.57
CUST003411,3,5,47434,15811.33,8.0,4.67,2023-04-04,2023-12-17,63,Adult,Female,Jaipur,No,0,3,Footwear,Boots,FabIndia,379,True,Inactive 270+ days,0.0,100.0,0.0
CUST003412,3,5,27545,9181.67,8.67,3.67,2023-05-06,2024-10-08,62,Adult,Male,Jaipur,Yes,1,3,Clothing,Belt,Allen Solly,83,False,Active,33.33,100.0,0.0
CUST003413,6,6,34998,5833.0,7.0,4.33,2023-04-13,2024-12-13,46,Adult,Female,Kolkata,No,1,4,Accessories,Backpack,Tommy Hilfiger,17,False,Active,16.67,66.67,33.33
CUST003414,3,3,4442,1480.67,6.33,4.0,2023-01-20,2023-07-05,19,Young Adult,Female,Delhi,Yes,1,1,Accessories,Heels,Levis,544,True,Inactive 270+ days,33.33,33.33,66.67
CUST003415,3,4,15804,5268.0,2.33,2.67,2023-05-20,2024-05-31,58,Adult,Female,Lucknow,Yes,0,2,Accessories,Bag,Bata,213,False,Active,0.0,66.67,33.33
CUST003416,1,1,3601,3601.0,0.0,4.0,2024-05-13,2024-05-13,38,Adult,Female,Kolkata,Yes,0,1,Clothing,Hoodie,Nike,231,False,Active,0.0,100.0,0.0
CUST003417,2,4,12959,6479.5,6.5,3.0,2023-05-15,2023-08-22,63,Adult,Female,Patna,No,1,1,Accessories,Bag,Fastrack,496,True,Inactive 270+ days,50.0,50.0,50.0
CUST003418,3,3,11902,3967.33,4.33,4.33,2023-07-16,2024-07-31,51,Adult,Male,Bangalore,No,0,3,Footwear,Boots,Max,152,False,Active,0.0,100.0,0.0
CUST003419,2,2,1534,767.0,4.0,3.5,2024-05-20,2024-08-16,54,Adult,Female,Kolkata,No,0,1,Accessories,Socks,H&M,136,False,Active,0.0,50.0,50.0
CUST003420,2,3,22025,11012.5,7.5,3.5,2023-03-15,2023-09-29,49,Adult,Female,Delhi,No,1,1,Footwear,Heels,Nike,458,True,Inactive 270+ days,50.0,50.0,50.0
CUST003421,8,10,37352,4669.0,6.62,3.62,2023-07-01,2024-07-26,57,Adult,Female,Patna,No,1,7,Clothing,Saree,FabIndia,157,False,Active,12.5,87.5,12.5
CUST003422,8,15,73366,9170.75,8.62,4.0,2023-04-30,2024-12-18,61,Adult,Female,Jaipur,No,2,6,Clothing,Bag,Nike,12,False,Active,25.0,75.0,25.0
CUST003423,5,7,21926,4385.2,7.2,4.0,2023-05-11,2024-05-05,52,Adult,Male,Kolkata,No,0,4,Accessories,Socks,Levis,239,False,Active,0.0,80.0,20.0
CUST003424,3,4,25072,8357.33,9.0,3.0,2023-01-15,2024-09-24,27,Adult,Male,Chennai,No,1,3,Clothing,Jacket,Adidas,97,False,Active,33.33,100.0,0.0
CUST003425,3,4,17671,5890.33,8.33,3.67,2023-03-23,2024-09-23,48,Adult,Male,Bangalore,No,0,2,Accessories,Cap,FabIndia,98,False,Active,0.0,66.67,33.33
CUST003426,4,5,18731,4682.75,8.5,3.0,2023-06-07,2024-02-20,18,Young Adult,Male,Surat,Yes,0,3,Clothing,Heels,Adidas,314,True,Inactive 270+ days,0.0,75.0,25.0
CUST003427,2,4,18415,9207.5,7.0,3.5,2024-03-20,2024-06-05,64,Adult,Female,Pune,Yes,0,1,Accessories,Shirt,Levis,208,False,Active,0.0,50.0,50.0
CUST003428,3,4,6040,2013.33,9.0,3.0,2023-10-21,2024-05-25,28,Adult,Male,Chennai,No,2,2,Clothing,Dress,H&M,219,False,Active,66.67,66.67,33.33
CUST003429,2,2,2792,1396.0,7.0,4.0,2024-02-13,2024-06-03,31,Adult,Female,Indore,Yes,0,1,Clothing,Shorts,Levis,210,False,Active,0.0,50.0,50.0
CUST003430,4,6,28577,7144.25,11.0,3.75,2023-05-26,2024-12-13,44,Adult,Female,Ahmedabad,No,1,1,Clothing,Boots,Zara,17,False,Active,25.0,25.0,75.0
CUST003431,3,8,69431,23143.67,6.67,3.67,2023-01-31,2024-07-07,24,Young Adult,Female,Lucknow,No,0,3,Clothing,Kurta,Max,176,False,Active,0.0,100.0,0.0
CUST003432,4,4,25130,6282.5,6.25,4.25,2024-09-15,2024-12-10,53,Adult,Male,Surat,No,0,4,Footwear,Backpack,Adidas,20,False,Active,0.0,100.0,0.0
CUST003433,3,3,5835,1945.0,0.33,3.67,2023-05-31,2024-05-22,29,Adult,Male,Patna,No,1,2,Footwear,Backpack,Bata,222,False,Active,33.33,66.67,33.33
CUST003434,3,4,42556,14185.33,8.0,3.0,2023-10-19,2024-10-29,18,Young Adult,Female,Gurgaon,No,1,3,Footwear,Jacket,Adidas,62,False,Active,33.33,100.0,0.0
CUST003435,4,10,36747,9186.75,8.25,2.75,2023-02-06,2024-07-16,61,Adult,Male,Indore,Yes,1,4,Clothing,Backpack,FabIndia,167,False,Active,25.0,100.0,0.0
CUST003436,3,4,10053,3351.0,3.0,3.67,2023-04-26,2024-12-08,25,Young Adult,Male,Mumbai,No,0,3,Clothing,Kurta,Biba,22,False,Active,0.0,100.0,0.0
CUST003437,1,2,2548,2548.0,6.0,4.0,2023-11-20,2023-11-20,34,Adult,Female,Mumbai,No,1,1,Footwear,Slippers,Zara,406,True,Inactive 270+ days,100.0,100.0,0.0
CUST003438,4,4,51705,12926.25,6.25,3.5,2023-02-07,2024-03-13,46,Adult,Male,Mumbai,Yes,0,4,Footwear,Running Shoes,Nike,292,True,Inactive 270+ days,0.0,100.0,0.0
CUST003439,4,6,17004,4251.0,8.25,3.0,2023-05-24,2024-09-11,25,Young Adult,Female,Patna,Yes,3,3,Clothing,Hoodie,HRX,110,False,Active,75.0,75.0,25.0
CUST003440,6,7,25902,4317.0,5.0,3.33,2023-03-28,2024-08-21,20,Young Adult,Female,Mumbai,Yes,0,1,Footwear,Running Shoes,Nike,131,False,Active,0.0,16.67,83.33
CUST003441,1,2,2472,2472.0,9.0,2.0,2023-04-09,2023-04-09,26,Adult,Female,Ahmedabad,No,0,1,Accessories,Bag,Wildcraft,631,True,Inactive 270+ days,0.0,100.0,0.0
CUST003442,3,5,8266,2755.33,9.67,3.33,2023-02-27,2024-07-03,25,Young Adult,Female,Surat,Yes,2,1,Accessories,Formal Shoes,Bata,180,False,Active,66.67,33.33,66.67
CUST003443,6,10,22590,3765.0,8.17,3.83,2023-01-29,2024-10-29,58,Adult,Female,Bangalore,No,2,3,Clothing,Kurta,Allen Solly,62,False,Active,33.33,50.0,50.0
CUST003444,3,3,6860,2286.67,6.67,3.33,2023-02-24,2024-04-20,25,Young Adult,Female,Bhubaneswar,Yes,1,3,Clothing,Kurta,FabIndia,254,False,Active,33.33,100.0,0.0
CUST003445,4,7,106436,26609.0,13.75,3.75,2023-01-03,2024-10-10,26,Adult,Male,Noida,No,1,2,Footwear,Belt,Fastrack,81,False,Active,25.0,50.0,50.0
CUST003446,3,3,6521,2173.67,12.0,4.0,2023-11-07,2024-12-17,32,Adult,Male,Nagpur,No,0,2,Clothing,Trousers,Levis,13,False,Active,0.0,66.67,33.33
CUST003448,2,4,8446,4223.0,12.5,4.5,2023-07-06,2023-11-10,39,Adult,Female,Ahmedabad,No,0,0,Footwear,Heels,Bata,416,True,Inactive 270+ days,0.0,0.0,100.0
CUST003449,2,3,14945,7472.5,9.5,3.0,2023-05-23,2023-06-22,19,Young Adult,Male,Ahmedabad,No,0,2,Clothing,Saree,FabIndia,557,True,Inactive 270+ days,0.0,100.0,0.0
CUST003450,3,4,18301,6100.33,9.33,2.67,2023-04-04,2024-08-25,27,Adult,Male,Patna,No,2,3,Clothing,Saree,Max,127,False,Active,66.67,100.0,0.0
CUST003451,2,2,10819,5409.5,30.0,3.5,2023-02-05,2024-12-02,45,Adult,Female,Noida,No,0,2,Accessories,Belt,Hush Puppies,28,False,Active,0.0,100.0,0.0
CUST003452,5,8,19933,3986.6,12.4,3.6,2023-06-04,2024-05-08,30,Adult,Female,Bhubaneswar,No,0,3,Clothing,Formal Shoes,Bata,236,False,Active,0.0,60.0,40.0
CUST003453,3,3,10888,3629.33,5.33,3.67,2023-03-21,2024-02-01,41,Adult,Male,Mumbai,No,2,3,Clothing,Hoodie,Biba,333,True,Inactive 270+ days,66.67,100.0,0.0
CUST003454,2,2,11107,5553.5,12.0,2.0,2023-08-23,2023-11-06,27,Adult,Female,Indore,No,1,2,Clothing,Kurta,FabIndia,420,True,Inactive 270+ days,50.0,100.0,0.0
CUST003455,6,6,38628,6438.0,2.83,4.17,2023-01-24,2024-09-15,26,Adult,Male,Gurgaon,No,3,5,Footwear,Running Shoes,Puma,106,False,Active,50.0,83.33,16.67
CUST003456,2,5,17200,8600.0,13.0,4.0,2024-05-24,2024-06-17,21,Young Adult,Male,Delhi,Yes,0,2,Footwear,Formal Shoes,Hush Puppies,196,False,Active,0.0,100.0,0.0
CUST003457,6,9,15376,2562.67,3.67,2.67,2023-02-28,2024-09-27,40,Adult,Male,Visakhapatnam,No,3,4,Clothing,Dress,Max,94,False,Active,50.0,66.67,33.33
CUST003458,6,10,29836,4972.67,7.0,3.17,2023-02-09,2024-02-27,45,Adult,Male,Kolkata,Yes,3,3,Clothing,Running Shoes,Max,307,True,Inactive 270+ days,50.0,50.0,50.0
CUST003459,1,1,2728,2728.0,9.0,5.0,2023-10-02,2023-10-02,49,Adult,Female,Nagpur,No,0,1,Clothing,Jacket,Puma,455,True,Inactive 270+ days,0.0,100.0,0.0
CUST003460,2,3,2598,1299.0,15.0,4.0,2023-04-01,2024-06-05,36,Adult,Male,Chandigarh,No,0,2,Clothing,Jeans,H&M,208,False,Active,0.0,100.0,0.0
CUST003461,3,3,30478,10159.33,7.0,4.33,2023-05-19,2024-10-13,45,Adult,Male,Surat,Yes,0,2,Footwear,Formal Shoes,Adidas,78,False,Active,0.0,66.67,33.33
CUST003462,1,2,4636,4636.0,1.0,4.0,2023-12-19,2023-12-19,21,Young Adult,Male,Jaipur,No,0,1,Footwear,Heels,Hush Puppies,377,True,Inactive 270+ days,0.0,100.0,0.0
CUST003463,4,4,7912,1978.0,7.75,3.25,2023-05-31,2024-07-15,53,Adult,Male,Delhi,No,0,4,Clothing,Jacket,Puma,168,False,Active,0.0,100.0,0.0
CUST003464,2,3,6943,3471.5,10.0,4.5,2023-10-28,2024-11-16,51,Adult,Female,Ahmedabad,No,1,2,Clothing,Hoodie,Puma,44,False,Active,50.0,100.0,0.0
CUST003465,3,3,11779,3926.33,8.67,3.67,2023-01-04,2024-03-28,37,Adult,Male,Indore,No,1,1,Clothing,Jacket,Biba,277,True,Inactive 270+ days,33.33,33.33,66.67
CUST003466,4,4,14142,3535.5,6.0,3.0,2023-08-10,2024-10-08,19,Young Adult,Male,Lucknow,No,0,3,Clothing,Dress,Max,83,False,Active,0.0,75.0,25.0
CUST003467,2,4,24766,12383.0,10.0,3.5,2023-04-15,2024-04-24,24,Young Adult,Female,Mumbai,No,0,2,Clothing,Jacket,Adidas,250,False,Active,0.0,100.0,0.0
CUST003468,1,2,2206,2206.0,25.0,4.0,2024-01-13,2024-01-13,62,Adult,Male,Hyderabad,No,1,0,Clothing,T-shirt,HRX,352,True,Inactive 270+ days,100.0,0.0,100.0
CUST003469,3,5,38791,12930.33,12.0,4.0,2023-03-17,2024-11-02,38,Adult,Male,Bhubaneswar,No,1,1,Clothing,Jacket,Nike,58,False,Active,33.33,33.33,66.67
CUST003470,4,8,14615,3653.75,4.75,3.0,2023-12-12,2024-07-16,54,Adult,Female,Delhi,No,1,3,Clothing,Heels,Hush Puppies,167,False,Active,25.0,75.0,25.0
CUST003471,4,4,5451,1362.75,4.75,3.75,2023-02-15,2024-04-30,52,Adult,Male,Kolkata,Yes,2,2,Clothing,Sandals,Hush Puppies,244,False,Active,50.0,50.0,50.0
CUST003472,5,5,25955,5191.0,11.2,3.8,2023-02-26,2024-09-02,27,Adult,Female,Jaipur,No,1,4,Clothing,Dress,Bata,119,False,Active,20.0,80.0,20.0
CUST003473,3,5,11520,3840.0,12.67,3.67,2023-12-26,2024-04-06,24,Young Adult,Male,Chandigarh,No,0,2,Accessories,Sneakers,Fastrack,268,False,Active,0.0,66.67,33.33
CUST003474,3,5,3946,1315.33,8.67,4.0,2023-05-05,2024-08-15,45,Adult,Female,Chennai,Yes,0,2,Clothing,Cap,FabIndia,137,False,Active,0.0,66.67,33.33
CUST003475,4,4,12783,3195.75,10.0,4.0,2023-02-26,2024-05-21,37,Adult,Male,Bangalore,No,1,2,Accessories,Cap,Adidas,223,False,Active,25.0,50.0,50.0
CUST003476,1,3,44347,44347.0,2.0,3.0,2024-07-06,2024-07-06,42,Adult,Male,Pune,Yes,0,0,Footwear,Sneakers,Puma,177,False,Active,0.0,0.0,100.0
CUST003478,3,4,15532,5177.33,16.33,3.0,2023-01-02,2024-06-29,49,Adult,Female,Kolkata,Yes,0,2,Clothing,Hoodie,Biba,184,False,Active,0.0,66.67,33.33
CUST003479,4,6,12442,3110.5,7.0,3.75,2023-01-18,2024-06-23,50,Adult,Female,Nagpur,No,0,2,Footwear,Boots,Puma,190,False,Active,0.0,50.0,50.0
CUST003480,2,2,6193,3096.5,10.0,3.5,2023-07-29,2024-08-04,35,Adult,Female,Kochi,No,1,1,Clothing,Boots,Levis,148,False,Active,50.0,50.0,50.0
CUST003481,3,3,7410,2470.0,4.67,3.67,2024-05-06,2024-08-19,46,Adult,Male,Chennai,Yes,0,1,Clothing,Jacket,Fastrack,133,False,Active,0.0,33.33,66.67
CUST003482,3,3,20085,6695.0,7.0,3.0,2023-06-05,2024-06-21,51,Adult,Male,Pune,Yes,1,2,Clothing,Saree,Biba,192,False,Active,33.33,66.67,33.33
CUST003483,3,4,55014,18338.0,19.67,4.0,2023-09-26,2024-11-24,63,Adult,Male,Lucknow,Yes,0,2,Clothing,Shorts,Allen Solly,36,False,Active,0.0,66.67,33.33
CUST003484,4,6,28456,7114.0,4.25,3.75,2023-12-13,2024-07-15,46,Adult,Male,Gurgaon,Yes,2,2,Clothing,Formal Shoes,Levis,168,False,Active,50.0,50.0,50.0
CUST003485,4,4,7061,1765.25,8.5,3.25,2023-04-15,2024-06-08,34,Adult,Male,Kolkata,No,1,3,Clothing,Shirt,Adidas,205,False,Active,25.0,75.0,25.0
CUST003486,2,3,12864,6432.0,7.5,4.5,2023-03-18,2024-09-01,24,Young Adult,Female,Patna,No,0,1,Accessories,Belt,HRX,120,False,Active,0.0,50.0,50.0
CUST003487,5,12,39386,7877.2,10.6,3.6,2023-04-02,2024-06-24,63,Adult,Male,Nagpur,No,2,4,Clothing,Saree,FabIndia,189,False,Active,40.0,80.0,20.0
CUST003488,3,4,12983,4327.67,10.67,3.67,2023-02-15,2024-08-19,42,Adult,Female,Patna,No,0,3,Footwear,Sandals,Adidas,133,False,Active,0.0,100.0,0.0
CUST003489,4,5,6147,1536.75,8.0,3.5,2023-02-07,2024-07-13,20,Young Adult,Female,Pune,No,0,2,Clothing,Bag,Bata,170,False,Active,0.0,50.0,50.0
CUST003490,1,1,1612,1612.0,11.0,3.0,2023-06-02,2023-06-02,33,Adult,Female,Bhubaneswar,Yes,0,1,Accessories,Wallet,Levis,577,True,Inactive 270+ days,0.0,100.0,0.0
CUST003491,3,3,2039,679.67,6.0,3.0,2023-12-11,2024-04-12,64,Adult,Female,Gurgaon,No,1,2,Footwear,Sandals,Bata,262,False,Active,33.33,66.67,33.33
CUST003492,2,3,7901,3950.5,8.0,4.0,2024-03-20,2024-12-23,22,Young Adult,Male,Ahmedabad,No,0,2,Clothing,Formal Shoes,Bata,7,False,Active,0.0,100.0,0.0
CUST003493,6,7,65833,10972.17,6.33,3.33,2023-01-20,2023-12-14,47,Adult,Male,Kochi,No,1,6,Accessories,Jacket,Adidas,382,True,Inactive 270+ days,16.67,100.0,0.0
CUST003494,2,5,9131,4565.5,2.5,3.5,2023-08-28,2024-04-07,48,Adult,Female,Jaipur,No,0,1,Clothing,Kurta,Allen Solly,267,False,Active,0.0,50.0,50.0
CUST003495,4,5,52229,13057.25,9.25,3.75,2023-06-19,2024-10-19,29,Adult,Female,Lucknow,No,0,3,Clothing,Running Shoes,Puma,72,False,Active,0.0,75.0,25.0
CUST003496,2,3,7219,3609.5,8.0,3.0,2023-10-19,2023-11-10,22,Young Adult,Female,Hyderabad,No,0,1,Clothing,Sandals,Bata,416,True,Inactive 270+ days,0.0,50.0,50.0
CUST003497,4,5,16147,4036.75,12.0,3.0,2023-02-17,2024-09-09,38,Adult,Male,Ahmedabad,No,0,2,Accessories,Cap,Fastrack,112,False,Active,0.0,50.0,50.0
CUST003498,3,6,11502,3834.0,11.33,3.33,2023-08-02,2024-03-09,25,Young Adult,Male,Mumbai,No,1,3,Clothing,Trousers,Max,296,True,Inactive 270+ days,33.33,100.0,0.0
CUST003499,1,1,7387,7387.0,6.0,4.0,2023-02-13,2023-02-13,54,Adult,Male,Lucknow,No,1,0,Footwear,Sneakers,Nike,686,True,Inactive 270+ days,100.0,0.0,100.0
CUST003500,3,3,7251,2417.0,6.0,3.33,2023-05-11,2024-01-18,47,Adult,Male,Chennai,No,1,2,Footwear,Slippers,Max,347,True,Inactive 270+ days,33.33,66.67,33.33
