Campaign ID,Campaign Month,Customer ID,Customer Full Name,Customer Email,Recommendation 1,Recommendation 2,Recommendation 3,Discount Percent,Coupon Code,Scheduled Day,Status,Retry Count,Last Attempt At,Sent At,Reactivated At,Coupon Status,Coupon Redeemed At,Coupon Transaction ID,Last Error
REACTIVA-2026-09,2026-09,CUST000037,Nikhil Saxena,nikhil.saxena.cust000037@reactiva.example,Bag,Sunglasses,Backpack,10,LGYXEP,1,PENDING,0,,,,ACTIVE,,,
REACTIVA-2026-09,2026-09,CUST000040,Sameer Verma,sameer.verma.cust000040@reactiva.example,Saree,Kurta,Jacket,10,IMN3QZ,1,PENDING,0,,,,ACTIVE,,,
REACTIVA-2026-09,2026-09,CUST000043,Aditi Rao,aditi.rao.cust000043@reactiva.example,Bag,Sunglasses,Backpack,10,ZKOE22,1,PENDING,0,,,,ACTIVE,,,
REACTIVA-2026-09,2026-09,CUST000094,Divya Kumar,divya.kumar.cust000094@reactiva.example,Bag,Sunglasses,Backpack,10,DGOKMJ,1,PENDING,0,,,,ACTIVE,,,
REACTIVA-2026-09,2026-09,CUST000104,Akash Malhotra,akash.malhotra.cust000104@reactiva.example,Saree,Kurta,Jacket,10,NDT7Q7,1,PENDING,0,,,,ACTIVE,,,
REACTIVA-2026-09,2026-09,CUST000117,Deepika Saxena,deepika.saxena.cust000117@reactiva.example,Bag,Sunglasses,Backpack,10,2X3QXY,1,PENDING,0,,,,ACTIVE,,,
REACTIVA-2026-09,2026-09,CUST000128,Ananya Saxena,ananya.saxena.cust000128@reactiva.example,Running Shoes,Sneakers,Slippers,10,QEPUGV,1,PENDING,0,,,,ACTIVE,,,
REACTIVA-2026-09,2026-09,CUST000136,Meera Verma,meera.verma.cust000136@reactiva.example,Bag,Sunglasses,Backpack,10,ZSYJ2D,1,PENDING,0,,,,ACTIVE,,,
REACTIVA-2026-09,2026-09,CUST000152,Raj Kapoor,raj.kapoor.cust000152@reactiva.example,Saree,Kurta,Jacket,10,W7TGW4,1,PENDING,0,,,,ACTIVE,,,
REACTIVA-2026-09,2026-09,CUST000153,Rakesh Nair,rakesh.nair.cust000153@reactiva.example,Saree,Kurta,Jacket,10,36VSM5,1,PENDING,0,,,,ACTIVE,,,
REACTIVA-2026-09,2026-09,CUST000165,Sameer Gupta,sameer.gupta.cust000165@reactiva.example,Running Shoes,Sneakers,Slippers,10,MDKW4X,1,PENDING,0,,,,ACTIVE,,,
REACTIVA-2026-09,2026-09,CUST000193,Amit Joshi,amit.joshi.cust000193@reactiva.example,Bag,Sunglasses,Backpack,10,QPGB5H,1,PENDING,0,,,,ACTIVE,,,
REACTIVA-2026-09,2026-09,CUST000195,Vivek Sharma,vivek.sharma.cust000195@reactiva.example,Running Shoes,Sneakers,Slippers,10,SQSHZL,1,PENDING,0,,,,ACTIVE,,,
REACTIVA-2026-09,2026-09,CUST000200,Aarav Verma,aarav.verma.cust000200@reactiva.example,Running Shoes,Sneakers,Slippers,10,P6SY76,1,PENDING,0,,,,ACTIVE,,,
REACTIVA-2026-09,2026-09,CUST000230,Ananya Kumar,ananya.kumar.cust000230@reactiva.example,Running Shoes,Sneakers,Slippers,10,2CZEKF,1,PENDING,0,,,,ACTIVE,,,
REACTIVA-2026-09,2026-09,CUST000245,Rahul Joshi,rahul.joshi.cust000245@reactiva.example,Running Shoes,Sneakers,Slippers,10,AEAAIY,1,PENDING,0,,,,ACTIVE,,,
REACTIVA-2026-09,2026-09,CUST000254,Riya Mishra,riya.mishra.cust000254@reactiva.example,Saree,Kurta,Jacket,10,RJBMYZ,1,PENDING,0,,,,ACTIVE,,,
REACTIVA-2026-09,2026-09,CUST000274,Riya Rao,riya.rao.cust000274@reactiva.example,Running Shoes,Sneakers,Slippers,10,JWWLRY,1,PENDING,0,,,,ACTIVE,,,
REACTIVA-2026-09,2026-09,CUST000275,Nisha Reddy,nisha.reddy.cust000275@reactiva.example,Saree,Kurta,Jacket,10,66CDLK,1,PENDING,0,,,,ACTIVE,,,
REACTIVA-2026-09,2026-09,CUST000281,Aditya Kapoor,aditya.kapoor.cust000281@reactiva.example,Bag,Sunglasses,Backpack,10,O5XEEE,1,PENDING,0,,,,ACTIVE,,,
REACTIVA-2026-09,2026-09,CUST000306,Raj Verma,raj.verma.cust000306@reactiva.example,Bag,Sunglasses,Backpack,10,UY6TTT,1,PENDING,0,,,,ACTIVE,,,
REACTIVA-2026-09,2026-09,CUST000308,Riya Reddy,riya.reddy.cust000308@reactiva.example,Saree,Kurta,Jacket,10,XI5CQK,1,PENDING,0,,,,ACTIVE,,,
REACTIVA-2026-09,2026-09,CUST000312,Sonia Patel,sonia.patel.cust000312@reactiva.example,Saree,Kurta,Jacket,10,6OTSD5,1,PENDING,0,,,,ACTIVE,,,
REACTIVA-2026-09,2026-09,CUST000319,Sneha Kumar,sneha.kumar.cust000319@reactiva.example,Running Shoes,Sneakers,Slippers,10,OZGGEX,1,PENDING,0,,,,ACTIVE,,,
REACTIVA-2026-09,2026-09,CUST000327,Isha Sharma,isha.sharma.cust000327@reactiva.example,Saree,Kurta,Jacket,10,2VZCGY,1,PENDING,0,,,,ACTIVE,,,
REACTIVA-2026-09,2026-09,CUST000329,Aditya Mishra,aditya.mishra.cust000329@reactiva.example,Saree,Kurta,Jacket,10,AWMGRN,1,PENDING,0,,,,ACTIVE,,,
REACTIVA-2026-09,2026-09,CUST000348,Varun Joshi,varun.joshi.cust000348@reactiva.example,Saree,Kurta,Jacket,10,CIP5T7,1,PENDING,0,,,,ACTIVE,,,
REACTIVA-2026-09,2026-09,CUST000413,Ananya Singh,ananya.singh.cust000413@reactiva.example,Saree,Kurta,Jacket,10,MFCW3P,1,PENDING,0,,,,ACTIVE,,,
REACTIVA-2026-09,2026-09,CUST000428,Ravi Mehta,ravi.mehta.cust000428@reactiva.example,Running Shoes,Sneakers,Slippers,10,24NS3B,1,PENDING,0,,,,ACTIVE,,,
REACTIVA-2026-09,2026-09,CUST000433,Simran Mehta,simran.mehta.cust000433@reactiva.example,Saree,Kurta,Jacket,10,2RMTG6,1,PENDING,0,,,,ACTIVE,,,
REACTIVA-2026-09,2026-09,CUST000451,Manish Mehta,manish.mehta.cust000451@reactiva.example,Saree,Kurta,Jacket,10,JYQW4L,1,PENDING,0,,,,ACTIVE,,,
REACTIVA-2026-09,2026-09,CUST000461,Rahul Reddy,rahul.reddy.cust000461@reactiva.example,Running Shoes,Sneakers,Slippers,10,Y2F3WN,1,PENDING,0,,,,ACTIVE,,,
REACTIVA-2026-09,2026-09,CUST000484,Ravi Desai,ravi.desai.cust000484@reactiva.example,Bag,Sunglasses,Backpack,10,RPY7TN,1,PENDING,0,,,,ACTIVE,,,
REACTIVA-2026-09,2026-09,CUST000555,Kavya Patel,kavya.patel.cust000555@reactiva.example,Saree,Kurta,Jacket,10,3C4BY7,1,PENDING,0,,,,ACTIVE,,,
REACTIVA-2026-09,2026-09,CUST000573,Anjali Iyer,anjali.iyer.cust000573@reactiva.example,Running Shoes,Sneakers,Slippers,10,NFW5RD,1,PENDING,0,,,,ACTIVE,,,
REACTIVA-2026-09,2026-09,CUST000582,Aarav Reddy,aarav.reddy.cust000582@reactiva.example,Saree,Kurta,Jacket,10,2YYWEK,1,PENDING,0,,,,ACTIVE,,,
REACTIVA-2026-09,2026-09,CUST000591,Priya Bhat,priya.bhat.cust000591@reactiva.example,Saree,Kurta,Jacket,10,NC2VVC,1,PENDING,0,,,,ACTIVE,,,
REACTIVA-2026-09,2026-09,CUST000604,Vivek Rao,vivek.rao.cust000604@reactiva.example,Running Shoes,Sneakers,Slippers,10,HPRD6F,1,PENDING,0,,,,ACTIVE,,,
REACTIVA-2026-09,2026-09,CUST000636,Aanya Iyer,aanya.iyer.cust000636@reactiva.example,Saree,Kurta,Jacket,10,XTGN23,1,PENDING,0,,,,ACTIVE,,,
REACTIVA-2026-09,2026-09,CUST000693,Rahul Khanna,rahul.khanna.cust000693@reactiva.example,Saree,Kurta,Jacket,10,HJNANR,1,PENDING,0,,,,ACTIVE,,,
REACTIVA-2026-09,2026-09,CUST000704,Arjun Reddy,arjun.reddy.cust000704@reactiva.example,Bag,Sunglasses,Backpack,10,U4OWGY,1,PENDING,0,,,,ACTIVE,,,
REACTIVA-2026-09,2026-09,CUST000708,Kiran Gupta,kiran.gupta.cust000708@reactiva.example,Saree,Kurta,Jacket,10,DH5NPG,1,PENDING,0,,,,ACTIVE,,,
REACTIVA-2026-09,2026-09,CUST000734,Simran Kumar,simran.kumar.cust000734@reactiva.example,Bag,Sunglasses,Backpack,10,PMML6U,1,PENDING,0,,,,ACTIVE,,,
REACTIVA-2026-09,2026-09,CUST000738,Manish Singh,manish.singh.cust000738@reactiva.example,Running Shoes,Sneakers,Slippers,10,HJYWIL,1,PENDING,0,,,,ACTIVE,,,
REACTIVA-2026-09,2026-09,CUST000748,Kiran Patel,kiran.patel.cust000748@reactiva.example,Running Shoes,Sneakers,Slippers,10,CAEVIB,1,PENDING,0,,,,ACTIVE,,,
REACTIVA-2026-09,2026-09,CUST000756,Riya Kumar,riya.kumar.cust000756@reactiva.example,Saree,Kurta,Jacket,10,WXSVMK,1,PENDING,0,,,,ACTIVE,,,
REACTIVA-2026-09,2026-09,CUST000771,Vivek Rao,vivek.rao.cust000771@reactiva.example,Bag,Sunglasses,Backpack,10,YNCNUY,1,PENDING,0,,,,ACTIVE,,,
REACTIVA-2026-09,2026-09,CUST000782,Ravi Desai,ravi.desai.cust000782@reactiva.example,Bag,Sunglasses,Backpack,10,XLMUNM,1,PENDING,0,,,,ACTIVE,,,
REACTIVA-2026-09,2026-09,CUST000796,Kiran Kapoor,kiran.kapoor.cust000796@reactiva.example,Bag,Sunglasses,Backpack,10,XGONCN,1,PENDING,0,,,,ACTIVE,,,
REACTIVA-2026-09,2026-09,CUST000826,Priya Khanna,priya.khanna.cust000826@reactiva.example,Saree,Kurta,Jacket,10,PQWTWA,1,PENDING,0,,,,ACTIVE,,,
REACTIVA-2026-09,2026-09,CUST000866,Kiran Saxena,kiran.saxena.cust000866@reactiva.example,Running Shoes,Sneakers,Slippers,10,IRZAUT,1,PENDING,0,,,,ACTIVE,,,
REACTIVA-2026-09,2026-09,CUST000873,Neha Desai,neha.desai.cust000873@reactiva.example,Running Shoes,Sneakers,Slippers,10,VWQAUY,1,PENDING,0,,,,ACTIVE,,,
REACTIVA-2026-09,2026-09,CUST000874,Varun Rao,varun.rao.cust000874@reactiva.example,Running Shoes,Sneakers,Slippers,10,O3KV6S,1,PENDING,0,,,,ACTIVE,,,
REACTIVA-2026-09,2026-09,CUST000916,Aditya Reddy,aditya.reddy.cust000916@reactiva.example,Running Shoes,Sneakers,Slippers,10,TWGEGS,1,PENDING,0,,,,ACTIVE,,,
REACTIVA-2026-09,2026-09,CUST000924,Sneha Chopra,sneha.chopra.cust000924@reactiva.example,Saree,Kurta,Jacket,10,33ABAV,1,PENDING,0,,,,ACTIVE,,,
REACTIVA-2026-09,2026-09,CUST000945,Rakesh Bhat,rakesh.bhat.cust000945@reactiva.example,Running Shoes,Sneakers,Slippers,10,CZDDFX,1,PENDING,0,,,,ACTIVE,,,
REACTIVA-2026-09,2026-09,CUST000958,Divya Mehta,divya.mehta.cust000958@reactiva.example,Running Shoes,Sneakers,Slippers,10,AUQ6NP,1,PENDING,0,,,,ACTIVE,,,
REACTIVA-2026-09,2026-09,CUST000963,Karan Reddy,karan.reddy.cust000963@reactiva.example,Bag,Sunglasses,Backpack,10,WDJ5SC,1,PENDING,0,,,,ACTIVE,,,
REACTIVA-2026-09,2026-09,CUST000967,Ravi Rao,ravi.rao.cust000967@reactiva.example,Bag,Sunglasses,Backpack,10,MLZ4Q7,1,PENDING,0,,,,ACTIVE,,,
REACTIVA-2026-09,2026-09,CUST000981,Kavya Malhotra,kavya.malhotra.cust000981@reactiva.example,Bag,Sunglasses,Backpack,10,4PTRQI,1,PENDING,0,,,,ACTIVE,,,
REACTIVA-2026-09,2026-09,CUST001007,Simran Mehta,simran.mehta.cust001007@reactiva.example,Running Shoes,Sneakers,Slippers,10,KQWE2G,1,PENDING,0,,,,ACTIVE,,,
REACTIVA-2026-09,2026-09,CUST001031,Akash Patel,akash.patel.cust001031@reactiva.example,Saree,Kurta,Jacket,10,CFESPH,1,PENDING,0,,,,ACTIVE,,,
REACTIVA-2026-09,2026-09,CUST001047,Anjali Malhotra,anjali.malhotra.cust001047@reactiva.example,Bag,Sunglasses,Backpack,10,AIWGRG,1,PENDING,0,,,,ACTIVE,,,
REACTIVA-2026-09,2026-09,CUST001050,Raj Mishra,raj.mishra.cust001050@reactiva.example,Bag,Sunglasses,Backpack,10,3YQP7M,1,PENDING,0,,,,ACTIVE,,,
REACTIVA-2026-09,2026-09,CUST001087,Rakesh Gupta,rakesh.gupta.cust001087@reactiva.example,Running Shoes,Sneakers,Slippers,10,DWS6JQ,1,PENDING,0,,,,ACTIVE,,,
REACTIVA-2026-09,2026-09,CUST001127,Sneha Verma,sneha.verma.cust001127@reactiva.example,Saree,Kurta,Jacket,10,I2RJVB,1,PENDING,0,,,,ACTIVE,,,
REACTIVA-2026-09,2026-09,CUST001133,Kavya Desai,kavya.desai.cust001133@reactiva.example,Running Shoes,Sneakers,Slippers,10,QWGROR,1,PENDING,0,,,,ACTIVE,,,
REACTIVA-2026-09,2026-09,CUST001182,Rakesh Saxena,rakesh.saxena.cust001182@reactiva.example,Saree,Kurta,Jacket,10,7DUDFD,1,PENDING,0,,,,ACTIVE,,,
REACTIVA-2026-09,2026-09,CUST001204,Sanjay Khanna,sanjay.khanna.cust001204@reactiva.example,Running Shoes,Sneakers,Slippers,10,3LTD3N,1,PENDING,0,,,,ACTIVE,,,
REACTIVA-2026-09,2026-09,CUST001207,Aarav Desai,aarav.desai.cust001207@reactiva.example,Saree,Kurta,Jacket,10,2L4H5W,1,PENDING,0,,,,ACTIVE,,,
REACTIVA-2026-09,2026-09,CUST001212,Aanya Nair,aanya.nair.cust001212@reactiva.example,Saree,Kurta,Jacket,10,AMR7OZ,1,PENDING,0,,,,ACTIVE,,,
REACTIVA-2026-09,2026-09,CUST001213,Rakesh Mehta,rakesh.mehta.cust001213@reactiva.example,Saree,Kurta,Jacket,10,NDSK45,1,PENDING,0,,,,ACTIVE,,,
REACTIVA-2026-09,2026-09,CUST001225,Kavya Nair,kavya.nair.cust001225@reactiva.example,Saree,Kurta,Jacket,10,BSW2GF,1,PENDING,0,,,,ACTIVE,,,
REACTIVA-2026-09,2026-09,CUST001228,Aanya Kumar,aanya.kumar.cust001228@reactiva.example,Bag,Sunglasses,Backpack,10,72PMZX,1,PENDING,0,,,,ACTIVE,,,
REACTIVA-2026-09,2026-09,CUST001231,Aditya Kumar,aditya.kumar.cust001231@reactiva.example,Running Shoes,Sneakers,Slippers,10,66UN3L,1,PENDING,0,,,,ACTIVE,,,
REACTIVA-2026-09,2026-09,CUST001242,Sneha Bhat,sneha.bhat.cust001242@reactiva.example,Running Shoes,Sneakers,Slippers,10,LBJA46,1,PENDING,0,,,,ACTIVE,,,
REACTIVA-2026-09,2026-09,CUST001250,Priya Saxena,priya.saxena.cust001250@reactiva.example,Saree,Kurta,Jacket,10,3TTZVH,1,PENDING,0,,,,ACTIVE,,,
REACTIVA-2026-09,2026-09,CUST001287,Rahul Saxena,rahul.saxena.cust001287@reactiva.example,Running Shoes,Sneakers,Slippers,10,6RBTY7,1,PENDING,0,,,,ACTIVE,,,
REACTIVA-2026-09,2026-09,CUST001297,Diya Patel,diya.patel.cust001297@reactiva.example,Saree,Kurta,Jacket,10,SR4MZU,1,PENDING,0,,,,ACTIVE,,,
REACTIVA-2026-09,2026-09,CUST001298,Ananya Chopra,ananya.chopra.cust001298@reactiva.example,Saree,Kurta,Jacket,10,XVLSTO,1,PENDING,0,,,,ACTIVE,,,
REACTIVA-2026-09,2026-09,CUST001309,Simran Kumar,simran.kumar.cust001309@reactiva.example,Bag,Sunglasses,Backpack,10,CYO57Z,1,PENDING,0,,,,ACTIVE,,,
REACTIVA-2026-09,2026-09,CUST001311,Tanya Verma,tanya.verma.cust001311@reactiva.example,Saree,Kurta,Jacket,10,SSXWU5,1,PENDING,0,,,,ACTIVE,,,
REACTIVA-2026-09,2026-09,CUST001319,Deepika Sharma,deepika.sharma.cust001319@reactiva.example,Running Shoes,Sneakers,Slippers,10,NQEBIN,1,PENDING,0,,,,ACTIVE,,,
REACTIVA-2026-09,2026-09,CUST001343,Meera Bhat,meera.bhat.cust001343@reactiva.example,Running Shoes,Sneakers,Slippers,10,SCMFSK,1,PENDING,0,,,,ACTIVE,,,
REACTIVA-2026-09,2026-09,CUST001350,Sneha Singh,sneha.singh.cust001350@reactiva.example,Bag,Sunglasses,Backpack,10,6PKNFG,1,PENDING,0,,,,ACTIVE,,,
REACTIVA-2026-09,2026-09,CUST001356,Isha Joshi,isha.joshi.cust001356@reactiva.example,Bag,Sunglasses,Backpack,10,ADRFPF,1,PENDING,0,,,,ACTIVE,,,
REACTIVA-2026-09,2026-09,CUST001368,Vikram Kapoor,vikram.kapoor.cust001368@reactiva.example,Saree,Kurta,Jacket,10,GFSTGZ,1,PENDING,0,,,,ACTIVE,,,
REACTIVA-2026-09,2026-09,CUST001401,Isha Mishra,isha.mishra.cust001401@reactiva.example,Running Shoes,Sneakers,Slippers,10,RWWC6O,1,PENDING,0,,,,ACTIVE,,,
REACTIVA-2026-09,2026-09,CUST001402,Aanya Iyer,aanya.iyer.cust001402@reactiva.example,Saree,Kurta,Jacket,10,X46KXM,1,PENDING,0,,,,ACTIVE,,,
REACTIVA-2026-09,2026-09,CUST001428,Akash Bhat,akash.bhat.cust001428@reactiva.example,Saree,Kurta,Jacket,10,AME22P,1,PENDING,0,,,,ACTIVE,,,
REACTIVA-2026-09,2026-09,CUST001432,Isha Singh,isha.singh.cust001432@reactiva.example,Bag,Sunglasses,Backpack,10,CAOV5R,1,PENDING,0,,,,ACTIVE,,,
REACTIVA-2026-09,2026-09,CUST001433,Diya Verma,diya.verma.cust001433@reactiva.example,Bag,Sunglasses,Backpack,10,FVUHED,1,PENDING,0,,,,ACTIVE,,,
REACTIVA-2026-09,2026-09,CUST001439,Kiran Mehta,kiran.mehta.cust001439@reactiva.example,Saree,Kurta,Jacket,10,WONBFE,1,PENDING,0,,,,ACTIVE,,,
REACTIVA-2026-09,2026-09,CUST001443,Sneha Mishra,sneha.mishra.cust001443@reactiva.example,Bag,Sunglasses,Backpack,10,YVSVHB,1,PENDING,0,,,,ACTIVE,,,
REACTIVA-2026-09,2026-09,CUST001445,Aarav Chopra,aarav.chopra.cust001445@reactiva.example,Running Shoes,Sneakers,Slippers,10,HPEESP,1,PENDING,0,,,,ACTIVE,,,
REACTIVA-2026-09,2026-09,CUST001461,Diya Bhat,diya.bhat.cust001461@reactiva.example,Bag,Sunglasses,Backpack,10,FF5HK3,1,PENDING,0,,,,ACTIVE,,,
REACTIVA-2026-09,2026-09,CUST001474,Rakesh Patel,rakesh.patel.cust001474@reactiva.example,Bag,Sunglasses,Backpack,10,HEOHC5,1,PENDING,0,,,,ACTIVE,,,
REACTIVA-2026-09,2026-09,CUST001475,Ananya Malhotra,ananya.malhotra.cust001475@reactiva.example,Running Shoes,Sneakers,Slippers,10,HNFEPC,1,PENDING,0,,,,ACTIVE,,,
REACTIVA-2026-09,2026-09,CUST001520,Nisha Mehta,nisha.mehta.cust001520@reactiva.example,Bag,Sunglasses,Backpack,10,JV4NBV,1,PENDING,0,,,,ACTIVE,,,
REACTIVA-2026-09,2026-09,CUST001528,Sneha Saxena,sneha.saxena.cust001528@reactiva.example,Running Shoes,Sneakers,Slippers,10,CM2VEI,1,PENDING,0,,,,ACTIVE,,,
REACTIVA-2026-09,2026-09,CUST001550,Aditi Malhotra,aditi.malhotra.cust001550@reactiva.example,Bag,Sunglasses,Backpack,10,RT6KAO,1,PENDING,0,,,,ACTIVE,,,
REACTIVA-2026-09,2026-09,CUST001571,Diya Mishra,diya.mishra.cust001571@reactiva.example,Running Shoes,Sneakers,Slippers,10,63QQAQ,1,PENDING,0,,,,ACTIVE,,,
REACTIVA-2026-09,2026-09,CUST001574,Sneha Khanna,sneha.khanna.cust001574@reactiva.example,Saree,Kurta,Jacket,10,PA7XGM,1,PENDING,0,,,,ACTIVE,,,
REACTIVA-2026-09,2026-09,CUST001581,Rohan Bhat,rohan.bhat.cust001581@reactiva.example,Saree,Kurta,Jacket,10,VQ7YUE,1,PENDING,0,,,,ACTIVE,,,
REACTIVA-2026-09,2026-09,CUST001598,Meera Singh,meera.singh.cust001598@reactiva.example,Running Shoes,Sneakers,Slippers,10,UUBMFP,1,PENDING,0,,,,ACTIVE,,,
REACTIVA-2026-09,2026-09,CUST001614,Arjun Nair,arjun.nair.cust001614@reactiva.example,Saree,Kurta,Jacket,10,FHXJPS,1,PENDING,0,,,,ACTIVE,,,
REACTIVA-2026-09,2026-09,CUST001676,Simran Chopra,simran.chopra.cust001676@reactiva.example,Bag,Sunglasses,Backpack,10,3FODUO,1,PENDING,0,,,,ACTIVE,,,
REACTIVA-2026-09,2026-09,CUST001692,Divya Rao,divya.rao.cust001692@reactiva.example,Saree,Kurta,Jacket,10,CXXHAS,1,PENDING,0,,,,ACTIVE,,,
REACTIVA-2026-09,2026-09,CUST001704,Deepika Saxena,deepika.saxena.cust001704@reactiva.example,Running Shoes,Sneakers,Slippers,10,SABNLI,1,PENDING,0,,,,ACTIVE,,,
REACTIVA-2026-09,2026-09,CUST001715,Varun Reddy,varun.reddy.cust001715@reactiva.example,Bag,Sunglasses,Backpack,10,E6C7TT,1,PENDING,0,,,,ACTIVE,,,
REACTIVA-2026-09,2026-09,CUST001724,Priya Gupta,priya.gupta.cust001724@reactiva.example,Running Shoes,Sneakers,Slippers,10,4K5NJY,1,PENDING,0,,,,ACTIVE,,,
REACTIVA-2026-09,2026-09,CUST001752,Neha Chopra,neha.chopra.cust001752@reactiva.example,Running Shoes,Sneakers,Slippers,10,ROSEYY,1,PENDING,0,,,,ACTIVE,,,
REACTIVA-2026-09,2026-09,CUST001755,Aditi Sharma,aditi.sharma.cust001755@reactiva.example,Bag,Sunglasses,Backpack,10,BNNOAH,1,PENDING,0,,,,ACTIVE,,,
REACTIVA-2026-09,2026-09,CUST001777,Sneha Rao,sneha.rao.cust001777@reactiva.example,Running Shoes,Sneakers,Slippers,10,YLYYMN,1,PENDING,0,,,,ACTIVE,,,
REACTIVA-2026-09,2026-09,CUST001778,Raj Kapoor,raj.kapoor.cust001778@reactiva.example,Saree,Kurta,Jacket,10,3Z2SDX,1,PENDING,0,,,,ACTIVE,,,
REACTIVA-2026-09,2026-09,CUST001779,Kavya Reddy,kavya.reddy.cust001779@reactiva.example,Saree,Kurta,Jacket,10,MIYV4F,1,PENDING,0,,,,ACTIVE,,,
REACTIVA-2026-09,2026-09,CUST001806,Sameer Gupta,sameer.gupta.cust001806@reactiva.example,Running Shoes,Sneakers,Slippers,10,UDD75W,1,PENDING,0,,,,ACTIVE,,,
REACTIVA-2026-09,2026-09,CUST001810,Amit Saxena,amit.saxena.cust001810@reactiva.example,Saree,Kurta,Jacket,10,X4RUGH,1,PENDING,0,,,,ACTIVE,,,
REACTIVA-2026-09,2026-09,CUST001814,Sanjay Desai,sanjay.desai.cust001814@reactiva.example,Bag,Sunglasses,Backpack,10,2FRFGV,1,PENDING,0,,,,ACTIVE,,,
REACTIVA-2026-09,2026-09,CUST001817,Anjali Mishra,anjali.mishra.cust001817@reactiva.example,Bag,Sunglasses,Backpack,10,UJIJEP,1,PENDING,0,,,,ACTIVE,,,
REACTIVA-2026-09,2026-09,CUST001825,Aarav Khanna,aarav.khanna.cust001825@reactiva.example,Bag,Sunglasses,Backpack,10,7PCOGH,1,PENDING,0,,,,ACTIVE,,,
REACTIVA-2026-09,2026-09,CUST001826,Neha Gupta,neha.gupta.cust001826@reactiva.example,Saree,Kurta,Jacket,10,YZJYFN,1,PENDING,0,,,,ACTIVE,,,
REACTIVA-2026-09,2026-09,CUST001829,Aditya Bhat,aditya.bhat.cust001829@reactiva.example,Saree,Kurta,Jacket,10,KDKU4B,1,PENDING,0,,,,ACTIVE,,,
REACTIVA-2026-09,2026-09,CUST001852,Rohan Malhotra,rohan.malhotra.cust001852@reactiva.example,Saree,Kurta,Jacket,10,CEHMBX,1,PENDING,0,,,,ACTIVE,,,
REACTIVA-2026-09,2026-09,CUST001857,Nikhil Singh,nikhil.singh.cust001857@reactiva.example,Bag,Sunglasses,Backpack,10,EBJCTM,1,PENDING,0,,,,ACTIVE,,,
REACTIVA-2026-09,2026-09,CUST001870,Vikram Iyer,vikram.iyer.cust001870@reactiva.example,Running Shoes,Sneakers,Slippers,10,MXWRSX,1,PENDING,0,,,,ACTIVE,,,
REACTIVA-2026-09,2026-09,CUST001896,Aarav Bhat,aarav.bhat.cust001896@reactiva.example,Saree,Kurta,Jacket,10,CPWDUD,1,PENDING,0,,,,ACTIVE,,,
REACTIVA-2026-09,2026-09,CUST001916,Tanya Verma,tanya.verma.cust001916@reactiva.example,Running Shoes,Sneakers,Slippers,10,F7ET3U,1,PENDING,0,,,,ACTIVE,,,
REACTIVA-2026-09,2026-09,CUST001918,Varun Rao,varun.rao.cust001918@reactiva.example,Bag,Sunglasses,Backpack,10,Z6ALDC,1,PENDING,0,,,,ACTIVE,,,
REACTIVA-2026-09,2026-09,CUST001921,Akash Iyer,akash.iyer.cust001921@reactiva.example,Running Shoes,Sneakers,Slippers,10,M45MTJ,1,PENDING,0,,,,ACTIVE,,,
REACTIVA-2026-09,2026-09,CUST001932,Dev Rao,dev.rao.cust001932@reactiva.example,Saree,Kurta,Jacket,10,5QK2RQ,1,PENDING,0,,,,ACTIVE,,,
REACTIVA-2026-09,2026-09,CUST001935,Vivek Kapoor,vivek.kapoor.cust001935@reactiva.example,Saree,Kurta,Jacket,10,BATLUU,1,PENDING,0,,,,ACTIVE,,,
REACTIVA-2026-09,2026-09,CUST001942,Riya Verma,riya.verma.cust001942@reactiva.example,Running Shoes,Sneakers,Slippers,10,WUCH6E,1,PENDING,0,,,,ACTIVE,,,
REACTIVA-2026-09,2026-09,CUST001952,Ravi Nair,ravi.nair.cust001952@reactiva.example,Bag,Sunglasses,Backpack,10,DDTAZS,1,PENDING,0,,,,ACTIVE,,,
REACTIVA-2026-09,2026-09,CUST001976,Simran Gupta,simran.gupta.cust001976@reactiva.example,Running Shoes,Sneakers,Slippers,10,XSGEXF,1,PENDING,0,,,,ACTIVE,,,
REACTIVA-2026-09,2026-09,CUST002003,Rahul Verma,rahul.verma.cust002003@reactiva.example,Running Shoes,Sneakers,Slippers,10,XXR7LC,1,PENDING,0,,,,ACTIVE,,,
REACTIVA-2026-09,2026-09,CUST002006,Aditi Iyer,aditi.iyer.cust002006@reactiva.example,Saree,Kurta,Jacket,10,OFDKWX,1,PENDING,0,,,,ACTIVE,,,
REACTIVA-2026-09,2026-09,CUST002008,Divya Rao,divya.rao.cust002008@reactiva.example,Running Shoes,Sneakers,Slippers,10,U2NZR3,1,PENDING,0,,,,ACTIVE,,,
REACTIVA-2026-09,2026-09,CUST002070,Aanya Kapoor,aanya.kapoor.cust002070@reactiva.example,Bag,Sunglasses,Backpack,10,O2WKFQ,1,PENDING,0,,,,ACTIVE,,,
REACTIVA-2026-09,2026-09,CUST002092,Sameer Saxena,sameer.saxena.cust002092@reactiva.example,Saree,Kurta,Jacket,10,WXHP3X,1,PENDING,0,,,,ACTIVE,,,
REACTIVA-2026-09,2026-09,CUST002093,Tanya Mishra,tanya.mishra.cust002093@reactiva.example,Running Shoes,Sneakers,Slippers,10,HRX6WL,1,PENDING,0,,,,ACTIVE,,,
REACTIVA-2026-09,2026-09,CUST002098,Karan Gupta,karan.gupta.cust002098@reactiva.example,Bag,Sunglasses,Backpack,10,MR4RAO,1,PENDING,0,,,,ACTIVE,,,
REACTIVA-2026-09,2026-09,CUST002100,Manish Iyer,manish.iyer.cust002100@reactiva.example,Running Shoes,Sneakers,Slippers,10,IKS5RL,1,PENDING,0,,,,ACTIVE,,,
REACTIVA-2026-09,2026-09,CUST002109,Vikram Desai,vikram.desai.cust002109@reactiva.example,Saree,Kurta,Jacket,10,W3RFZZ,1,PENDING,0,,,,ACTIVE,,,
REACTIVA-2026-09,2026-09,CUST002110,Priya Reddy,priya.reddy.cust002110@reactiva.example,Saree,Kurta,Jacket,10,6ECK3V,1,PENDING,0,,,,ACTIVE,,,
REACTIVA-2026-09,2026-09,CUST002141,Sneha Saxena,sneha.saxena.cust002141@reactiva.example,Saree,Kurta,Jacket,10,KXDPF5,1,PENDING,0,,,,ACTIVE,,,
REACTIVA-2026-09,2026-09,CUST002159,Aanya Mehta,aanya.mehta.cust002159@reactiva.example,Saree,Kurta,Jacket,10,EUV3QL,1,PENDING,0,,,,ACTIVE,,,
REACTIVA-2026-09,2026-09,CUST002177,Ravi Rao,ravi.rao.cust002177@reactiva.example,Saree,Kurta,Jacket,10,WJFZRV,1,PENDING,0,,,,ACTIVE,,,
REACTIVA-2026-09,2026-09,CUST002198,Manish Mehta,manish.mehta.cust002198@reactiva.example,Saree,Kurta,Jacket,10,U5JZ7L,1,PENDING,0,,,,ACTIVE,,,
REACTIVA-2026-09,2026-09,CUST002225,Dev Verma,dev.verma.cust002225@reactiva.example,Saree,Kurta,Jacket,10,7QYXIL,1,PENDING,0,,,,ACTIVE,,,
REACTIVA-2026-09,2026-09,CUST002237,Vikram Saxena,vikram.saxena.cust002237@reactiva.example,Saree,Kurta,Jacket,10,EHKAIB,1,PENDING,0,,,,ACTIVE,,,
REACTIVA-2026-09,2026-09,CUST002239,Rahul Patel,rahul.patel.cust002239@reactiva.example,Running Shoes,Sneakers,Slippers,10,7CBFLF,1,PENDING,0,,,,ACTIVE,,,
REACTIVA-2026-09,2026-09,CUST002241,Sameer Saxena,sameer.saxena.cust002241@reactiva.example,Saree,Kurta,Jacket,10,P3ABJ5,1,PENDING,0,,,,ACTIVE,,,
REACTIVA-2026-09,2026-09,CUST002242,Aarav Bhat,aarav.bhat.cust002242@reactiva.example,Bag,Sunglasses,Backpack,10,RFOXSO,1,PENDING,0,,,,ACTIVE,,,
REACTIVA-2026-09,2026-09,CUST002287,Nisha Chopra,nisha.chopra.cust002287@reactiva.example,Saree,Kurta,Jacket,10,35NEMO,1,PENDING,0,,,,ACTIVE,,,
REACTIVA-2026-09,2026-09,CUST002347,Kiran Mehta,kiran.mehta.cust002347@reactiva.example,Saree,Kurta,Jacket,10,6AQFTO,1,PENDING,0,,,,ACTIVE,,,
REACTIVA-2026-09,2026-09,CUST002355,Kiran Mehta,kiran.mehta.cust002355@reactiva.example,Saree,Kurta,Jacket,10,YZNU5L,1,PENDING,0,,,,ACTIVE,,,
REACTIVA-2026-09,2026-09,CUST002376,Ananya Joshi,ananya.joshi.cust002376@reactiva.example,Bag,Sunglasses,Backpack,10,ZYTH4V,1,PENDING,0,,,,ACTIVE,,,
REACTIVA-2026-09,2026-09,CUST002387,Nisha Reddy,nisha.reddy.cust002387@reactiva.example,Bag,Sunglasses,Backpack,10,IXYPD4,1,PENDING,0,,,,ACTIVE,,,
REACTIVA-2026-09,2026-09,CUST002417,Aanya Rao,aanya.rao.cust002417@reactiva.example,Saree,Kurta,Jacket,10,EDY3UD,1,PENDING,0,,,,ACTIVE,,,
REACTIVA-2026-09,2026-09,CUST002450,Varun Kapoor,varun.kapoor.cust002450@reactiva.example,Saree,Kurta,Jacket,10,NXGYFY,1,PENDING,0,,,,ACTIVE,,,
REACTIVA-2026-09,2026-09,CUST002455,Aanya Gupta,aanya.gupta.cust002455@reactiva.example,Running Shoes,Sneakers,Slippers,10,XJEW4E,1,PENDING,0,,,,ACTIVE,,,
REACTIVA-2026-09,2026-09,CUST002461,Manish Iyer,manish.iyer.cust002461@reactiva.example,Bag,Sunglasses,Backpack,10,KFOC7M,1,PENDING,0,,,,ACTIVE,,,
REACTIVA-2026-09,2026-09,CUST002480,Aditi Singh,aditi.singh.cust002480@reactiva.example,Running Shoes,Sneakers,Slippers,10,AGTPKO,1,PENDING,0,,,,ACTIVE,,,
REACTIVA-2026-09,2026-09,CUST002510,Riya Patel,riya.patel.cust002510@reactiva.example,Bag,Sunglasses,Backpack,10,M6FVGI,1,PENDING,0,,,,ACTIVE,,,
REACTIVA-2026-09,2026-09,CUST002524,Varun Rao,varun.rao.cust002524@reactiva.example,Bag,Sunglasses,Backpack,10,UXY3S7,1,PENDING,0,,,,ACTIVE,,,
REACTIVA-2026-09,2026-09,CUST002578,Kabir Mishra,kabir.mishra.cust002578@reactiva.example,Saree,Kurta,Jacket,10,QDNZPA,1,PENDING,0,,,,ACTIVE,,,
REACTIVA-2026-09,2026-09,CUST002585,Nisha Iyer,nisha.iyer.cust002585@reactiva.example,Running Shoes,Sneakers,Slippers,10,YQUGGJ,1,PENDING,0,,,,ACTIVE,,,
REACTIVA-2026-09,2026-09,CUST002605,Aditi Saxena,aditi.saxena.cust002605@reactiva.example,Bag,Sunglasses,Backpack,10,IB4B57,1,PENDING,0,,,,ACTIVE,,,
REACTIVA-2026-09,2026-09,CUST002609,Meera Joshi,meera.joshi.cust002609@reactiva.example,Saree,Kurta,Jacket,10,O3DBCT,1,PENDING,0,,,,ACTIVE,,,
REACTIVA-2026-09,2026-09,CUST002611,Rahul Reddy,rahul.reddy.cust002611@reactiva.example,Running Shoes,Sneakers,Slippers,10,CK3E2O,1,PENDING,0,,,,ACTIVE,,,
REACTIVA-2026-09,2026-09,CUST002630,Nisha Sharma,nisha.sharma.cust002630@reactiva.example,Running Shoes,Sneakers,Slippers,10,4ZTL6W,1,PENDING,0,,,,ACTIVE,,,
REACTIVA-2026-09,2026-09,CUST002649,Ananya Nair,ananya.nair.cust002649@reactiva.example,Saree,Kurta,Jacket,10,IGP6U2,1,PENDING,0,,,,ACTIVE,,,
REACTIVA-2026-09,2026-09,CUST002652,Meera Iyer,meera.iyer.cust002652@reactiva.example,Running Shoes,Sneakers,Slippers,10,YCPAC7,1,PENDING,0,,,,ACTIVE,,,
REACTIVA-2026-09,2026-09,CUST002685,Tanya Khanna,tanya.khanna.cust002685@reactiva.example,Bag,Sunglasses,Backpack,10,SH3HN5,1,PENDING,0,,,,ACTIVE,,,
REACTIVA-2026-09,2026-09,CUST002702,Rahul Mishra,rahul.mishra.cust002702@reactiva.example,Running Shoes,Sneakers,Slippers,10,X5MWAL,1,PENDING,0,,,,ACTIVE,,,
REACTIVA-2026-09,2026-09,CUST002712,Varun Saxena,varun.saxena.cust002712@reactiva.example,Running Shoes,Sneakers,Slippers,10,X3Y7ZK,1,PENDING,0,,,,ACTIVE,,,
REACTIVA-2026-09,2026-09,CUST002715,Nisha Sharma,nisha.sharma.cust002715@reactiva.example,Saree,Kurta,Jacket,10,U5C776,1,PENDING,0,,,,ACTIVE,,,
REACTIVA-2026-09,2026-09,CUST002726,Kabir Kumar,kabir.kumar.cust002726@reactiva.example,Bag,Sunglasses,Backpack,10,HU5H5F,1,PENDING,0,,,,ACTIVE,,,
REACTIVA-2026-09,2026-09,CUST002740,Tanya Saxena,tanya.saxena.cust002740@reactiva.example,Saree,Kurta,Jacket,10,KM2ASX,1,PENDING,0,,,,ACTIVE,,,
REACTIVA-2026-09,2026-09,CUST002782,Neha Singh,neha.singh.cust002782@reactiva.example,Saree,Kurta,Jacket,10,GDVXOH,1,PENDING,0,,,,ACTIVE,,,
REACTIVA-2026-09,2026-09,CUST002783,Priya Iyer,priya.iyer.cust002783@reactiva.example,Running Shoes,Sneakers,Slippers,10,MOALN2,1,PENDING,0,,,,ACTIVE,,,
REACTIVA-2026-09,2026-09,CUST002784,Meera Saxena,meera.saxena.cust002784@reactiva.example,Saree,Kurta,Jacket,10,QH2FQG,1,PENDING,0,,,,ACTIVE,,,
REACTIVA-2026-09,2026-09,CUST002798,Ravi Kumar,ravi.kumar.cust002798@reactiva.example,Saree,Kurta,Jacket,10,KZI2RZ,1,PENDING,0,,,,ACTIVE,,,
REACTIVA-2026-09,2026-09,CUST002802,Rahul Gupta,rahul.gupta.cust002802@reactiva.example,Bag,Sunglasses,Backpack,10,65QOPX,1,PENDING,0,,,,ACTIVE,,,
REACTIVA-2026-09,2026-09,CUST002811,Neha Khanna,neha.khanna.cust002811@reactiva.example,Saree,Kurta,Jacket,10,4YTLLV,1,PENDING,0,,,,ACTIVE,,,
REACTIVA-2026-09,2026-09,CUST002830,Tanya Kumar,tanya.kumar.cust002830@reactiva.example,Running Shoes,Sneakers,Slippers,10,QJH653,1,PENDING,0,,,,ACTIVE,,,
REACTIVA-2026-09,2026-09,CUST002835,Ravi Joshi,ravi.joshi.cust002835@reactiva.example,Saree,Kurta,Jacket,10,DODTOD,1,PENDING,0,,,,ACTIVE,,,
REACTIVA-2026-09,2026-09,CUST002848,Kiran Chopra,kiran.chopra.cust002848@reactiva.example,Running Shoes,Sneakers,Slippers,10,SCRBIL,1,PENDING,0,,,,ACTIVE,,,
REACTIVA-2026-09,2026-09,CUST002858,Amit Desai,amit.desai.cust002858@reactiva.example,Running Shoes,Sneakers,Slippers,10,NIMBP2,1,PENDING,0,,,,ACTIVE,,,
REACTIVA-2026-09,2026-09,CUST002860,Sneha Kapoor,sneha.kapoor.cust002860@reactiva.example,Running Shoes,Sneakers,Slippers,10,UIWYXV,1,PENDING,0,,,,ACTIVE,,,
REACTIVA-2026-09,2026-09,CUST002866,Tanya Singh,tanya.singh.cust002866@reactiva.example,Running Shoes,Sneakers,Slippers,10,JB6QYY,1,PENDING,0,,,,ACTIVE,,,
REACTIVA-2026-09,2026-09,CUST002880,Dev Verma,dev.verma.cust002880@reactiva.example,Bag,Sunglasses,Backpack,10,GOE2LV,1,PENDING,0,,,,ACTIVE,,,
REACTIVA-2026-09,2026-09,CUST002905,Rahul Saxena,rahul.saxena.cust002905@reactiva.example,Saree,Kurta,Jacket,10,Q2Q5G6,1,PENDING,0,,,,ACTIVE,,,
REACTIVA-2026-09,2026-09,CUST002942,Isha Chopra,isha.chopra.cust002942@reactiva.example,Saree,Kurta,Jacket,10,JGTFGJ,1,PENDING,0,,,,ACTIVE,,,
REACTIVA-2026-09,2026-09,CUST002949,Aarav Joshi,aarav.joshi.cust002949@reactiva.example,Running Shoes,Sneakers,Slippers,10,4UJPAE,1,PENDING,0,,,,ACTIVE,,,
REACTIVA-2026-09,2026-09,CUST002950,Akash Bhat,akash.bhat.cust002950@reactiva.example,Saree,Kurta,Jacket,10,LDV665,1,PENDING,0,,,,ACTIVE,,,
REACTIVA-2026-09,2026-09,CUST002961,Isha Rao,isha.rao.cust002961@reactiva.example,Saree,Kurta,Jacket,10,LBC7M5,1,PENDING,0,,,,ACTIVE,,,
REACTIVA-2026-09,2026-09,CUST003009,Aditi Mishra,aditi.mishra.cust003009@reactiva.example,Running Shoes,Sneakers,Slippers,10,BFJMQE,1,PENDING,0,,,,ACTIVE,,,
REACTIVA-2026-09,2026-09,CUST003028,Sonia Mehta,sonia.mehta.cust003028@reactiva.example,Bag,Sunglasses,Backpack,10,6XFJMX,1,PENDING,0,,,,ACTIVE,,,
REACTIVA-2026-09,2026-09,CUST003035,Sneha Kumar,sneha.kumar.cust003035@reactiva.example,Saree,Kurta,Jacket,10,BEOZBC,1,PENDING,0,,,,ACTIVE,,,
REACTIVA-2026-09,2026-09,CUST003042,Rohan Chopra,rohan.chopra.cust003042@reactiva.example,Bag,Sunglasses,Backpack,10,3IIPT2,1,PENDING,0,,,,ACTIVE,,,
REACTIVA-2026-09,2026-09,CUST003051,Sneha Reddy,sneha.reddy.cust003051@reactiva.example,Saree,Kurta,Jacket,10,LZJA4T,1,PENDING,0,,,,ACTIVE,,,
REACTIVA-2026-09,2026-09,CUST003060,Raj Kumar,raj.kumar.cust003060@reactiva.example,Running Shoes,Sneakers,Slippers,10,ZKXM2Q,1,PENDING,0,,,,ACTIVE,,,
REACTIVA-2026-09,2026-09,CUST003066,Simran Chopra,simran.chopra.cust003066@reactiva.example,Saree,Kurta,Jacket,10,OL6NNM,1,PENDING,0,,,,ACTIVE,,,
REACTIVA-2026-09,2026-09,CUST003069,Rakesh Reddy,rakesh.reddy.cust003069@reactiva.example,Saree,Kurta,Jacket,10,ZCYMNH,1,PENDING,0,,,,ACTIVE,,,
REACTIVA-2026-09,2026-09,CUST003076,Nisha Nair,nisha.nair.cust003076@reactiva.example,Bag,Sunglasses,Backpack,10,LTLO3B,1,PENDING,0,,,,ACTIVE,,,
REACTIVA-2026-09,2026-09,CUST003083,Neha Mishra,neha.mishra.cust003083@reactiva.example,Running Shoes,Sneakers,Slippers,10,VE3M3R,1,PENDING,0,,,,ACTIVE,,,
REACTIVA-2026-09,2026-09,CUST003086,Isha Singh,isha.singh.cust003086@reactiva.example,Running Shoes,Sneakers,Slippers,10,JWZVRZ,1,PENDING,0,,,,ACTIVE,,,
REACTIVA-2026-09,2026-09,CUST003104,Diya Kapoor,diya.kapoor.cust003104@reactiva.example,Saree,Kurta,Jacket,10,P7OQME,1,PENDING,0,,,,ACTIVE,,,
REACTIVA-2026-09,2026-09,CUST003107,Kabir Bhat,kabir.bhat.cust003107@reactiva.example,Running Shoes,Sneakers,Slippers,10,Z4G6NV,1,PENDING,0,,,,ACTIVE,,,
REACTIVA-2026-09,2026-09,CUST003116,Vivek Gupta,vivek.gupta.cust003116@reactiva.example,Running Shoes,Sneakers,Slippers,10,XXOJFX,1,PENDING,0,,,,ACTIVE,,,
REACTIVA-2026-09,2026-09,CUST003121,Pooja Chopra,pooja.chopra.cust003121@reactiva.example,Saree,Kurta,Jacket,10,NKDS6L,1,PENDING,0,,,,ACTIVE,,,
REACTIVA-2026-09,2026-09,CUST003154,Kiran Mehta,kiran.mehta.cust003154@reactiva.example,Running Shoes,Sneakers,Slippers,10,JLPL63,1,PENDING,0,,,,ACTIVE,,,
REACTIVA-2026-09,2026-09,CUST003194,Riya Bhat,riya.bhat.cust003194@reactiva.example,Saree,Kurta,Jacket,10,CLTCAV,1,PENDING,0,,,,ACTIVE,,,
REACTIVA-2026-09,2026-09,CUST003214,Isha Mehta,isha.mehta.cust003214@reactiva.example,Bag,Sunglasses,Backpack,10,QFV2C6,1,PENDING,0,,,,ACTIVE,,,
REACTIVA-2026-09,2026-09,CUST003221,Divya Iyer,divya.iyer.cust003221@reactiva.example,Saree,Kurta,Jacket,10,CLUD52,1,PENDING,0,,,,ACTIVE,,,
REACTIVA-2026-09,2026-09,CUST003224,Divya Rao,divya.rao.cust003224@reactiva.example,Saree,Kurta,Jacket,10,WYB4NG,1,PENDING,0,,,,ACTIVE,,,
REACTIVA-2026-09,2026-09,CUST003250,Kavya Gupta,kavya.gupta.cust003250@reactiva.example,Running Shoes,Sneakers,Slippers,10,6Q457W,1,PENDING,0,,,,ACTIVE,,,
REACTIVA-2026-09,2026-09,CUST003261,Divya Singh,divya.singh.cust003261@reactiva.example,Running Shoes,Sneakers,Slippers,10,UZZOY5,1,PENDING,0,,,,ACTIVE,,,
REACTIVA-2026-09,2026-09,CUST003283,Simran Desai,simran.desai.cust003283@reactiva.example,Saree,Kurta,Jacket,10,Q7KLY7,1,PENDING,0,,,,ACTIVE,,,
REACTIVA-2026-09,2026-09,CUST003290,Dev Kumar,dev.kumar.cust003290@reactiva.example,Saree,Kurta,Jacket,10,OWSCNS,1,PENDING,0,,,,ACTIVE,,,
REACTIVA-2026-09,2026-09,CUST003315,Raj Patel,raj.patel.cust003315@reactiva.example,Saree,Kurta,Jacket,10,JXNRXI,1,PENDING,0,,,,ACTIVE,,,
REACTIVA-2026-09,2026-09,CUST003321,Varun Mishra,varun.mishra.cust003321@reactiva.example,Running Shoes,Sneakers,Slippers,10,GM3H3P,1,PENDING,0,,,,ACTIVE,,,
REACTIVA-2026-09,2026-09,CUST003352,Nisha Verma,nisha.verma.cust003352@reactiva.example,Bag,Sunglasses,Backpack,10,UAFM53,1,PENDING,0,,,,ACTIVE,,,
REACTIVA-2026-09,2026-09,CUST003355,Rahul Khanna,rahul.khanna.cust003355@reactiva.example,Running Shoes,Sneakers,Slippers,10,35UHSE,1,PENDING,0,,,,ACTIVE,,,
REACTIVA-2026-09,2026-09,CUST003362,Raj Nair,raj.nair.cust003362@reactiva.example,Bag,Sunglasses,Backpack,10,DGDSY5,1,PENDING,0,,,,ACTIVE,,,
REACTIVA-2026-09,2026-09,CUST003375,Ravi Singh,ravi.singh.cust003375@reactiva.example,Bag,Sunglasses,Backpack,10,CRFQXU,1,PENDING,0,,,,ACTIVE,,,
REACTIVA-2026-09,2026-09,CUST003411,Isha Kapoor,isha.kapoor.cust003411@reactiva.example,Bag,Sunglasses,Backpack,10,BRFJVJ,1,PENDING,0,,,,ACTIVE,,,
REACTIVA-2026-09,2026-09,CUST003414,Pooja Reddy,pooja.reddy.cust003414@reactiva.example,Running Shoes,Sneakers,Slippers,10,4EV4LH,1,PENDING,0,,,,ACTIVE,,,
REACTIVA-2026-09,2026-09,CUST003449,Vivek Kapoor,vivek.kapoor.cust003449@reactiva.example,Saree,Kurta,Jacket,10,PHRPHO,1,PENDING,0,,,,ACTIVE,,,
REACTIVA-2026-09,2026-09,CUST003454,Divya Nair,divya.nair.cust003454@reactiva.example,Running Shoes,Sneakers,Slippers,10,Y3TESV,1,PENDING,0,,,,ACTIVE,,,
REACTIVA-2026-09,2026-09,CUST003458,Vikram Khanna,vikram.khanna.cust003458@reactiva.example,Bag,Sunglasses,Backpack,10,MYNBQR,1,PENDING,0,,,,ACTIVE,,,
REACTIVA-2026-09,2026-09,CUST003467,Isha Kumar,isha.kumar.cust003467@reactiva.example,Bag,Sunglasses,Backpack,10,CMPNXO,1,PENDING,0,,,,ACTIVE,,,
REACTIVA-2026-09,2026-09,CUST003468,Rahul Kapoor,rahul.kapoor.cust003468@reactiva.example,Saree,Kurta,Jacket,10,2O5ISJ,1,PENDING,0,,,,ACTIVE,,,
REACTIVA-2026-09,2026-09,CUST003471,Manish Bhat,manish.bhat.cust003471@reactiva.example,Saree,Kurta,Jacket,10,64V6I5,1,PENDING,0,,,,ACTIVE,,,
REACTIVA-2026-09,2026-09,CUST003473,Dev Verma,dev.verma.cust003473@reactiva.example,Bag,Sunglasses,Backpack,10,HYKBXU,1,PENDING,0,,,,ACTIVE,,,
REACTIVA-2026-09,2026-09,CUST000005,Aanya Malhotra,aanya.malhotra.cust000005@reactiva.example,Saree,Kurta,Jacket,10,V63PXX,2,PENDING,0,,,,ACTIVE,,,
REACTIVA-2026-09,2026-09,CUST000025,Manish Kumar,manish.kumar.cust000025@reactiva.example,Bag,Sunglasses,Backpack,10,P27ZRF,2,PENDING,0,,,,ACTIVE,,,
REACTIVA-2026-09,2026-09,CUST000031,Aanya Chopra,aanya.chopra.cust000031@reactiva.example,Saree,Kurta,Jacket,10,IHVHQ5,2,PENDING,0,,,,ACTIVE,,,
REACTIVA-2026-09,2026-09,CUST000035,Diya Kapoor,diya.kapoor.cust000035@reactiva.example,Bag,Sunglasses,Backpack,10,PHHPRH,2,PENDING,0,,,,ACTIVE,,,
REACTIVA-2026-09,2026-09,CUST000054,Anjali Khanna,anjali.khanna.cust000054@reactiva.example,Saree,Kurta,Jacket,10,X5YHFY,2,PENDING,0,,,,ACTIVE,,,
REACTIVA-2026-09,2026-09,CUST000072,Nikhil Mishra,nikhil.mishra.cust000072@reactiva.example,Saree,Kurta,Jacket,10,5YP6DL,2,PENDING,0,,,,ACTIVE,,,
REACTIVA-2026-09,2026-09,CUST000076,Pooja Nair,pooja.nair.cust000076@reactiva.example,Bag,Sunglasses,Backpack,10,22L7XT,2,PENDING,0,,,,ACTIVE,,,
REACTIVA-2026-09,2026-09,CUST000083,Pooja Verma,pooja.verma.cust000083@reactiva.example,Bag,Sunglasses,Backpack,10,6L3WTI,2,PENDING,0,,,,ACTIVE,,,
REACTIVA-2026-09,2026-09,CUST000096,Raj Sharma,raj.sharma.cust000096@reactiva.example,Saree,Kurta,Jacket,10,7P7BZK,2,PENDING,0,,,,ACTIVE,,,
REACTIVA-2026-09,2026-09,CUST000100,Pooja Nair,pooja.nair.cust000100@reactiva.example,Running Shoes,Sneakers,Slippers,10,WLZLW4,2,PENDING,0,,,,ACTIVE,,,
REACTIVA-2026-09,2026-09,CUST000125,Dev Chopra,dev.chopra.cust000125@reactiva.example,Bag,Sunglasses,Backpack,10,OUO2UL,2,PENDING,0,,,,ACTIVE,,,
REACTIVA-2026-09,2026-09,CUST000129,Raj Nair,raj.nair.cust000129@reactiva.example,Bag,Sunglasses,Backpack,10,3NSVZY,2,PENDING,0,,,,ACTIVE,,,
REACTIVA-2026-09,2026-09,CUST000141,Sameer Iyer,sameer.iyer.cust000141@reactiva.example,Running Shoes,Sneakers,Slippers,10,BAUSDG,2,PENDING,0,,,,ACTIVE,,,
REACTIVA-2026-09,2026-09,CUST000187,Sanjay Reddy,sanjay.reddy.cust000187@reactiva.example,Saree,Kurta,Jacket,10,NLZ745,2,PENDING,0,,,,ACTIVE,,,
REACTIVA-2026-09,2026-09,CUST000201,Divya Kapoor,divya.kapoor.cust000201@reactiva.example,Saree,Kurta,Jacket,10,OBIL5M,2,PENDING,0,,,,ACTIVE,,,
REACTIVA-2026-09,2026-09,CUST000202,Simran Gupta,simran.gupta.cust000202@reactiva.example,Bag,Sunglasses,Backpack,10,CANWUE,2,PENDING,0,,,,ACTIVE,,,
REACTIVA-2026-09,2026-09,CUST000271,Varun Nair,varun.nair.cust000271@reactiva.example,Bag,Sunglasses,Backpack,10,7V55MS,2,PENDING,0,,,,ACTIVE,,,
REACTIVA-2026-09,2026-09,CUST000282,Akash Malhotra,akash.malhotra.cust000282@reactiva.example,Saree,Kurta,Jacket,10,ET32VA,2,PENDING,0,,,,ACTIVE,,,
REACTIVA-2026-09,2026-09,CUST000294,Ravi Verma,ravi.verma.cust000294@reactiva.example,Saree,Kurta,Jacket,10,6P7WXG,2,PENDING,0,,,,ACTIVE,,,
REACTIVA-2026-09,2026-09,CUST000295,Kiran Saxena,kiran.saxena.cust000295@reactiva.example,Saree,Kurta,Jacket,10,ZKNX6W,2,PENDING,0,,,,ACTIVE,,,
REACTIVA-2026-09,2026-09,CUST000325,Kavya Rao,kavya.rao.cust000325@reactiva.example,Running Shoes,Sneakers,Slippers,10,OCK7IA,2,PENDING,0,,,,ACTIVE,,,
REACTIVA-2026-09,2026-09,CUST000339,Anjali Kapoor,anjali.kapoor.cust000339@reactiva.example,Running Shoes,Sneakers,Slippers,10,K7BG3N,2,PENDING,0,,,,ACTIVE,,,
REACTIVA-2026-09,2026-09,CUST000356,Riya Reddy,riya.reddy.cust000356@reactiva.example,Saree,Kurta,Jacket,10,OU7CFE,2,PENDING,0,,,,ACTIVE,,,
REACTIVA-2026-09,2026-09,CUST000360,Dev Nair,dev.nair.cust000360@reactiva.example,Running Shoes,Sneakers,Slippers,10,GZWLXO,2,PENDING,0,,,,ACTIVE,,,
REACTIVA-2026-09,2026-09,CUST000362,Isha Singh,isha.singh.cust000362@reactiva.example,Saree,Kurta,Jacket,10,MA2WQ2,2,PENDING,0,,,,ACTIVE,,,
REACTIVA-2026-09,2026-09,CUST000373,Diya Iyer,diya.iyer.cust000373@reactiva.example,Bag,Sunglasses,Backpack,10,7ZQVBB,2,PENDING,0,,,,ACTIVE,,,
REACTIVA-2026-09,2026-09,CUST000480,Dev Desai,dev.desai.cust000480@reactiva.example,Saree,Kurta,Jacket,10,WMHCNR,2,PENDING,0,,,,ACTIVE,,,
REACTIVA-2026-09,2026-09,CUST000487,Deepika Singh,deepika.singh.cust000487@reactiva.example,Running Shoes,Sneakers,Slippers,10,TEQ4LC,2,PENDING,0,,,,ACTIVE,,,
REACTIVA-2026-09,2026-09,CUST000520,Sanjay Patel,sanjay.patel.cust000520@reactiva.example,Running Shoes,Sneakers,Slippers,10,N2IQ7C,2,PENDING,0,,,,ACTIVE,,,
REACTIVA-2026-09,2026-09,CUST000579,Ananya Iyer,ananya.iyer.cust000579@reactiva.example,Bag,Sunglasses,Backpack,10,ZQHZQU,2,PENDING,0,,,,ACTIVE,,,
REACTIVA-2026-09,2026-09,CUST000589,Neha Iyer,neha.iyer.cust000589@reactiva.example,Running Shoes,Sneakers,Slippers,10,LPMB2Z,2,PENDING,0,,,,ACTIVE,,,
REACTIVA-2026-09,2026-09,CUST000590,Varun Verma,varun.verma.cust000590@reactiva.example,Bag,Sunglasses,Backpack,10,TGXHZ4,2,PENDING,0,,,,ACTIVE,,,
REACTIVA-2026-09,2026-09,CUST000613,Sneha Singh,sneha.singh.cust000613@reactiva.example,Saree,Kurta,Jacket,10,VBPVM2,2,PENDING,0,,,,ACTIVE,,,
REACTIVA-2026-09,2026-09,CUST000615,Aditya Singh,aditya.singh.cust000615@reactiva.example,Running Shoes,Sneakers,Slippers,10,6KADQJ,2,PENDING,0,,,,ACTIVE,,,
REACTIVA-2026-09,2026-09,CUST000639,Karan Mehta,karan.mehta.cust000639@reactiva.example,Saree,Kurta,Jacket,10,6RSEBK,2,PENDING,0,,,,ACTIVE,,,
REACTIVA-2026-09,2026-09,CUST000646,Riya Joshi,riya.joshi.cust000646@reactiva.example,Running Shoes,Sneakers,Slippers,10,BUFXCS,2,PENDING,0,,,,ACTIVE,,,
REACTIVA-2026-09,2026-09,CUST000647,Dev Mehta,dev.mehta.cust000647@reactiva.example,Running Shoes,Sneakers,Slippers,10,4FDBIX,2,PENDING,0,,,,ACTIVE,,,
REACTIVA-2026-09,2026-09,CUST000653,Kavya Iyer,kavya.iyer.cust000653@reactiva.example,Saree,Kurta,Jacket,10,NVU5IN,2,PENDING,0,,,,ACTIVE,,,
REACTIVA-2026-09,2026-09,CUST000689,Akash Khanna,akash.khanna.cust000689@reactiva.example,Bag,Sunglasses,Backpack,10,Y3CCCO,2,PENDING,0,,,,ACTIVE,,,
REACTIVA-2026-09,2026-09,CUST000701,Sanjay Khanna,sanjay.khanna.cust000701@reactiva.example,Saree,Kurta,Jacket,10,3XTNM7,2,PENDING,0,,,,ACTIVE,,,
REACTIVA-2026-09,2026-09,CUST000702,Pooja Patel,pooja.patel.cust000702@reactiva.example,Running Shoes,Sneakers,Slippers,10,UWJUYZ,2,PENDING,0,,,,ACTIVE,,,
REACTIVA-2026-09,2026-09,CUST000718,Kabir Malhotra,kabir.malhotra.cust000718@reactiva.example,Saree,Kurta,Jacket,10,XTXYBF,2,PENDING,0,,,,ACTIVE,,,
REACTIVA-2026-09,2026-09,CUST000719,Anjali Desai,anjali.desai.cust000719@reactiva.example,Bag,Sunglasses,Backpack,10,NG7XZM,2,PENDING,0,,,,ACTIVE,,,
REACTIVA-2026-09,2026-09,CUST000723,Anjali Verma,anjali.verma.cust000723@reactiva.example,Running Shoes,Sneakers,Slippers,10,4OPLCP,2,PENDING,0,,,,ACTIVE,,,
REACTIVA-2026-09,2026-09,CUST000737,Aditi Kumar,aditi.kumar.cust000737@reactiva.example,Saree,Kurta,Jacket,10,2SKKJZ,2,PENDING,0,,,,ACTIVE,,,
REACTIVA-2026-09,2026-09,CUST000758,Anjali Nair,anjali.nair.cust000758@reactiva.example,Saree,Kurta,Jacket,10,TJOOPV,2,PENDING,0,,,,ACTIVE,,,
REACTIVA-2026-09,2026-09,CUST000786,Diya Sharma,diya.sharma.cust000786@reactiva.example,Running Shoes,Sneakers,Slippers,10,EJL56S,2,PENDING,0,,,,ACTIVE,,,
REACTIVA-2026-09,2026-09,CUST000817,Aarav Singh,aarav.singh.cust000817@reactiva.example,Bag,Sunglasses,Backpack,10,3FOVVU,2,PENDING,0,,,,ACTIVE,,,
REACTIVA-2026-09,2026-09,CUST000834,Aanya Iyer,aanya.iyer.cust000834@reactiva.example,Running Shoes,Sneakers,Slippers,10,YKXL4M,2,PENDING,0,,,,ACTIVE,,,
REACTIVA-2026-09,2026-09,CUST000836,Varun Kumar,varun.kumar.cust000836@reactiva.example,Running Shoes,Sneakers,Slippers,10,AM7MPE,2,PENDING,0,,,,ACTIVE,,,
REACTIVA-2026-09,2026-09,CUST000856,Akash Singh,akash.singh.cust000856@reactiva.example,Bag,Sunglasses,Backpack,10,DE6ZJY,2,PENDING,0,,,,ACTIVE,,,
REACTIVA-2026-09,2026-09,CUST000863,Rohan Reddy,rohan.reddy.cust000863@reactiva.example,Saree,Kurta,Jacket,10,72DN3S,2,PENDING,0,,,,ACTIVE,,,
REACTIVA-2026-09,2026-09,CUST000882,Karan Patel,karan.patel.cust000882@reactiva.example,Saree,Kurta,Jacket,10,RGJQHJ,2,PENDING,0,,,,ACTIVE,,,
REACTIVA-2026-09,2026-09,CUST000892,Kabir Nair,kabir.nair.cust000892@reactiva.example,Bag,Sunglasses,Backpack,10,YQ4IP5,2,PENDING,0,,,,ACTIVE,,,
REACTIVA-2026-09,2026-09,CUST000897,Neha Sharma,neha.sharma.cust000897@reactiva.example,Saree,Kurta,Jacket,10,R4TKQ4,2,PENDING,0,,,,ACTIVE,,,
REACTIVA-2026-09,2026-09,CUST000903,Nikhil Joshi,nikhil.joshi.cust000903@reactiva.example,Running Shoes,Sneakers,Slippers,10,NLFOTU,2,PENDING,0,,,,ACTIVE,,,
REACTIVA-2026-09,2026-09,CUST000904,Divya Kapoor,divya.kapoor.cust000904@reactiva.example,Running Shoes,Sneakers,Slippers,10,U7URMS,2,PENDING,0,,,,ACTIVE,,,
REACTIVA-2026-09,2026-09,CUST000917,Kavya Patel,kavya.patel.cust000917@reactiva.example,Running Shoes,Sneakers,Slippers,10,S2IYL2,2,PENDING,0,,,,ACTIVE,,,
REACTIVA-2026-09,2026-09,CUST000927,Aditi Khanna,aditi.khanna.cust000927@reactiva.example,Bag,Sunglasses,Backpack,10,4I3UO2,2,PENDING,0,,,,ACTIVE,,,
REACTIVA-2026-09,2026-09,CUST000937,Varun Verma,varun.verma.cust000937@reactiva.example,Bag,Sunglasses,Backpack,10,F7YU4A,2,PENDING,0,,,,ACTIVE,,,
REACTIVA-2026-09,2026-09,CUST000953,Ananya Gupta,ananya.gupta.cust000953@reactiva.example,Bag,Sunglasses,Backpack,10,5GAOUB,2,PENDING,0,,,,ACTIVE,,,
REACTIVA-2026-09,2026-09,CUST000983,Diya Kumar,diya.kumar.cust000983@reactiva.example,Bag,Sunglasses,Backpack,10,4AT5QG,2,PENDING,0,,,,ACTIVE,,,
REACTIVA-2026-09,2026-09,CUST000984,Simran Singh,simran.singh.cust000984@reactiva.example,Bag,Sunglasses,Backpack,10,MPHPUL,2,PENDING,0,,,,ACTIVE,,,
REACTIVA-2026-09,2026-09,CUST000993,Riya Mehta,riya.mehta.cust000993@reactiva.example,Bag,Sunglasses,Backpack,10,6DMJXE,2,PENDING,0,,,,ACTIVE,,,
REACTIVA-2026-09,2026-09,CUST000994,Amit Chopra,amit.chopra.cust000994@reactiva.example,Saree,Kurta,Jacket,10,UPBSKS,2,PENDING,0,,,,ACTIVE,,,
REACTIVA-2026-09,2026-09,CUST001012,Amit Kumar,amit.kumar.cust001012@reactiva.example,Bag,Sunglasses,Backpack,10,EYOLEF,2,PENDING,0,,,,ACTIVE,,,
REACTIVA-2026-09,2026-09,CUST001013,Sonia Mishra,sonia.mishra.cust001013@reactiva.example,Saree,Kurta,Jacket,10,P72CYD,2,PENDING,0,,,,ACTIVE,,,
REACTIVA-2026-09,2026-09,CUST001014,Isha Gupta,isha.gupta.cust001014@reactiva.example,Saree,Kurta,Jacket,10,JJDLUG,2,PENDING,0,,,,ACTIVE,,,
REACTIVA-2026-09,2026-09,CUST001020,Nikhil Malhotra,nikhil.malhotra.cust001020@reactiva.example,Saree,Kurta,Jacket,10,AZGGQW,2,PENDING,0,,,,ACTIVE,,,
REACTIVA-2026-09,2026-09,CUST001025,Manish Malhotra,manish.malhotra.cust001025@reactiva.example,Bag,Sunglasses,Backpack,10,EU2VDI,2,PENDING,0,,,,ACTIVE,,,
REACTIVA-2026-09,2026-09,CUST001035,Sonia Joshi,sonia.joshi.cust001035@reactiva.example,Running Shoes,Sneakers,Slippers,10,NHCJ2S,2,PENDING,0,,,,ACTIVE,,,
REACTIVA-2026-09,2026-09,CUST001049,Amit Kapoor,amit.kapoor.cust001049@reactiva.example,Running Shoes,Sneakers,Slippers,10,OIFIQY,2,PENDING,0,,,,ACTIVE,,,
REACTIVA-2026-09,2026-09,CUST001060,Amit Reddy,amit.reddy.cust001060@reactiva.example,Saree,Kurta,Jacket,10,HTV35U,2,PENDING,0,,,,ACTIVE,,,
REACTIVA-2026-09,2026-09,CUST001079,Aditi Khanna,aditi.khanna.cust001079@reactiva.example,Saree,Kurta,Jacket,10,2PITXG,2,PENDING,0,,,,ACTIVE,,,
REACTIVA-2026-09,2026-09,CUST001083,Isha Iyer,isha.iyer.cust001083@reactiva.example,Running Shoes,Sneakers,Slippers,10,TAXZSS,2,PENDING,0,,,,ACTIVE,,,
REACTIVA-2026-09,2026-09,CUST001097,Karan Kumar,karan.kumar.cust001097@reactiva.example,Saree,Kurta,Jacket,10,NCMSSI,2,PENDING,0,,,,ACTIVE,,,
REACTIVA-2026-09,2026-09,CUST001106,Deepika Nair,deepika.nair.cust001106@reactiva.example,Bag,Sunglasses,Backpack,10,SAMVLF,2,PENDING,0,,,,ACTIVE,,,
REACTIVA-2026-09,2026-09,CUST001111,Ravi Reddy,ravi.reddy.cust001111@reactiva.example,Running Shoes,Sneakers,Slippers,10,YGJ2VV,2,PENDING,0,,,,ACTIVE,,,
REACTIVA-2026-09,2026-09,CUST001112,Simran Singh,simran.singh.cust001112@reactiva.example,Running Shoes,Sneakers,Slippers,10,6LCQSI,2,PENDING,0,,,,ACTIVE,,,
REACTIVA-2026-09,2026-09,CUST001114,Varun Joshi,varun.joshi.cust001114@reactiva.example,Running Shoes,Sneakers,Slippers,10,JDBNL2,2,PENDING,0,,,,ACTIVE,,,
REACTIVA-2026-09,2026-09,CUST001123,Varun Patel,varun.patel.cust001123@reactiva.example,Running Shoes,Sneakers,Slippers,10,CNALTX,2,PENDING,0,,,,ACTIVE,,,
REACTIVA-2026-09,2026-09,CUST001136,Meera Mishra,meera.mishra.cust001136@reactiva.example,Running Shoes,Sneakers,Slippers,10,WQYTZ7,2,PENDING,0,,,,ACTIVE,,,
REACTIVA-2026-09,2026-09,CUST001146,Varun Kumar,varun.kumar.cust001146@reactiva.example,Bag,Sunglasses,Backpack,10,LVDYYC,2,PENDING,0,,,,ACTIVE,,,
REACTIVA-2026-09,2026-09,CUST001156,Kavya Rao,kavya.rao.cust001156@reactiva.example,Running Shoes,Sneakers,Slippers,10,7ODXN4,2,PENDING,0,,,,ACTIVE,,,
REACTIVA-2026-09,2026-09,CUST001158,Sanjay Malhotra,sanjay.malhotra.cust001158@reactiva.example,Bag,Sunglasses,Backpack,10,DH3CBG,2,PENDING,0,,,,ACTIVE,,,
REACTIVA-2026-09,2026-09,CUST001164,Varun Chopra,varun.chopra.cust001164@reactiva.example,Saree,Kurta,Jacket,10,PWUR3W,2,PENDING,0,,,,ACTIVE,,,
REACTIVA-2026-09,2026-09,CUST001172,Ravi Chopra,ravi.chopra.cust001172@reactiva.example,Running Shoes,Sneakers,Slippers,10,LUXY5A,2,PENDING,0,,,,ACTIVE,,,
REACTIVA-2026-09,2026-09,CUST001174,Amit Joshi,amit.joshi.cust001174@reactiva.example,Bag,Sunglasses,Backpack,10,F5LXCA,2,PENDING,0,,,,ACTIVE,,,
REACTIVA-2026-09,2026-09,CUST001187,Pooja Desai,pooja.desai.cust001187@reactiva.example,Bag,Sunglasses,Backpack,10,JQNX7I,2,PENDING,0,,,,ACTIVE,,,
REACTIVA-2026-09,2026-09,CUST001190,Vikram Reddy,vikram.reddy.cust001190@reactiva.example,Saree,Kurta,Jacket,10,EKVNPV,2,PENDING,0,,,,ACTIVE,,,
REACTIVA-2026-09,2026-09,CUST001216,Karan Saxena,karan.saxena.cust001216@reactiva.example,Saree,Kurta,Jacket,10,P2MFXS,2,PENDING,0,,,,ACTIVE,,,
REACTIVA-2026-09,2026-09,CUST001220,Kavya Bhat,kavya.bhat.cust001220@reactiva.example,Running Shoes,Sneakers,Slippers,10,XFDOCC,2,PENDING,0,,,,ACTIVE,,,
REACTIVA-2026-09,2026-09,CUST001232,Pooja Verma,pooja.verma.cust001232@reactiva.example,Saree,Kurta,Jacket,10,XQAQTB,2,PENDING,0,,,,ACTIVE,,,
REACTIVA-2026-09,2026-09,CUST001279,Aditya Sharma,aditya.sharma.cust001279@reactiva.example,Running Shoes,Sneakers,Slippers,10,OR7IE2,2,PENDING,0,,,,ACTIVE,,,
REACTIVA-2026-09,2026-09,CUST001288,Meera Gupta,meera.gupta.cust001288@reactiva.example,Running Shoes,Sneakers,Slippers,10,PFSYNC,2,PENDING,0,,,,ACTIVE,,,
REACTIVA-2026-09,2026-09,CUST001300,Vikram Bhat,vikram.bhat.cust001300@reactiva.example,Saree,Kurta,Jacket,10,JSCUTO,2,PENDING,0,,,,ACTIVE,,,
REACTIVA-2026-09,2026-09,CUST001305,Amit Patel,amit.patel.cust001305@reactiva.example,Saree,Kurta,Jacket,10,FBHSIL,2,PENDING,0,,,,ACTIVE,,,
REACTIVA-2026-09,2026-09,CUST001306,Nisha Mishra,nisha.mishra.cust001306@reactiva.example,Bag,Sunglasses,Backpack,10,SMGSYE,2,PENDING,0,,,,ACTIVE,,,
REACTIVA-2026-09,2026-09,CUST001313,Nisha Gupta,nisha.gupta.cust001313@reactiva.example,Saree,Kurta,Jacket,10,T6GDGB,2,PENDING,0,,,,ACTIVE,,,
REACTIVA-2026-09,2026-09,CUST001321,Amit Kapoor,amit.kapoor.cust001321@reactiva.example,Running Shoes,Sneakers,Slippers,10,7NTE66,2,PENDING,0,,,,ACTIVE,,,
REACTIVA-2026-09,2026-09,CUST001336,Divya Rao,divya.rao.cust001336@reactiva.example,Running Shoes,Sneakers,Slippers,10,FXYRKX,2,PENDING,0,,,,ACTIVE,,,
REACTIVA-2026-09,2026-09,CUST001371,Sneha Mishra,sneha.mishra.cust001371@reactiva.example,Running Shoes,Sneakers,Slippers,10,EJF5LC,2,PENDING,0,,,,ACTIVE,,,
REACTIVA-2026-09,2026-09,CUST001381,Amit Rao,amit.rao.cust001381@reactiva.example,Running Shoes,Sneakers,Slippers,10,Y6QWT4,2,PENDING,0,,,,ACTIVE,,,
REACTIVA-2026-09,2026-09,CUST001397,Arjun Sharma,arjun.sharma.cust001397@reactiva.example,Saree,Kurta,Jacket,10,YMEE4V,2,PENDING,0,,,,ACTIVE,,,
REACTIVA-2026-09,2026-09,CUST001413,Sameer Malhotra,sameer.malhotra.cust001413@reactiva.example,Bag,Sunglasses,Backpack,10,T4YOMF,2,PENDING,0,,,,ACTIVE,,,
REACTIVA-2026-09,2026-09,CUST001421,Akash Khanna,akash.khanna.cust001421@reactiva.example,Running Shoes,Sneakers,Slippers,10,NFJVK2,2,PENDING,0,,,,ACTIVE,,,
REACTIVA-2026-09,2026-09,CUST001435,Diya Reddy,diya.reddy.cust001435@reactiva.example,Running Shoes,Sneakers,Slippers,10,JKRPZJ,2,PENDING,0,,,,ACTIVE,,,
REACTIVA-2026-09,2026-09,CUST001479,Kiran Mishra,kiran.mishra.cust001479@reactiva.example,Running Shoes,Sneakers,Slippers,10,FAFC6Q,2,PENDING,0,,,,ACTIVE,,,
REACTIVA-2026-09,2026-09,CUST001487,Tanya Bhat,tanya.bhat.cust001487@reactiva.example,Saree,Kurta,Jacket,10,MRZAAN,2,PENDING,0,,,,ACTIVE,,,
REACTIVA-2026-09,2026-09,CUST001492,Pooja Kapoor,pooja.kapoor.cust001492@reactiva.example,Running Shoes,Sneakers,Slippers,10,62S3AK,2,PENDING,0,,,,ACTIVE,,,
REACTIVA-2026-09,2026-09,CUST001494,Vikram Singh,vikram.singh.cust001494@reactiva.example,Bag,Sunglasses,Backpack,10,K5SL24,2,PENDING,0,,,,ACTIVE,,,
REACTIVA-2026-09,2026-09,CUST001495,Amit Saxena,amit.saxena.cust001495@reactiva.example,Bag,Sunglasses,Backpack,10,DI4GFF,2,PENDING,0,,,,ACTIVE,,,
REACTIVA-2026-09,2026-09,CUST001510,Ananya Gupta,ananya.gupta.cust001510@reactiva.example,Bag,Sunglasses,Backpack,10,6W6MCB,2,PENDING,0,,,,ACTIVE,,,
REACTIVA-2026-09,2026-09,CUST001511,Nikhil Malhotra,nikhil.malhotra.cust001511@reactiva.example,Bag,Sunglasses,Backpack,10,KLZ5IL,2,PENDING,0,,,,ACTIVE,,,
REACTIVA-2026-09,2026-09,CUST001525,Manish Nair,manish.nair.cust001525@reactiva.example,Running Shoes,Sneakers,Slippers,10,7GZ7I5,2,PENDING,0,,,,ACTIVE,,,
REACTIVA-2026-09,2026-09,CUST001552,Kiran Patel,kiran.patel.cust001552@reactiva.example,Saree,Kurta,Jacket,10,EJWHJ7,2,PENDING,0,,,,ACTIVE,,,
REACTIVA-2026-09,2026-09,CUST001562,Isha Verma,isha.verma.cust001562@reactiva.example,Saree,Kurta,Jacket,10,CBQQNF,2,PENDING,0,,,,ACTIVE,,,
REACTIVA-2026-09,2026-09,CUST001586,Aditi Bhat,aditi.bhat.cust001586@reactiva.example,Bag,Sunglasses,Backpack,10,E6BE4C,2,PENDING,0,,,,ACTIVE,,,
REACTIVA-2026-09,2026-09,CUST001587,Aditya Rao,aditya.rao.cust001587@reactiva.example,Bag,Sunglasses,Backpack,10,JPP5IP,2,PENDING,0,,,,ACTIVE,,,
REACTIVA-2026-09,2026-09,CUST001591,Rakesh Saxena,rakesh.saxena.cust001591@reactiva.example,Bag,Sunglasses,Backpack,10,OHR4ZD,2,PENDING,0,,,,ACTIVE,,,
REACTIVA-2026-09,2026-09,CUST001593,Rakesh Chopra,rakesh.chopra.cust001593@reactiva.example,Bag,Sunglasses,Backpack,10,KA2VZU,2,PENDING,0,,,,ACTIVE,,,
REACTIVA-2026-09,2026-09,CUST001606,Aarav Kapoor,aarav.kapoor.cust001606@reactiva.example,Saree,Kurta,Jacket,10,PHOKOO,2,PENDING,0,,,,ACTIVE,,,
REACTIVA-2026-09,2026-09,CUST001616,Simran Nair,simran.nair.cust001616@reactiva.example,Running Shoes,Sneakers,Slippers,10,W74CWB,2,PENDING,0,,,,ACTIVE,,,
REACTIVA-2026-09,2026-09,CUST001625,Ravi Singh,ravi.singh.cust001625@reactiva.example,Running Shoes,Sneakers,Slippers,10,IRGFAC,2,PENDING,0,,,,ACTIVE,,,
REACTIVA-2026-09,2026-09,CUST001631,Priya Patel,priya.patel.cust001631@reactiva.example,Saree,Kurta,Jacket,10,I4FZSE,2,PENDING,0,,,,ACTIVE,,,
REACTIVA-2026-09,2026-09,CUST001633,Sameer Malhotra,sameer.malhotra.cust001633@reactiva.example,Running Shoes,Sneakers,Slippers,10,DE554K,2,PENDING,0,,,,ACTIVE,,,
REACTIVA-2026-09,2026-09,CUST001644,Varun Patel,varun.patel.cust001644@reactiva.example,Saree,Kurta,Jacket,10,ICKBO4,2,PENDING,0,,,,ACTIVE,,,
REACTIVA-2026-09,2026-09,CUST001653,Isha Iyer,isha.iyer.cust001653@reactiva.example,Running Shoes,Sneakers,Slippers,10,L4FKZA,2,PENDING,0,,,,ACTIVE,,,
REACTIVA-2026-09,2026-09,CUST001712,Manish Sharma,manish.sharma.cust001712@reactiva.example,Running Shoes,Sneakers,Slippers,10,VMIWED,2,PENDING,0,,,,ACTIVE,,,
REACTIVA-2026-09,2026-09,CUST001713,Sanjay Singh,sanjay.singh.cust001713@reactiva.example,Saree,Kurta,Jacket,10,5JD7R2,2,PENDING,0,,,,ACTIVE,,,
REACTIVA-2026-09,2026-09,CUST001760,Sneha Iyer,sneha.iyer.cust001760@reactiva.example,Saree,Kurta,Jacket,10,ZFLFHX,2,PENDING,0,,,,ACTIVE,,,
REACTIVA-2026-09,2026-09,CUST001768,Amit Saxena,amit.saxena.cust001768@reactiva.example,Saree,Kurta,Jacket,10,BZYGBD,2,PENDING,0,,,,ACTIVE,,,
REACTIVA-2026-09,2026-09,CUST001794,Simran Singh,simran.singh.cust001794@reactiva.example,Bag,Sunglasses,Backpack,10,K554BO,2,PENDING,0,,,,ACTIVE,,,
REACTIVA-2026-09,2026-09,CUST001795,Simran Mehta,simran.mehta.cust001795@reactiva.example,Bag,Sunglasses,Backpack,10,V7BJNC,2,PENDING,0,,,,ACTIVE,,,
REACTIVA-2026-09,2026-09,CUST001812,Rahul Kumar,rahul.kumar.cust001812@reactiva.example,Saree,Kurta,Jacket,10,M5NBZC,2,PENDING,0,,,,ACTIVE,,,
REACTIVA-2026-09,2026-09,CUST001838,Vivek Nair,vivek.nair.cust001838@reactiva.example,Bag,Sunglasses,Backpack,10,NU6D5P,2,PENDING,0,,,,ACTIVE,,,
REACTIVA-2026-09,2026-09,CUST001886,Diya Desai,diya.desai.cust001886@reactiva.example,Bag,Sunglasses,Backpack,10,BZKRCC,2,PENDING,0,,,,ACTIVE,,,
REACTIVA-2026-09,2026-09,CUST001891,Anjali Joshi,anjali.joshi.cust001891@reactiva.example,Saree,Kurta,Jacket,10,5F26PB,2,PENDING,0,,,,ACTIVE,,,
REACTIVA-2026-09,2026-09,CUST001895,Rahul Verma,rahul.verma.cust001895@reactiva.example,Bag,Sunglasses,Backpack,10,XWDTM6,2,PENDING,0,,,,ACTIVE,,,
REACTIVA-2026-09,2026-09,CUST001927,Karan Khanna,karan.khanna.cust001927@reactiva.example,Saree,Kurta,Jacket,10,WWJ7LD,2,PENDING,0,,,,ACTIVE,,,
REACTIVA-2026-09,2026-09,CUST001937,Vivek Iyer,vivek.iyer.cust001937@reactiva.example,Running Shoes,Sneakers,Slippers,10,DSWH3S,2,PENDING,0,,,,ACTIVE,,,
REACTIVA-2026-09,2026-09,CUST001953,Divya Joshi,divya.joshi.cust001953@reactiva.example,Running Shoes,Sneakers,Slippers,10,I7BSNE,2,PENDING,0,,,,ACTIVE,,,
REACTIVA-2026-09,2026-09,CUST001967,Aditya Patel,aditya.patel.cust001967@reactiva.example,Running Shoes,Sneakers,Slippers,10,LC2GSV,2,PENDING,0,,,,ACTIVE,,,
REACTIVA-2026-09,2026-09,CUST001974,Sonia Mehta,sonia.mehta.cust001974@reactiva.example,Running Shoes,Sneakers,Slippers,10,L6A4RZ,2,PENDING,0,,,,ACTIVE,,,
REACTIVA-2026-09,2026-09,CUST001992,Kabir Verma,kabir.verma.cust001992@reactiva.example,Saree,Kurta,Jacket,10,JD5LXE,2,PENDING,0,,,,ACTIVE,,,
REACTIVA-2026-09,2026-09,CUST002024,Sneha Kumar,sneha.kumar.cust002024@reactiva.example,Bag,Sunglasses,Backpack,10,CGS4WI,2,PENDING,0,,,,ACTIVE,,,
REACTIVA-2026-09,2026-09,CUST002036,Anjali Verma,anjali.verma.cust002036@reactiva.example,Saree,Kurta,Jacket,10,EORIEP,2,PENDING,0,,,,ACTIVE,,,
REACTIVA-2026-09,2026-09,CUST002056,Vivek Malhotra,vivek.malhotra.cust002056@reactiva.example,Running Shoes,Sneakers,Slippers,10,5OPSOM,2,PENDING,0,,,,ACTIVE,,,
REACTIVA-2026-09,2026-09,CUST002102,Deepika Bhat,deepika.bhat.cust002102@reactiva.example,Running Shoes,Sneakers,Slippers,10,7ZCUBT,2,PENDING,0,,,,ACTIVE,,,
REACTIVA-2026-09,2026-09,CUST002117,Sonia Gupta,sonia.gupta.cust002117@reactiva.example,Running Shoes,Sneakers,Slippers,10,FV74C3,2,PENDING,0,,,,ACTIVE,,,
REACTIVA-2026-09,2026-09,CUST002132,Raj Verma,raj.verma.cust002132@reactiva.example,Running Shoes,Sneakers,Slippers,10,6H6Q6P,2,PENDING,0,,,,ACTIVE,,,
REACTIVA-2026-09,2026-09,CUST002193,Kabir Nair,kabir.nair.cust002193@reactiva.example,Saree,Kurta,Jacket,10,DTV7QJ,2,PENDING,0,,,,ACTIVE,,,
REACTIVA-2026-09,2026-09,CUST002208,Deepika Sharma,deepika.sharma.cust002208@reactiva.example,Running Shoes,Sneakers,Slippers,10,P3GHO4,2,PENDING,0,,,,ACTIVE,,,
REACTIVA-2026-09,2026-09,CUST002216,Kabir Chopra,kabir.chopra.cust002216@reactiva.example,Saree,Kurta,Jacket,10,GOJ3MO,2,PENDING,0,,,,ACTIVE,,,
REACTIVA-2026-09,2026-09,CUST002223,Kiran Gupta,kiran.gupta.cust002223@reactiva.example,Saree,Kurta,Jacket,10,VLQM3G,2,PENDING,0,,,,ACTIVE,,,
REACTIVA-2026-09,2026-09,CUST002249,Dev Mehta,dev.mehta.cust002249@reactiva.example,Saree,Kurta,Jacket,10,DSQNFB,2,PENDING,0,,,,ACTIVE,,,
REACTIVA-2026-09,2026-09,CUST002260,Sameer Kapoor,sameer.kapoor.cust002260@reactiva.example,Bag,Sunglasses,Backpack,10,6JD3CM,2,PENDING,0,,,,ACTIVE,,,
REACTIVA-2026-09,2026-09,CUST002268,Dev Gupta,dev.gupta.cust002268@reactiva.example,Bag,Sunglasses,Backpack,10,E2BVRZ,2,PENDING,0,,,,ACTIVE,,,
REACTIVA-2026-09,2026-09,CUST002271,Rahul Iyer,rahul.iyer.cust002271@reactiva.example,Saree,Kurta,Jacket,10,V3D6ED,2,PENDING,0,,,,ACTIVE,,,
REACTIVA-2026-09,2026-09,CUST002285,Raj Kapoor,raj.kapoor.cust002285@reactiva.example,Running Shoes,Sneakers,Slippers,10,OXTHMD,2,PENDING,0,,,,ACTIVE,,,
REACTIVA-2026-09,2026-09,CUST002290,Priya Nair,priya.nair.cust002290@reactiva.example,Bag,Sunglasses,Backpack,10,DKEZP2,2,PENDING,0,,,,ACTIVE,,,
REACTIVA-2026-09,2026-09,CUST002294,Sameer Nair,sameer.nair.cust002294@reactiva.example,Bag,Sunglasses,Backpack,10,2W3SNQ,2,PENDING,0,,,,ACTIVE,,,
REACTIVA-2026-09,2026-09,CUST002297,Ananya Gupta,ananya.gupta.cust002297@reactiva.example,Saree,Kurta,Jacket,10,OMM5SU,2,PENDING,0,,,,ACTIVE,,,
REACTIVA-2026-09,2026-09,CUST002299,Varun Iyer,varun.iyer.cust002299@reactiva.example,Running Shoes,Sneakers,Slippers,10,W7QS2J,2,PENDING,0,,,,ACTIVE,,,
REACTIVA-2026-09,2026-09,CUST002344,Isha Verma,isha.verma.cust002344@reactiva.example,Saree,Kurta,Jacket,10,P7WC45,2,PENDING,0,,,,ACTIVE,,,
REACTIVA-2026-09,2026-09,CUST002353,Kavya Kumar,kavya.kumar.cust002353@reactiva.example,Saree,Kurta,Jacket,10,SBBJRX,2,PENDING,0,,,,ACTIVE,,,
REACTIVA-2026-09,2026-09,CUST002359,Arjun Iyer,arjun.iyer.cust002359@reactiva.example,Running Shoes,Sneakers,Slippers,10,TOY2FB,2,PENDING,0,,,,ACTIVE,,,
REACTIVA-2026-09,2026-09,CUST002364,Diya Khanna,diya.khanna.cust002364@reactiva.example,Running Shoes,Sneakers,Slippers,10,W5JTOP,2,PENDING,0,,,,ACTIVE,,,
REACTIVA-2026-09,2026-09,CUST002388,Neha Chopra,neha.chopra.cust002388@reactiva.example,Saree,Kurta,Jacket,10,2HUSTA,2,PENDING,0,,,,ACTIVE,,,
REACTIVA-2026-09,2026-09,CUST002404,Neha Saxena,neha.saxena.cust002404@reactiva.example,Bag,Sunglasses,Backpack,10,YFEVX4,2,PENDING,0,,,,ACTIVE,,,
REACTIVA-2026-09,2026-09,CUST002410,Varun Rao,varun.rao.cust002410@reactiva.example,Running Shoes,Sneakers,Slippers,10,EHZTER,2,PENDING,0,,,,ACTIVE,,,
REACTIVA-2026-09,2026-09,CUST002411,Varun Joshi,varun.joshi.cust002411@reactiva.example,Running Shoes,Sneakers,Slippers,10,UN5JX2,2,PENDING,0,,,,ACTIVE,,,
REACTIVA-2026-09,2026-09,CUST002419,Raj Verma,raj.verma.cust002419@reactiva.example,Running Shoes,Sneakers,Slippers,10,7HCIGK,2,PENDING,0,,,,ACTIVE,,,
REACTIVA-2026-09,2026-09,CUST002433,Sanjay Rao,sanjay.rao.cust002433@reactiva.example,Running Shoes,Sneakers,Slippers,10,VDYFFJ,2,PENDING,0,,,,ACTIVE,,,
REACTIVA-2026-09,2026-09,CUST002440,Manish Joshi,manish.joshi.cust002440@reactiva.example,Saree,Kurta,Jacket,10,WUVHFN,2,PENDING,0,,,,ACTIVE,,,
REACTIVA-2026-09,2026-09,CUST002451,Priya Saxena,priya.saxena.cust002451@reactiva.example,Saree,Kurta,Jacket,10,6CEQBH,2,PENDING,0,,,,ACTIVE,,,
REACTIVA-2026-09,2026-09,CUST002467,Kavya Khanna,kavya.khanna.cust002467@reactiva.example,Bag,Sunglasses,Backpack,10,EZLI4W,2,PENDING,0,,,,ACTIVE,,,
REACTIVA-2026-09,2026-09,CUST002474,Kiran Bhat,kiran.bhat.cust002474@reactiva.example,Saree,Kurta,Jacket,10,TKAPDA,2,PENDING,0,,,,ACTIVE,,,
REACTIVA-2026-09,2026-09,CUST002537,Riya Kumar,riya.kumar.cust002537@reactiva.example,Saree,Kurta,Jacket,10,VKC4YE,2,PENDING,0,,,,ACTIVE,,,
REACTIVA-2026-09,2026-09,CUST002588,Ananya Rao,ananya.rao.cust002588@reactiva.example,Saree,Kurta,Jacket,10,OCHLHS,2,PENDING,0,,,,ACTIVE,,,
REACTIVA-2026-09,2026-09,CUST002599,Meera Verma,meera.verma.cust002599@reactiva.example,Bag,Sunglasses,Backpack,10,HO32O5,2,PENDING,0,,,,ACTIVE,,,
REACTIVA-2026-09,2026-09,CUST002618,Ananya Iyer,ananya.iyer.cust002618@reactiva.example,Saree,Kurta,Jacket,10,CBERG7,2,PENDING,0,,,,ACTIVE,,,
REACTIVA-2026-09,2026-09,CUST002643,Sanjay Malhotra,sanjay.malhotra.cust002643@reactiva.example,Saree,Kurta,Jacket,10,QWMFE2,2,PENDING,0,,,,ACTIVE,,,
REACTIVA-2026-09,2026-09,CUST002703,Rahul Joshi,rahul.joshi.cust002703@reactiva.example,Saree,Kurta,Jacket,10,JGVFS4,2,PENDING,0,,,,ACTIVE,,,
REACTIVA-2026-09,2026-09,CUST002720,Simran Bhat,simran.bhat.cust002720@reactiva.example,Running Shoes,Sneakers,Slippers,10,CVKJLD,2,PENDING,0,,,,ACTIVE,,,
REACTIVA-2026-09,2026-09,CUST002731,Riya Sharma,riya.sharma.cust002731@reactiva.example,Saree,Kurta,Jacket,10,UGOPXA,2,PENDING,0,,,,ACTIVE,,,
REACTIVA-2026-09,2026-09,CUST002738,Nikhil Singh,nikhil.singh.cust002738@reactiva.example,Running Shoes,Sneakers,Slippers,10,LO3WTM,2,PENDING,0,,,,ACTIVE,,,
REACTIVA-2026-09,2026-09,CUST002790,Sonia Patel,sonia.patel.cust002790@reactiva.example,Running Shoes,Sneakers,Slippers,10,QX5H5F,2,PENDING,0,,,,ACTIVE,,,
REACTIVA-2026-09,2026-09,CUST002797,Pooja Joshi,pooja.joshi.cust002797@reactiva.example,Running Shoes,Sneakers,Slippers,10,BOKOAK,2,PENDING,0,,,,ACTIVE,,,
REACTIVA-2026-09,2026-09,CUST002815,Meera Iyer,meera.iyer.cust002815@reactiva.example,Bag,Sunglasses,Backpack,10,MED6V6,2,PENDING,0,,,,ACTIVE,,,
REACTIVA-2026-09,2026-09,CUST002822,Deepika Rao,deepika.rao.cust002822@reactiva.example,Saree,Kurta,Jacket,10,YA6BIE,2,PENDING,0,,,,ACTIVE,,,
REACTIVA-2026-09,2026-09,CUST002825,Deepika Singh,deepika.singh.cust002825@reactiva.example,Saree,Kurta,Jacket,10,6X7TH7,2,PENDING,0,,,,ACTIVE,,,
REACTIVA-2026-09,2026-09,CUST002840,Vikram Joshi,vikram.joshi.cust002840@reactiva.example,Saree,Kurta,Jacket,10,YUHWZO,2,PENDING,0,,,,ACTIVE,,,
REACTIVA-2026-09,2026-09,CUST002844,Nikhil Kapoor,nikhil.kapoor.cust002844@reactiva.example,Bag,Sunglasses,Backpack,10,BYRB34,2,PENDING,0,,,,ACTIVE,,,
REACTIVA-2026-09,2026-09,CUST002846,Rakesh Gupta,rakesh.gupta.cust002846@reactiva.example,Bag,Sunglasses,Backpack,10,XNDJNY,2,PENDING,0,,,,ACTIVE,,,
REACTIVA-2026-09,2026-09,CUST002850,Raj Singh,raj.singh.cust002850@reactiva.example,Running Shoes,Sneakers,Slippers,10,EK47CL,2,PENDING,0,,,,ACTIVE,,,
REACTIVA-2026-09,2026-09,CUST002852,Anjali Singh,anjali.singh.cust002852@reactiva.example,Saree,Kurta,Jacket,10,SIGFLV,2,PENDING,0,,,,ACTIVE,,,
REACTIVA-2026-09,2026-09,CUST002885,Kavya Patel,kavya.patel.cust002885@reactiva.example,Running Shoes,Sneakers,Slippers,10,6QNNX4,2,PENDING,0,,,,ACTIVE,,,
REACTIVA-2026-09,2026-09,CUST002896,Ananya Reddy,ananya.reddy.cust002896@reactiva.example,Running Shoes,Sneakers,Slippers,10,MVVBBX,2,PENDING,0,,,,ACTIVE,,,
REACTIVA-2026-09,2026-09,CUST002901,Rahul Reddy,rahul.reddy.cust002901@reactiva.example,Saree,Kurta,Jacket,10,64MPWL,2,PENDING,0,,,,ACTIVE,,,
REACTIVA-2026-09,2026-09,CUST002907,Anjali Rao,anjali.rao.cust002907@reactiva.example,Bag,Sunglasses,Backpack,10,ZQE5QH,2,PENDING,0,,,,ACTIVE,,,
REACTIVA-2026-09,2026-09,CUST002911,Rakesh Desai,rakesh.desai.cust002911@reactiva.example,Bag,Sunglasses,Backpack,10,GUCEYY,2,PENDING,0,,,,ACTIVE,,,
REACTIVA-2026-09,2026-09,CUST002944,Arjun Rao,arjun.rao.cust002944@reactiva.example,Running Shoes,Sneakers,Slippers,10,U2E36S,2,PENDING,0,,,,ACTIVE,,,
REACTIVA-2026-09,2026-09,CUST002947,Ravi Bhat,ravi.bhat.cust002947@reactiva.example,Saree,Kurta,Jacket,10,H7FPUE,2,PENDING,0,,,,ACTIVE,,,
REACTIVA-2026-09,2026-09,CUST002964,Amit Mehta,amit.mehta.cust002964@reactiva.example,Bag,Sunglasses,Backpack,10,FWW4IU,2,PENDING,0,,,,ACTIVE,,,
REACTIVA-2026-09,2026-09,CUST002971,Neha Singh,neha.singh.cust002971@reactiva.example,Saree,Kurta,Jacket,10,CO4VCT,2,PENDING,0,,,,ACTIVE,,,
REACTIVA-2026-09,2026-09,CUST003010,Kavya Bhat,kavya.bhat.cust003010@reactiva.example,Bag,Sunglasses,Backpack,10,SZK74Y,2,PENDING,0,,,,ACTIVE,,,
REACTIVA-2026-09,2026-09,CUST003019,Deepika Reddy,deepika.reddy.cust003019@reactiva.example,Running Shoes,Sneakers,Slippers,10,UZKVQG,2,PENDING,0,,,,ACTIVE,,,
REACTIVA-2026-09,2026-09,CUST003068,Nisha Singh,nisha.singh.cust003068@reactiva.example,Bag,Sunglasses,Backpack,10,EJMKJO,2,PENDING,0,,,,ACTIVE,,,
REACTIVA-2026-09,2026-09,CUST003077,Raj Khanna,raj.khanna.cust003077@reactiva.example,Bag,Sunglasses,Backpack,10,E6FU2Z,2,PENDING,0,,,,ACTIVE,,,
REACTIVA-2026-09,2026-09,CUST003098,Varun Patel,varun.patel.cust003098@reactiva.example,Running Shoes,Sneakers,Slippers,10,ZVKSRN,2,PENDING,0,,,,ACTIVE,,,
REACTIVA-2026-09,2026-09,CUST003120,Rohan Patel,rohan.patel.cust003120@reactiva.example,Bag,Sunglasses,Backpack,10,3TNRP2,2,PENDING,0,,,,ACTIVE,,,
REACTIVA-2026-09,2026-09,CUST003129,Nisha Nair,nisha.nair.cust003129@reactiva.example,Saree,Kurta,Jacket,10,2UD5T2,2,PENDING,0,,,,ACTIVE,,,
REACTIVA-2026-09,2026-09,CUST003137,Varun Patel,varun.patel.cust003137@reactiva.example,Running Shoes,Sneakers,Slippers,10,IPYDJ2,2,PENDING,0,,,,ACTIVE,,,
REACTIVA-2026-09,2026-09,CUST003142,Vikram Reddy,vikram.reddy.cust003142@reactiva.example,Saree,Kurta,Jacket,10,K4VFDC,2,PENDING,0,,,,ACTIVE,,,
REACTIVA-2026-09,2026-09,CUST003148,Divya Mishra,divya.mishra.cust003148@reactiva.example,Bag,Sunglasses,Backpack,10,SCXKQ4,2,PENDING,0,,,,ACTIVE,,,
REACTIVA-2026-09,2026-09,CUST003172,Akash Malhotra,akash.malhotra.cust003172@reactiva.example,Bag,Sunglasses,Backpack,10,OXUACZ,2,PENDING,0,,,,ACTIVE,,,
REACTIVA-2026-09,2026-09,CUST003182,Tanya Mishra,tanya.mishra.cust003182@reactiva.example,Running Shoes,Sneakers,Slippers,10,EUXAOO,2,PENDING,0,,,,ACTIVE,,,
REACTIVA-2026-09,2026-09,CUST003218,Kavya Rao,kavya.rao.cust003218@reactiva.example,Bag,Sunglasses,Backpack,10,VPJA7W,2,PENDING,0,,,,ACTIVE,,,
REACTIVA-2026-09,2026-09,CUST003263,Amit Reddy,amit.reddy.cust003263@reactiva.example,Bag,Sunglasses,Backpack,10,QVMA7S,2,PENDING,0,,,,ACTIVE,,,
REACTIVA-2026-09,2026-09,CUST003265,Divya Khanna,divya.khanna.cust003265@reactiva.example,Running Shoes,Sneakers,Slippers,10,EG7QUY,2,PENDING,0,,,,ACTIVE,,,
REACTIVA-2026-09,2026-09,CUST003268,Rakesh Kumar,rakesh.kumar.cust003268@reactiva.example,Bag,Sunglasses,Backpack,10,M3YTG6,2,PENDING,0,,,,ACTIVE,,,
REACTIVA-2026-09,2026-09,CUST003279,Vivek Iyer,vivek.iyer.cust003279@reactiva.example,Saree,Kurta,Jacket,10,L7TULB,2,PENDING,0,,,,ACTIVE,,,
REACTIVA-2026-09,2026-09,CUST003300,Sanjay Rao,sanjay.rao.cust003300@reactiva.example,Bag,Sunglasses,Backpack,10,UN7FW3,2,PENDING,0,,,,ACTIVE,,,
REACTIVA-2026-09,2026-09,CUST003317,Kiran Sharma,kiran.sharma.cust003317@reactiva.example,Bag,Sunglasses,Backpack,10,R4AOPB,2,PENDING,0,,,,ACTIVE,,,
REACTIVA-2026-09,2026-09,CUST003333,Varun Singh,varun.singh.cust003333@reactiva.example,Running Shoes,Sneakers,Slippers,10,K6FHKK,2,PENDING,0,,,,ACTIVE,,,
REACTIVA-2026-09,2026-09,CUST003348,Vivek Saxena,vivek.saxena.cust003348@reactiva.example,Bag,Sunglasses,Backpack,10,3RKSCM,2,PENDING,0,,,,ACTIVE,,,
REACTIVA-2026-09,2026-09,CUST003370,Aditi Verma,aditi.verma.cust003370@reactiva.example,Bag,Sunglasses,Backpack,10,JXGWVZ,2,PENDING,0,,,,ACTIVE,,,
REACTIVA-2026-09,2026-09,CUST003374,Rahul Verma,rahul.verma.cust003374@reactiva.example,Bag,Sunglasses,Backpack,10,7CAZOJ,2,PENDING,0,,,,ACTIVE,,,
REACTIVA-2026-09,2026-09,CUST003385,Dev Sharma,dev.sharma.cust003385@reactiva.example,Running Shoes,Sneakers,Slippers,10,MGP6C3,2,PENDING,0,,,,ACTIVE,,,
REACTIVA-2026-09,2026-09,CUST003408,Isha Khanna,isha.khanna.cust003408@reactiva.example,Saree,Kurta,Jacket,10,GQUAKE,2,PENDING,0,,,,ACTIVE,,,
REACTIVA-2026-09,2026-09,CUST003426,Manish Iyer,manish.iyer.cust003426@reactiva.example,Saree,Kurta,Jacket,10,GHDGGB,2,PENDING,0,,,,ACTIVE,,,
REACTIVA-2026-09,2026-09,CUST003441,Neha Singh,neha.singh.cust003441@reactiva.example,Running Shoes,Sneakers,Slippers,10,ZPM5ZV,2,PENDING,0,,,,ACTIVE,,,
REACTIVA-2026-09,2026-09,CUST003444,Divya Saxena,divya.saxena.cust003444@reactiva.example,Bag,Sunglasses,Backpack,10,K6ZZDN,2,PENDING,0,,,,ACTIVE,,,
REACTIVA-2026-09,2026-09,CUST003459,Neha Desai,neha.desai.cust003459@reactiva.example,Saree,Kurta,Jacket,10,WNSZ3T,2,PENDING,0,,,,ACTIVE,,,
REACTIVA-2026-09,2026-09,CUST003462,Arjun Patel,arjun.patel.cust003462@reactiva.example,Saree,Kurta,Jacket,10,S5ICMC,2,PENDING,0,,,,ACTIVE,,,
REACTIVA-2026-09,2026-09,CUST003465,Varun Desai,varun.desai.cust003465@reactiva.example,Saree,Kurta,Jacket,10,ZFSQUM,2,PENDING,0,,,,ACTIVE,,,
REACTIVA-2026-09,2026-09,CUST000057,Aditya Verma,aditya.verma.cust000057@reactiva.example,Running Shoes,Sneakers,Slippers,10,RD6754,3,PENDING,1,2026-09-03T00:05:47.563339,,,ACTIVE,,,An error occurred (AccessDenied) when calling the SendEmail operation: User 'arn:aws:sts::856554457924:assumed-role/campaign_sender-role-iutfyimg/campaign_sender' is not authorized to perform 'ses:SendEmail' on resource 'arn:aws:ses:us-east-1:856554457924:identity/gmj.analytics.ds@gmail.com'
REACTIVA-2026-09,2026-09,CUST000065,Manish Malhotra,manish.malhotra.cust000065@reactiva.example,Bag,Sunglasses,Backpack,10,UPGRX4,3,PENDING,1,2026-09-03T00:05:47.563339,,,ACTIVE,,,An error occurred (AccessDenied) when calling the SendEmail operation: User 'arn:aws:sts::856554457924:assumed-role/campaign_sender-role-iutfyimg/campaign_sender' is not authorized to perform 'ses:SendEmail' on resource 'arn:aws:ses:us-east-1:856554457924:identity/gmj.analytics.ds@gmail.com'
REACTIVA-2026-09,2026-09,CUST000074,Sonia Patel,sonia.patel.cust000074@reactiva.example,Bag,Sunglasses,Backpack,10,WI5OUT,3,PENDING,1,2026-09-03T00:05:47.563339,,,ACTIVE,,,An error occurred (AccessDenied) when calling the SendEmail operation: User 'arn:aws:sts::856554457924:assumed-role/campaign_sender-role-iutfyimg/campaign_sender' is not authorized to perform 'ses:SendEmail' on resource 'arn:aws:ses:us-east-1:856554457924:identity/sonia.patel.cust000074@reactiva.example'
REACTIVA-2026-09,2026-09,CUST000089,Aditya Nair,aditya.nair.cust000089@reactiva.example,Running Shoes,Sneakers,Slippers,10,XNMR2Q,3,PENDING,1,2026-09-03T00:05:47.563339,,,ACTIVE,,,An error occurred (AccessDenied) when calling the SendEmail operation: User 'arn:aws:sts::856554457924:assumed-role/campaign_sender-role-iutfyimg/campaign_sender' is not authorized to perform 'ses:SendEmail' on resource 'arn:aws:ses:us-east-1:856554457924:identity/gmj.analytics.ds@gmail.com'
REACTIVA-2026-09,2026-09,CUST000148,Karan Patel,karan.patel.cust000148@reactiva.example,Bag,Sunglasses,Backpack,10,323YOZ,3,PENDING,1,2026-09-03T00:05:47.563339,,,ACTIVE,,,An error occurred (AccessDenied) when calling the SendEmail operation: User 'arn:aws:sts::856554457924:assumed-role/campaign_sender-role-iutfyimg/campaign_sender' is not authorized to perform 'ses:SendEmail' on resource 'arn:aws:ses:us-east-1:856554457924:identity/gmj.analytics.ds@gmail.com'
REACTIVA-2026-09,2026-09,CUST000173,Sonia Kumar,sonia.kumar.cust000173@reactiva.example,Bag,Sunglasses,Backpack,10,POILPQ,3,PENDING,1,2026-09-03T00:05:47.563339,,,ACTIVE,,,An error occurred (AccessDenied) when calling the SendEmail operation: User 'arn:aws:sts::856554457924:assumed-role/campaign_sender-role-iutfyimg/campaign_sender' is not authorized to perform 'ses:SendEmail' on resource 'arn:aws:ses:us-east-1:856554457924:identity/gmj.analytics.ds@gmail.com'
REACTIVA-2026-09,2026-09,CUST000174,Nisha Khanna,nisha.khanna.cust000174@reactiva.example,Saree,Kurta,Jacket,10,K2PHRY,3,PENDING,1,2026-09-03T00:05:47.563339,,,ACTIVE,,,An error occurred (AccessDenied) when calling the SendEmail operation: User 'arn:aws:sts::856554457924:assumed-role/campaign_sender-role-iutfyimg/campaign_sender' is not authorized to perform 'ses:SendEmail' on resource 'arn:aws:ses:us-east-1:856554457924:identity/nisha.khanna.cust000174@reactiva.example'
REACTIVA-2026-09,2026-09,CUST000176,Ananya Rao,ananya.rao.cust000176@reactiva.example,Saree,Kurta,Jacket,10,TK2YVA,3,PENDING,1,2026-09-03T00:05:47.563339,,,ACTIVE,,,An error occurred (AccessDenied) when calling the SendEmail operation: User 'arn:aws:sts::856554457924:assumed-role/campaign_sender-role-iutfyimg/campaign_sender' is not authorized to perform 'ses:SendEmail' on resource 'arn:aws:ses:us-east-1:856554457924:identity/gmj.analytics.ds@gmail.com'
REACTIVA-2026-09,2026-09,CUST000238,Sameer Khanna,sameer.khanna.cust000238@reactiva.example,Bag,Sunglasses,Backpack,10,4HN32O,3,PENDING,1,2026-09-03T00:05:47.563339,,,ACTIVE,,,An error occurred (AccessDenied) when calling the SendEmail operation: User 'arn:aws:sts::856554457924:assumed-role/campaign_sender-role-iutfyimg/campaign_sender' is not authorized to perform 'ses:SendEmail' on resource 'arn:aws:ses:us-east-1:856554457924:identity/sameer.khanna.cust000238@reactiva.example'
REACTIVA-2026-09,2026-09,CUST000240,Nisha Nair,nisha.nair.cust000240@reactiva.example,Bag,Sunglasses,Backpack,10,F7KFHC,3,PENDING,1,2026-09-03T00:05:47.563339,,,ACTIVE,,,An error occurred (AccessDenied) when calling the SendEmail operation: User 'arn:aws:sts::856554457924:assumed-role/campaign_sender-role-iutfyimg/campaign_sender' is not authorized to perform 'ses:SendEmail' on resource 'arn:aws:ses:us-east-1:856554457924:identity/gmj.analytics.ds@gmail.com'
REACTIVA-2026-09,2026-09,CUST000246,Akash Rao,akash.rao.cust000246@reactiva.example,Saree,Kurta,Jacket,10,YCVH7X,3,PENDING,1,2026-09-03T00:05:47.563339,,,ACTIVE,,,An error occurred (AccessDenied) when calling the SendEmail operation: User 'arn:aws:sts::856554457924:assumed-role/campaign_sender-role-iutfyimg/campaign_sender' is not authorized to perform 'ses:SendEmail' on resource 'arn:aws:ses:us-east-1:856554457924:identity/gmj.analytics.ds@gmail.com'
REACTIVA-2026-09,2026-09,CUST000251,Nikhil Joshi,nikhil.joshi.cust000251@reactiva.example,Bag,Sunglasses,Backpack,10,HZDE6E,3,PENDING,1,2026-09-03T00:05:47.563339,,,ACTIVE,,,An error occurred (AccessDenied) when calling the SendEmail operation: User 'arn:aws:sts::856554457924:assumed-role/campaign_sender-role-iutfyimg/campaign_sender' is not authorized to perform 'ses:SendEmail' on resource 'arn:aws:ses:us-east-1:856554457924:identity/gmj.analytics.ds@gmail.com'
REACTIVA-2026-09,2026-09,CUST000252,Deepika Mehta,deepika.mehta.cust000252@reactiva.example,Bag,Sunglasses,Backpack,10,FNNHSS,3,PENDING,1,2026-09-03T00:05:47.563339,,,ACTIVE,,,An error occurred (AccessDenied) when calling the SendEmail operation: User 'arn:aws:sts::856554457924:assumed-role/campaign_sender-role-iutfyimg/campaign_sender' is not authorized to perform 'ses:SendEmail' on resource 'arn:aws:ses:us-east-1:856554457924:identity/deepika.mehta.cust000252@reactiva.example'
REACTIVA-2026-09,2026-09,CUST000277,Isha Kapoor,isha.kapoor.cust000277@reactiva.example,Saree,Kurta,Jacket,10,QPRRB2,3,PENDING,1,2026-09-03T00:05:47.563339,,,ACTIVE,,,An error occurred (AccessDenied) when calling the SendEmail operation: User 'arn:aws:sts::856554457924:assumed-role/campaign_sender-role-iutfyimg/campaign_sender' is not authorized to perform 'ses:SendEmail' on resource 'arn:aws:ses:us-east-1:856554457924:identity/isha.kapoor.cust000277@reactiva.example'
REACTIVA-2026-09,2026-09,CUST000285,Raj Iyer,raj.iyer.cust000285@reactiva.example,Saree,Kurta,Jacket,10,SROSV7,3,PENDING,1,2026-09-03T00:05:47.563339,,,ACTIVE,,,An error occurred (AccessDenied) when calling the SendEmail operation: User 'arn:aws:sts::856554457924:assumed-role/campaign_sender-role-iutfyimg/campaign_sender' is not authorized to perform 'ses:SendEmail' on resource 'arn:aws:ses:us-east-1:856554457924:identity/raj.iyer.cust000285@reactiva.example'
REACTIVA-2026-09,2026-09,CUST000300,Vikram Desai,vikram.desai.cust000300@reactiva.example,Saree,Kurta,Jacket,10,4ON6VR,3,PENDING,1,2026-09-03T00:05:47.563339,,,ACTIVE,,,An error occurred (AccessDenied) when calling the SendEmail operation: User 'arn:aws:sts::856554457924:assumed-role/campaign_sender-role-iutfyimg/campaign_sender' is not authorized to perform 'ses:SendEmail' on resource 'arn:aws:ses:us-east-1:856554457924:identity/vikram.desai.cust000300@reactiva.example'
REACTIVA-2026-09,2026-09,CUST000309,Anjali Chopra,anjali.chopra.cust000309@reactiva.example,Saree,Kurta,Jacket,10,COMK5G,3,PENDING,1,2026-09-03T00:05:47.563339,,,ACTIVE,,,An error occurred (AccessDenied) when calling the SendEmail operation: User 'arn:aws:sts::856554457924:assumed-role/campaign_sender-role-iutfyimg/campaign_sender' is not authorized to perform 'ses:SendEmail' on resource 'arn:aws:ses:us-east-1:856554457924:identity/gmj.analytics.ds@gmail.com'
REACTIVA-2026-09,2026-09,CUST000338,Aditya Joshi,aditya.joshi.cust000338@reactiva.example,Running Shoes,Sneakers,Slippers,10,D55LCI,3,PENDING,1,2026-09-03T00:05:47.563339,,,ACTIVE,,,An error occurred (AccessDenied) when calling the SendEmail operation: User 'arn:aws:sts::856554457924:assumed-role/campaign_sender-role-iutfyimg/campaign_sender' is not authorized to perform 'ses:SendEmail' on resource 'arn:aws:ses:us-east-1:856554457924:identity/aditya.joshi.cust000338@reactiva.example'
REACTIVA-2026-09,2026-09,CUST000340,Sanjay Patel,sanjay.patel.cust000340@reactiva.example,Running Shoes,Sneakers,Slippers,10,ZPDGIP,3,PENDING,1,2026-09-03T00:05:47.563339,,,ACTIVE,,,An error occurred (AccessDenied) when calling the SendEmail operation: User 'arn:aws:sts::856554457924:assumed-role/campaign_sender-role-iutfyimg/campaign_sender' is not authorized to perform 'ses:SendEmail' on resource 'arn:aws:ses:us-east-1:856554457924:identity/sanjay.patel.cust000340@reactiva.example'
REACTIVA-2026-09,2026-09,CUST000354,Rohan Mehta,rohan.mehta.cust000354@reactiva.example,Saree,Kurta,Jacket,10,RTSXA4,3,PENDING,1,2026-09-03T00:05:47.563339,,,ACTIVE,,,An error occurred (AccessDenied) when calling the SendEmail operation: User 'arn:aws:sts::856554457924:assumed-role/campaign_sender-role-iutfyimg/campaign_sender' is not authorized to perform 'ses:SendEmail' on resource 'arn:aws:ses:us-east-1:856554457924:identity/rohan.mehta.cust000354@reactiva.example'
REACTIVA-2026-09,2026-09,CUST000361,Manish Malhotra,manish.malhotra.cust000361@reactiva.example,Running Shoes,Sneakers,Slippers,10,X7ERXA,3,PENDING,1,2026-09-03T00:05:47.563339,,,ACTIVE,,,An error occurred (AccessDenied) when calling the SendEmail operation: User 'arn:aws:sts::856554457924:assumed-role/campaign_sender-role-iutfyimg/campaign_sender' is not authorized to perform 'ses:SendEmail' on resource 'arn:aws:ses:us-east-1:856554457924:identity/gmj.analytics.ds@gmail.com'
REACTIVA-2026-09,2026-09,CUST000379,Simran Saxena,simran.saxena.cust000379@reactiva.example,Saree,Kurta,Jacket,10,E4OIEX,3,PENDING,1,2026-09-03T00:05:47.563339,,,ACTIVE,,,An error occurred (AccessDenied) when calling the SendEmail operation: User 'arn:aws:sts::856554457924:assumed-role/campaign_sender-role-iutfyimg/campaign_sender' is not authorized to perform 'ses:SendEmail' on resource 'arn:aws:ses:us-east-1:856554457924:identity/simran.saxena.cust000379@reactiva.example'
REACTIVA-2026-09,2026-09,CUST000381,Priya Kumar,priya.kumar.cust000381@reactiva.example,Saree,Kurta,Jacket,10,PTPKYX,3,PENDING,1,2026-09-03T00:05:47.563339,,,ACTIVE,,,An error occurred (AccessDenied) when calling the SendEmail operation: User 'arn:aws:sts::856554457924:assumed-role/campaign_sender-role-iutfyimg/campaign_sender' is not authorized to perform 'ses:SendEmail' on resource 'arn:aws:ses:us-east-1:856554457924:identity/gmj.analytics.ds@gmail.com'
REACTIVA-2026-09,2026-09,CUST000407,Nikhil Joshi,nikhil.joshi.cust000407@reactiva.example,Saree,Kurta,Jacket,10,GDAEGK,3,PENDING,1,2026-09-03T00:05:47.563339,,,ACTIVE,,,An error occurred (AccessDenied) when calling the SendEmail operation: User 'arn:aws:sts::856554457924:assumed-role/campaign_sender-role-iutfyimg/campaign_sender' is not authorized to perform 'ses:SendEmail' on resource 'arn:aws:ses:us-east-1:856554457924:identity/nikhil.joshi.cust000407@reactiva.example'
REACTIVA-2026-09,2026-09,CUST000420,Sanjay Singh,sanjay.singh.cust000420@reactiva.example,Bag,Sunglasses,Backpack,10,MH6JOE,3,PENDING,1,2026-09-03T00:05:47.563339,,,ACTIVE,,,An error occurred (AccessDenied) when calling the SendEmail operation: User 'arn:aws:sts::856554457924:assumed-role/campaign_sender-role-iutfyimg/campaign_sender' is not authorized to perform 'ses:SendEmail' on resource 'arn:aws:ses:us-east-1:856554457924:identity/sanjay.singh.cust000420@reactiva.example'
REACTIVA-2026-09,2026-09,CUST000438,Aarav Khanna,aarav.khanna.cust000438@reactiva.example,Running Shoes,Sneakers,Slippers,10,B2RKGA,3,PENDING,1,2026-09-03T00:05:47.563339,,,ACTIVE,,,An error occurred (AccessDenied) when calling the SendEmail operation: User 'arn:aws:sts::856554457924:assumed-role/campaign_sender-role-iutfyimg/campaign_sender' is not authorized to perform 'ses:SendEmail' on resource 'arn:aws:ses:us-east-1:856554457924:identity/aarav.khanna.cust000438@reactiva.example'
REACTIVA-2026-09,2026-09,CUST000473,Meera Desai,meera.desai.cust000473@reactiva.example,Running Shoes,Sneakers,Slippers,10,Y7QTJY,3,PENDING,1,2026-09-03T00:05:47.563339,,,ACTIVE,,,An error occurred (AccessDenied) when calling the SendEmail operation: User 'arn:aws:sts::856554457924:assumed-role/campaign_sender-role-iutfyimg/campaign_sender' is not authorized to perform 'ses:SendEmail' on resource 'arn:aws:ses:us-east-1:856554457924:identity/meera.desai.cust000473@reactiva.example'
REACTIVA-2026-09,2026-09,CUST000499,Manish Khanna,manish.khanna.cust000499@reactiva.example,Bag,Sunglasses,Backpack,10,FFU5YA,3,PENDING,1,2026-09-03T00:05:47.563339,,,ACTIVE,,,An error occurred (AccessDenied) when calling the SendEmail operation: User 'arn:aws:sts::856554457924:assumed-role/campaign_sender-role-iutfyimg/campaign_sender' is not authorized to perform 'ses:SendEmail' on resource 'arn:aws:ses:us-east-1:856554457924:identity/manish.khanna.cust000499@reactiva.example'
REACTIVA-2026-09,2026-09,CUST000500,Akash Verma,akash.verma.cust000500@reactiva.example,Saree,Kurta,Jacket,10,YJR6CT,3,PENDING,1,2026-09-03T00:05:47.563339,,,ACTIVE,,,An error occurred (AccessDenied) when calling the SendEmail operation: User 'arn:aws:sts::856554457924:assumed-role/campaign_sender-role-iutfyimg/campaign_sender' is not authorized to perform 'ses:SendEmail' on resource 'arn:aws:ses:us-east-1:856554457924:identity/gmj.analytics.ds@gmail.com'
REACTIVA-2026-09,2026-09,CUST000509,Manish Mishra,manish.mishra.cust000509@reactiva.example,Bag,Sunglasses,Backpack,10,GYEUPJ,3,PENDING,1,2026-09-03T00:05:47.563339,,,ACTIVE,,,An error occurred (AccessDenied) when calling the SendEmail operation: User 'arn:aws:sts::856554457924:assumed-role/campaign_sender-role-iutfyimg/campaign_sender' is not authorized to perform 'ses:SendEmail' on resource 'arn:aws:ses:us-east-1:856554457924:identity/manish.mishra.cust000509@reactiva.example'
REACTIVA-2026-09,2026-09,CUST000513,Kabir Bhat,kabir.bhat.cust000513@reactiva.example,Running Shoes,Sneakers,Slippers,10,7WQO5J,3,PENDING,1,2026-09-03T00:05:47.563339,,,ACTIVE,,,An error occurred (AccessDenied) when calling the SendEmail operation: User 'arn:aws:sts::856554457924:assumed-role/campaign_sender-role-iutfyimg/campaign_sender' is not authorized to perform 'ses:SendEmail' on resource 'arn:aws:ses:us-east-1:856554457924:identity/kabir.bhat.cust000513@reactiva.example'
REACTIVA-2026-09,2026-09,CUST000554,Simran Iyer,simran.iyer.cust000554@reactiva.example,Saree,Kurta,Jacket,10,SCSDTP,3,PENDING,1,2026-09-03T00:05:47.563339,,,ACTIVE,,,An error occurred (AccessDenied) when calling the SendEmail operation: User 'arn:aws:sts::856554457924:assumed-role/campaign_sender-role-iutfyimg/campaign_sender' is not authorized to perform 'ses:SendEmail' on resource 'arn:aws:ses:us-east-1:856554457924:identity/gmj.analytics.ds@gmail.com'
REACTIVA-2026-09,2026-09,CUST000563,Divya Mishra,divya.mishra.cust000563@reactiva.example,Running Shoes,Sneakers,Slippers,10,EQXJRN,3,PENDING,1,2026-09-03T00:05:47.563339,,,ACTIVE,,,An error occurred (AccessDenied) when calling the SendEmail operation: User 'arn:aws:sts::856554457924:assumed-role/campaign_sender-role-iutfyimg/campaign_sender' is not authorized to perform 'ses:SendEmail' on resource 'arn:aws:ses:us-east-1:856554457924:identity/divya.mishra.cust000563@reactiva.example'
REACTIVA-2026-09,2026-09,CUST000568,Aarav Rao,aarav.rao.cust000568@reactiva.example,Bag,Sunglasses,Backpack,10,B4O2FD,3,PENDING,1,2026-09-03T00:05:47.563339,,,ACTIVE,,,An error occurred (AccessDenied) when calling the SendEmail operation: User 'arn:aws:sts::856554457924:assumed-role/campaign_sender-role-iutfyimg/campaign_sender' is not authorized to perform 'ses:SendEmail' on resource 'arn:aws:ses:us-east-1:856554457924:identity/aarav.rao.cust000568@reactiva.example'
REACTIVA-2026-09,2026-09,CUST000572,Ananya Mishra,ananya.mishra.cust000572@reactiva.example,Running Shoes,Sneakers,Slippers,10,ZO4XUM,3,PENDING,1,2026-09-03T00:05:47.563339,,,ACTIVE,,,An error occurred (AccessDenied) when calling the SendEmail operation: User 'arn:aws:sts::856554457924:assumed-role/campaign_sender-role-iutfyimg/campaign_sender' is not authorized to perform 'ses:SendEmail' on resource 'arn:aws:ses:us-east-1:856554457924:identity/ananya.mishra.cust000572@reactiva.example'
REACTIVA-2026-09,2026-09,CUST000584,Riya Gupta,riya.gupta.cust000584@reactiva.example,Saree,Kurta,Jacket,10,ADGFJF,3,PENDING,1,2026-09-03T00:05:47.563339,,,ACTIVE,,,An error occurred (AccessDenied) when calling the SendEmail operation: User 'arn:aws:sts::856554457924:assumed-role/campaign_sender-role-iutfyimg/campaign_sender' is not authorized to perform 'ses:SendEmail' on resource 'arn:aws:ses:us-east-1:856554457924:identity/gmj.analytics.ds@gmail.com'
REACTIVA-2026-09,2026-09,CUST000605,Karan Khanna,karan.khanna.cust000605@reactiva.example,Bag,Sunglasses,Backpack,10,BITVVZ,3,PENDING,1,2026-09-03T00:05:47.563339,,,ACTIVE,,,An error occurred (AccessDenied) when calling the SendEmail operation: User 'arn:aws:sts::856554457924:assumed-role/campaign_sender-role-iutfyimg/campaign_sender' is not authorized to perform 'ses:SendEmail' on resource 'arn:aws:ses:us-east-1:856554457924:identity/karan.khanna.cust000605@reactiva.example'
REACTIVA-2026-09,2026-09,CUST000608,Kavya Mishra,kavya.mishra.cust000608@reactiva.example,Bag,Sunglasses,Backpack,10,QG7FRF,3,PENDING,1,2026-09-03T00:05:47.563339,,,ACTIVE,,,An error occurred (AccessDenied) when calling the SendEmail operation: User 'arn:aws:sts::856554457924:assumed-role/campaign_sender-role-iutfyimg/campaign_sender' is not authorized to perform 'ses:SendEmail' on resource 'arn:aws:ses:us-east-1:856554457924:identity/kavya.mishra.cust000608@reactiva.example'
REACTIVA-2026-09,2026-09,CUST000614,Raj Saxena,raj.saxena.cust000614@reactiva.example,Saree,Kurta,Jacket,10,PA4TA7,3,PENDING,1,2026-09-03T00:05:47.563339,,,ACTIVE,,,An error occurred (AccessDenied) when calling the SendEmail operation: User 'arn:aws:sts::856554457924:assumed-role/campaign_sender-role-iutfyimg/campaign_sender' is not authorized to perform 'ses:SendEmail' on resource 'arn:aws:ses:us-east-1:856554457924:identity/raj.saxena.cust000614@reactiva.example'
REACTIVA-2026-09,2026-09,CUST000618,Isha Rao,isha.rao.cust000618@reactiva.example,Running Shoes,Sneakers,Slippers,10,UVHQVI,3,PENDING,1,2026-09-03T00:05:47.563339,,,ACTIVE,,,An error occurred (AccessDenied) when calling the SendEmail operation: User 'arn:aws:sts::856554457924:assumed-role/campaign_sender-role-iutfyimg/campaign_sender' is not authorized to perform 'ses:SendEmail' on resource 'arn:aws:ses:us-east-1:856554457924:identity/gmj.analytics.ds@gmail.com'
REACTIVA-2026-09,2026-09,CUST000621,Amit Bhat,amit.bhat.cust000621@reactiva.example,Running Shoes,Sneakers,Slippers,10,DQVT4W,3,PENDING,1,2026-09-03T00:05:47.563339,,,ACTIVE,,,An error occurred (AccessDenied) when calling the SendEmail operation: User 'arn:aws:sts::856554457924:assumed-role/campaign_sender-role-iutfyimg/campaign_sender' is not authorized to perform 'ses:SendEmail' on resource 'arn:aws:ses:us-east-1:856554457924:identity/amit.bhat.cust000621@reactiva.example'
REACTIVA-2026-09,2026-09,CUST000625,Aarav Verma,aarav.verma.cust000625@reactiva.example,Running Shoes,Sneakers,Slippers,10,JIDGON,3,PENDING,1,2026-09-03T00:05:47.563339,,,ACTIVE,,,An error occurred (AccessDenied) when calling the SendEmail operation: User 'arn:aws:sts::856554457924:assumed-role/campaign_sender-role-iutfyimg/campaign_sender' is not authorized to perform 'ses:SendEmail' on resource 'arn:aws:ses:us-east-1:856554457924:identity/aarav.verma.cust000625@reactiva.example'
REACTIVA-2026-09,2026-09,CUST000633,Aditya Joshi,aditya.joshi.cust000633@reactiva.example,Bag,Sunglasses,Backpack,10,A5LKUJ,3,PENDING,1,2026-09-03T00:05:47.563339,,,ACTIVE,,,An error occurred (AccessDenied) when calling the SendEmail operation: User 'arn:aws:sts::856554457924:assumed-role/campaign_sender-role-iutfyimg/campaign_sender' is not authorized to perform 'ses:SendEmail' on resource 'arn:aws:ses:us-east-1:856554457924:identity/gmj.analytics.ds@gmail.com'
REACTIVA-2026-09,2026-09,CUST000640,Neha Kapoor,neha.kapoor.cust000640@reactiva.example,Running Shoes,Sneakers,Slippers,10,MRRKC2,3,PENDING,1,2026-09-03T00:05:47.563339,,,ACTIVE,,,An error occurred (AccessDenied) when calling the SendEmail operation: User 'arn:aws:sts::856554457924:assumed-role/campaign_sender-role-iutfyimg/campaign_sender' is not authorized to perform 'ses:SendEmail' on resource 'arn:aws:ses:us-east-1:856554457924:identity/gmj.analytics.ds@gmail.com'
REACTIVA-2026-09,2026-09,CUST000658,Vikram Singh,vikram.singh.cust000658@reactiva.example,Running Shoes,Sneakers,Slippers,10,O3U3O5,3,PENDING,1,2026-09-03T00:05:47.563339,,,ACTIVE,,,An error occurred (AccessDenied) when calling the SendEmail operation: User 'arn:aws:sts::856554457924:assumed-role/campaign_sender-role-iutfyimg/campaign_sender' is not authorized to perform 'ses:SendEmail' on resource 'arn:aws:ses:us-east-1:856554457924:identity/vikram.singh.cust000658@reactiva.example'
REACTIVA-2026-09,2026-09,CUST000660,Anjali Mehta,anjali.mehta.cust000660@reactiva.example,Running Shoes,Sneakers,Slippers,10,5WVMV7,3,PENDING,1,2026-09-03T00:05:47.563339,,,ACTIVE,,,An error occurred (AccessDenied) when calling the SendEmail operation: User 'arn:aws:sts::856554457924:assumed-role/campaign_sender-role-iutfyimg/campaign_sender' is not authorized to perform 'ses:SendEmail' on resource 'arn:aws:ses:us-east-1:856554457924:identity/anjali.mehta.cust000660@reactiva.example'
REACTIVA-2026-09,2026-09,CUST000661,Kabir Malhotra,kabir.malhotra.cust000661@reactiva.example,Saree,Kurta,Jacket,10,RXV2FB,3,PENDING,1,2026-09-03T00:05:47.563339,,,ACTIVE,,,An error occurred (AccessDenied) when calling the SendEmail operation: User 'arn:aws:sts::856554457924:assumed-role/campaign_sender-role-iutfyimg/campaign_sender' is not authorized to perform 'ses:SendEmail' on resource 'arn:aws:ses:us-east-1:856554457924:identity/kabir.malhotra.cust000661@reactiva.example'
REACTIVA-2026-09,2026-09,CUST000662,Sneha Patel,sneha.patel.cust000662@reactiva.example,Saree,Kurta,Jacket,10,TI5Y2T,3,PENDING,1,2026-09-03T00:05:47.563339,,,ACTIVE,,,An error occurred (AccessDenied) when calling the SendEmail operation: User 'arn:aws:sts::856554457924:assumed-role/campaign_sender-role-iutfyimg/campaign_sender' is not authorized to perform 'ses:SendEmail' on resource 'arn:aws:ses:us-east-1:856554457924:identity/sneha.patel.cust000662@reactiva.example'
REACTIVA-2026-09,2026-09,CUST000671,Pooja Mishra,pooja.mishra.cust000671@reactiva.example,Bag,Sunglasses,Backpack,10,2GCCQG,3,PENDING,1,2026-09-03T00:05:47.563339,,,ACTIVE,,,An error occurred (AccessDenied) when calling the SendEmail operation: User 'arn:aws:sts::856554457924:assumed-role/campaign_sender-role-iutfyimg/campaign_sender' is not authorized to perform 'ses:SendEmail' on resource 'arn:aws:ses:us-east-1:856554457924:identity/gmj.analytics.ds@gmail.com'
REACTIVA-2026-09,2026-09,CUST000679,Kabir Patel,kabir.patel.cust000679@reactiva.example,Running Shoes,Sneakers,Slippers,10,SJ2QWP,3,PENDING,1,2026-09-03T00:05:47.563339,,,ACTIVE,,,An error occurred (AccessDenied) when calling the SendEmail operation: User 'arn:aws:sts::856554457924:assumed-role/campaign_sender-role-iutfyimg/campaign_sender' is not authorized to perform 'ses:SendEmail' on resource 'arn:aws:ses:us-east-1:856554457924:identity/kabir.patel.cust000679@reactiva.example'
REACTIVA-2026-09,2026-09,CUST000706,Ananya Bhat,ananya.bhat.cust000706@reactiva.example,Saree,Kurta,Jacket,10,BEYXBO,3,PENDING,1,2026-09-03T00:05:47.563339,,,ACTIVE,,,An error occurred (AccessDenied) when calling the SendEmail operation: User 'arn:aws:sts::856554457924:assumed-role/campaign_sender-role-iutfyimg/campaign_sender' is not authorized to perform 'ses:SendEmail' on resource 'arn:aws:ses:us-east-1:856554457924:identity/ananya.bhat.cust000706@reactiva.example'
REACTIVA-2026-09,2026-09,CUST000729,Divya Mishra,divya.mishra.cust000729@reactiva.example,Saree,Kurta,Jacket,10,CG72I5,3,PENDING,1,2026-09-03T00:05:47.563339,,,ACTIVE,,,An error occurred (AccessDenied) when calling the SendEmail operation: User 'arn:aws:sts::856554457924:assumed-role/campaign_sender-role-iutfyimg/campaign_sender' is not authorized to perform 'ses:SendEmail' on resource 'arn:aws:ses:us-east-1:856554457924:identity/gmj.analytics.ds@gmail.com'
REACTIVA-2026-09,2026-09,CUST000741,Meera Bhat,meera.bhat.cust000741@reactiva.example,Saree,Kurta,Jacket,10,H5LHVI,3,PENDING,1,2026-09-03T00:05:47.563339,,,ACTIVE,,,An error occurred (AccessDenied) when calling the SendEmail operation: User 'arn:aws:sts::856554457924:assumed-role/campaign_sender-role-iutfyimg/campaign_sender' is not authorized to perform 'ses:SendEmail' on resource 'arn:aws:ses:us-east-1:856554457924:identity/meera.bhat.cust000741@reactiva.example'
REACTIVA-2026-09,2026-09,CUST000797,Aanya Malhotra,aanya.malhotra.cust000797@reactiva.example,Bag,Sunglasses,Backpack,10,GHT2VG,3,PENDING,1,2026-09-03T00:05:47.563339,,,ACTIVE,,,An error occurred (AccessDenied) when calling the SendEmail operation: User 'arn:aws:sts::856554457924:assumed-role/campaign_sender-role-iutfyimg/campaign_sender' is not authorized to perform 'ses:SendEmail' on resource 'arn:aws:ses:us-east-1:856554457924:identity/gmj.analytics.ds@gmail.com'
REACTIVA-2026-09,2026-09,CUST000823,Isha Chopra,isha.chopra.cust000823@reactiva.example,Bag,Sunglasses,Backpack,10,ORGFVQ,3,PENDING,1,2026-09-03T00:05:47.563339,,,ACTIVE,,,An error occurred (AccessDenied) when calling the SendEmail operation: User 'arn:aws:sts::856554457924:assumed-role/campaign_sender-role-iutfyimg/campaign_sender' is not authorized to perform 'ses:SendEmail' on resource 'arn:aws:ses:us-east-1:856554457924:identity/gmj.analytics.ds@gmail.com'
REACTIVA-2026-09,2026-09,CUST000831,Arjun Malhotra,arjun.malhotra.cust000831@reactiva.example,Running Shoes,Sneakers,Slippers,10,Q6J7L2,3,PENDING,1,2026-09-03T00:05:47.563339,,,ACTIVE,,,An error occurred (AccessDenied) when calling the SendEmail operation: User 'arn:aws:sts::856554457924:assumed-role/campaign_sender-role-iutfyimg/campaign_sender' is not authorized to perform 'ses:SendEmail' on resource 'arn:aws:ses:us-east-1:856554457924:identity/arjun.malhotra.cust000831@reactiva.example'
REACTIVA-2026-09,2026-09,CUST000857,Dev Gupta,dev.gupta.cust000857@reactiva.example,Bag,Sunglasses,Backpack,10,Y2Z53R,3,PENDING,1,2026-09-03T00:05:47.563339,,,ACTIVE,,,An error occurred (AccessDenied) when calling the SendEmail operation: User 'arn:aws:sts::856554457924:assumed-role/campaign_sender-role-iutfyimg/campaign_sender' is not authorized to perform 'ses:SendEmail' on resource 'arn:aws:ses:us-east-1:856554457924:identity/dev.gupta.cust000857@reactiva.example'
REACTIVA-2026-09,2026-09,CUST000894,Ravi Saxena,ravi.saxena.cust000894@reactiva.example,Bag,Sunglasses,Backpack,10,BJYK7M,3,PENDING,1,2026-09-03T00:05:47.563339,,,ACTIVE,,,An error occurred (AccessDenied) when calling the SendEmail operation: User 'arn:aws:sts::856554457924:assumed-role/campaign_sender-role-iutfyimg/campaign_sender' is not authorized to perform 'ses:SendEmail' on resource 'arn:aws:ses:us-east-1:856554457924:identity/gmj.analytics.ds@gmail.com'
REACTIVA-2026-09,2026-09,CUST000907,Kiran Gupta,kiran.gupta.cust000907@reactiva.example,Bag,Sunglasses,Backpack,10,A2MAUU,3,PENDING,1,2026-09-03T00:05:47.563339,,,ACTIVE,,,An error occurred (AccessDenied) when calling the SendEmail operation: User 'arn:aws:sts::856554457924:assumed-role/campaign_sender-role-iutfyimg/campaign_sender' is not authorized to perform 'ses:SendEmail' on resource 'arn:aws:ses:us-east-1:856554457924:identity/gmj.analytics.ds@gmail.com'
REACTIVA-2026-09,2026-09,CUST000920,Priya Reddy,priya.reddy.cust000920@reactiva.example,Bag,Sunglasses,Backpack,10,YF5VLX,3,PENDING,1,2026-09-03T00:05:47.563339,,,ACTIVE,,,An error occurred (AccessDenied) when calling the SendEmail operation: User 'arn:aws:sts::856554457924:assumed-role/campaign_sender-role-iutfyimg/campaign_sender' is not authorized to perform 'ses:SendEmail' on resource 'arn:aws:ses:us-east-1:856554457924:identity/priya.reddy.cust000920@reactiva.example'
REACTIVA-2026-09,2026-09,CUST000926,Deepika Mehta,deepika.mehta.cust000926@reactiva.example,Bag,Sunglasses,Backpack,10,TH3IUC,3,PENDING,1,2026-09-03T00:05:47.563339,,,ACTIVE,,,An error occurred (AccessDenied) when calling the SendEmail operation: User 'arn:aws:sts::856554457924:assumed-role/campaign_sender-role-iutfyimg/campaign_sender' is not authorized to perform 'ses:SendEmail' on resource 'arn:aws:ses:us-east-1:856554457924:identity/gmj.analytics.ds@gmail.com'
REACTIVA-2026-09,2026-09,CUST000959,Karan Khanna,karan.khanna.cust000959@reactiva.example,Bag,Sunglasses,Backpack,10,OF7IYP,3,PENDING,1,2026-09-03T00:05:47.563339,,,ACTIVE,,,An error occurred (AccessDenied) when calling the SendEmail operation: User 'arn:aws:sts::856554457924:assumed-role/campaign_sender-role-iutfyimg/campaign_sender' is not authorized to perform 'ses:SendEmail' on resource 'arn:aws:ses:us-east-1:856554457924:identity/gmj.analytics.ds@gmail.com'
REACTIVA-2026-09,2026-09,CUST000986,Ravi Reddy,ravi.reddy.cust000986@reactiva.example,Saree,Kurta,Jacket,10,62DOME,3,PENDING,1,2026-09-03T00:05:47.563339,,,ACTIVE,,,An error occurred (AccessDenied) when calling the SendEmail operation: User 'arn:aws:sts::856554457924:assumed-role/campaign_sender-role-iutfyimg/campaign_sender' is not authorized to perform 'ses:SendEmail' on resource 'arn:aws:ses:us-east-1:856554457924:identity/gmj.analytics.ds@gmail.com'
REACTIVA-2026-09,2026-09,CUST000995,Aarav Rao,aarav.rao.cust000995@reactiva.example,Bag,Sunglasses,Backpack,10,LN7I5H,3,PENDING,1,2026-09-03T00:05:47.563339,,,ACTIVE,,,An error occurred (AccessDenied) when calling the SendEmail operation: User 'arn:aws:sts::856554457924:assumed-role/campaign_sender-role-iutfyimg/campaign_sender' is not authorized to perform 'ses:SendEmail' on resource 'arn:aws:ses:us-east-1:856554457924:identity/aarav.rao.cust000995@reactiva.example'
REACTIVA-2026-09,2026-09,CUST001006,Aditya Sharma,aditya.sharma.cust001006@reactiva.example,Saree,Kurta,Jacket,10,IOR5FU,3,PENDING,1,2026-09-03T00:05:47.563339,,,ACTIVE,,,An error occurred (AccessDenied) when calling the SendEmail operation: User 'arn:aws:sts::856554457924:assumed-role/campaign_sender-role-iutfyimg/campaign_sender' is not authorized to perform 'ses:SendEmail' on resource 'arn:aws:ses:us-east-1:856554457924:identity/gmj.analytics.ds@gmail.com'
REACTIVA-2026-09,2026-09,CUST001022,Sameer Sharma,sameer.sharma.cust001022@reactiva.example,Bag,Sunglasses,Backpack,10,TCYLL2,3,PENDING,1,2026-09-03T00:05:47.563339,,,ACTIVE,,,An error occurred (AccessDenied) when calling the SendEmail operation: User 'arn:aws:sts::856554457924:assumed-role/campaign_sender-role-iutfyimg/campaign_sender' is not authorized to perform 'ses:SendEmail' on resource 'arn:aws:ses:us-east-1:856554457924:identity/sameer.sharma.cust001022@reactiva.example'
REACTIVA-2026-09,2026-09,CUST001028,Aarav Nair,aarav.nair.cust001028@reactiva.example,Saree,Kurta,Jacket,10,CKOTQG,3,PENDING,1,2026-09-03T00:05:47.563339,,,ACTIVE,,,An error occurred (AccessDenied) when calling the SendEmail operation: User 'arn:aws:sts::856554457924:assumed-role/campaign_sender-role-iutfyimg/campaign_sender' is not authorized to perform 'ses:SendEmail' on resource 'arn:aws:ses:us-east-1:856554457924:identity/aarav.nair.cust001028@reactiva.example'
REACTIVA-2026-09,2026-09,CUST001032,Diya Singh,diya.singh.cust001032@reactiva.example,Bag,Sunglasses,Backpack,10,WP5DHN,3,PENDING,1,2026-09-03T00:05:47.563339,,,ACTIVE,,,An error occurred (AccessDenied) when calling the SendEmail operation: User 'arn:aws:sts::856554457924:assumed-role/campaign_sender-role-iutfyimg/campaign_sender' is not authorized to perform 'ses:SendEmail' on resource 'arn:aws:ses:us-east-1:856554457924:identity/diya.singh.cust001032@reactiva.example'
REACTIVA-2026-09,2026-09,CUST001036,Isha Malhotra,isha.malhotra.cust001036@reactiva.example,Bag,Sunglasses,Backpack,10,4XPEDC,3,PENDING,1,2026-09-03T00:05:47.563339,,,ACTIVE,,,An error occurred (AccessDenied) when calling the SendEmail operation: User 'arn:aws:sts::856554457924:assumed-role/campaign_sender-role-iutfyimg/campaign_sender' is not authorized to perform 'ses:SendEmail' on resource 'arn:aws:ses:us-east-1:856554457924:identity/isha.malhotra.cust001036@reactiva.example'
REACTIVA-2026-09,2026-09,CUST001058,Riya Mishra,riya.mishra.cust001058@reactiva.example,Saree,Kurta,Jacket,10,3TDV2Y,3,PENDING,1,2026-09-03T00:05:47.563339,,,ACTIVE,,,An error occurred (AccessDenied) when calling the SendEmail operation: User 'arn:aws:sts::856554457924:assumed-role/campaign_sender-role-iutfyimg/campaign_sender' is not authorized to perform 'ses:SendEmail' on resource 'arn:aws:ses:us-east-1:856554457924:identity/gmj.analytics.ds@gmail.com'
REACTIVA-2026-09,2026-09,CUST001066,Varun Singh,varun.singh.cust001066@reactiva.example,Saree,Kurta,Jacket,10,Z6ZQPB,3,PENDING,1,2026-09-03T00:05:47.563339,,,ACTIVE,,,An error occurred (AccessDenied) when calling the SendEmail operation: User 'arn:aws:sts::856554457924:assumed-role/campaign_sender-role-iutfyimg/campaign_sender' is not authorized to perform 'ses:SendEmail' on resource 'arn:aws:ses:us-east-1:856554457924:identity/gmj.analytics.ds@gmail.com'
REACTIVA-2026-09,2026-09,CUST001076,Rahul Reddy,rahul.reddy.cust001076@reactiva.example,Bag,Sunglasses,Backpack,10,XK7TQP,3,PENDING,1,2026-09-03T00:05:47.563339,,,ACTIVE,,,An error occurred (AccessDenied) when calling the SendEmail operation: User 'arn:aws:sts::856554457924:assumed-role/campaign_sender-role-iutfyimg/campaign_sender' is not authorized to perform 'ses:SendEmail' on resource 'arn:aws:ses:us-east-1:856554457924:identity/gmj.analytics.ds@gmail.com'
REACTIVA-2026-09,2026-09,CUST001085,Rohan Kumar,rohan.kumar.cust001085@reactiva.example,Bag,Sunglasses,Backpack,10,WQ7XZR,3,PENDING,1,2026-09-03T00:05:47.563339,,,ACTIVE,,,An error occurred (AccessDenied) when calling the SendEmail operation: User 'arn:aws:sts::856554457924:assumed-role/campaign_sender-role-iutfyimg/campaign_sender' is not authorized to perform 'ses:SendEmail' on resource 'arn:aws:ses:us-east-1:856554457924:identity/rohan.kumar.cust001085@reactiva.example'
REACTIVA-2026-09,2026-09,CUST001089,Vikram Mehta,vikram.mehta.cust001089@reactiva.example,Saree,Kurta,Jacket,10,2HTN5J,3,PENDING,1,2026-09-03T00:05:47.563339,,,ACTIVE,,,An error occurred (AccessDenied) when calling the SendEmail operation: User 'arn:aws:sts::856554457924:assumed-role/campaign_sender-role-iutfyimg/campaign_sender' is not authorized to perform 'ses:SendEmail' on resource 'arn:aws:ses:us-east-1:856554457924:identity/gmj.analytics.ds@gmail.com'
REACTIVA-2026-09,2026-09,CUST001091,Isha Saxena,isha.saxena.cust001091@reactiva.example,Saree,Kurta,Jacket,10,KTDWGH,3,PENDING,1,2026-09-03T00:05:47.563339,,,ACTIVE,,,An error occurred (AccessDenied) when calling the SendEmail operation: User 'arn:aws:sts::856554457924:assumed-role/campaign_sender-role-iutfyimg/campaign_sender' is not authorized to perform 'ses:SendEmail' on resource 'arn:aws:ses:us-east-1:856554457924:identity/isha.saxena.cust001091@reactiva.example'
REACTIVA-2026-09,2026-09,CUST001118,Arjun Gupta,arjun.gupta.cust001118@reactiva.example,Saree,Kurta,Jacket,10,BMYAYM,3,PENDING,1,2026-09-03T00:05:47.563339,,,ACTIVE,,,An error occurred (AccessDenied) when calling the SendEmail operation: User 'arn:aws:sts::856554457924:assumed-role/campaign_sender-role-iutfyimg/campaign_sender' is not authorized to perform 'ses:SendEmail' on resource 'arn:aws:ses:us-east-1:856554457924:identity/arjun.gupta.cust001118@reactiva.example'
REACTIVA-2026-09,2026-09,CUST001126,Aarav Iyer,aarav.iyer.cust001126@reactiva.example,Bag,Sunglasses,Backpack,10,RUIWZP,3,PENDING,1,2026-09-03T00:05:47.563339,,,ACTIVE,,,An error occurred (AccessDenied) when calling the SendEmail operation: User 'arn:aws:sts::856554457924:assumed-role/campaign_sender-role-iutfyimg/campaign_sender' is not authorized to perform 'ses:SendEmail' on resource 'arn:aws:ses:us-east-1:856554457924:identity/aarav.iyer.cust001126@reactiva.example'
REACTIVA-2026-09,2026-09,CUST001129,Vikram Iyer,vikram.iyer.cust001129@reactiva.example,Saree,Kurta,Jacket,10,MB4JLM,3,PENDING,1,2026-09-03T00:05:47.563339,,,ACTIVE,,,An error occurred (AccessDenied) when calling the SendEmail operation: User 'arn:aws:sts::856554457924:assumed-role/campaign_sender-role-iutfyimg/campaign_sender' is not authorized to perform 'ses:SendEmail' on resource 'arn:aws:ses:us-east-1:856554457924:identity/vikram.iyer.cust001129@reactiva.example'
REACTIVA-2026-09,2026-09,CUST001131,Rahul Mehta,rahul.mehta.cust001131@reactiva.example,Running Shoes,Sneakers,Slippers,10,QVP6CH,3,PENDING,1,2026-09-03T00:05:47.563339,,,ACTIVE,,,An error occurred (AccessDenied) when calling the SendEmail operation: User 'arn:aws:sts::856554457924:assumed-role/campaign_sender-role-iutfyimg/campaign_sender' is not authorized to perform 'ses:SendEmail' on resource 'arn:aws:ses:us-east-1:856554457924:identity/rahul.mehta.cust001131@reactiva.example'
REACTIVA-2026-09,2026-09,CUST001143,Dev Patel,dev.patel.cust001143@reactiva.example,Bag,Sunglasses,Backpack,10,PUEX4Y,3,PENDING,1,2026-09-03T00:05:47.563339,,,ACTIVE,,,An error occurred (AccessDenied) when calling the SendEmail operation: User 'arn:aws:sts::856554457924:assumed-role/campaign_sender-role-iutfyimg/campaign_sender' is not authorized to perform 'ses:SendEmail' on resource 'arn:aws:ses:us-east-1:856554457924:identity/dev.patel.cust001143@reactiva.example'
REACTIVA-2026-09,2026-09,CUST001170,Rakesh Iyer,rakesh.iyer.cust001170@reactiva.example,Running Shoes,Sneakers,Slippers,10,J6C5FV,3,PENDING,1,2026-09-03T00:05:47.563339,,,ACTIVE,,,An error occurred (AccessDenied) when calling the SendEmail operation: User 'arn:aws:sts::856554457924:assumed-role/campaign_sender-role-iutfyimg/campaign_sender' is not authorized to perform 'ses:SendEmail' on resource 'arn:aws:ses:us-east-1:856554457924:identity/rakesh.iyer.cust001170@reactiva.example'
REACTIVA-2026-09,2026-09,CUST001177,Ravi Gupta,ravi.gupta.cust001177@reactiva.example,Bag,Sunglasses,Backpack,10,NUN5X2,3,PENDING,1,2026-09-03T00:05:47.563339,,,ACTIVE,,,An error occurred (AccessDenied) when calling the SendEmail operation: User 'arn:aws:sts::856554457924:assumed-role/campaign_sender-role-iutfyimg/campaign_sender' is not authorized to perform 'ses:SendEmail' on resource 'arn:aws:ses:us-east-1:856554457924:identity/gmj.analytics.ds@gmail.com'
REACTIVA-2026-09,2026-09,CUST001180,Neha Iyer,neha.iyer.cust001180@reactiva.example,Saree,Kurta,Jacket,10,CGOEBI,3,PENDING,1,2026-09-03T00:05:47.563339,,,ACTIVE,,,An error occurred (AccessDenied) when calling the SendEmail operation: User 'arn:aws:sts::856554457924:assumed-role/campaign_sender-role-iutfyimg/campaign_sender' is not authorized to perform 'ses:SendEmail' on resource 'arn:aws:ses:us-east-1:856554457924:identity/gmj.analytics.ds@gmail.com'
REACTIVA-2026-09,2026-09,CUST001198,Ravi Malhotra,ravi.malhotra.cust001198@reactiva.example,Saree,Kurta,Jacket,10,Z6NN22,3,PENDING,1,2026-09-03T00:05:47.563339,,,ACTIVE,,,An error occurred (AccessDenied) when calling the SendEmail operation: User 'arn:aws:sts::856554457924:assumed-role/campaign_sender-role-iutfyimg/campaign_sender' is not authorized to perform 'ses:SendEmail' on resource 'arn:aws:ses:us-east-1:856554457924:identity/ravi.malhotra.cust001198@reactiva.example'
REACTIVA-2026-09,2026-09,CUST001201,Priya Khanna,priya.khanna.cust001201@reactiva.example,Running Shoes,Sneakers,Slippers,10,UNVL4C,3,PENDING,1,2026-09-03T00:05:47.563339,,,ACTIVE,,,An error occurred (AccessDenied) when calling the SendEmail operation: User 'arn:aws:sts::856554457924:assumed-role/campaign_sender-role-iutfyimg/campaign_sender' is not authorized to perform 'ses:SendEmail' on resource 'arn:aws:ses:us-east-1:856554457924:identity/priya.khanna.cust001201@reactiva.example'
REACTIVA-2026-09,2026-09,CUST001238,Sneha Kapoor,sneha.kapoor.cust001238@reactiva.example,Running Shoes,Sneakers,Slippers,10,3L5EFM,3,PENDING,1,2026-09-03T00:05:47.563339,,,ACTIVE,,,An error occurred (AccessDenied) when calling the SendEmail operation: User 'arn:aws:sts::856554457924:assumed-role/campaign_sender-role-iutfyimg/campaign_sender' is not authorized to perform 'ses:SendEmail' on resource 'arn:aws:ses:us-east-1:856554457924:identity/sneha.kapoor.cust001238@reactiva.example'
REACTIVA-2026-09,2026-09,CUST001265,Vivek Reddy,vivek.reddy.cust001265@reactiva.example,Saree,Kurta,Jacket,10,6X7OTF,3,PENDING,1,2026-09-03T00:05:47.563339,,,ACTIVE,,,An error occurred (AccessDenied) when calling the SendEmail operation: User 'arn:aws:sts::856554457924:assumed-role/campaign_sender-role-iutfyimg/campaign_sender' is not authorized to perform 'ses:SendEmail' on resource 'arn:aws:ses:us-east-1:856554457924:identity/vivek.reddy.cust001265@reactiva.example'
REACTIVA-2026-09,2026-09,CUST001270,Sonia Reddy,sonia.reddy.cust001270@reactiva.example,Saree,Kurta,Jacket,10,AQVPDN,3,PENDING,1,2026-09-03T00:05:47.563339,,,ACTIVE,,,An error occurred (AccessDenied) when calling the SendEmail operation: User 'arn:aws:sts::856554457924:assumed-role/campaign_sender-role-iutfyimg/campaign_sender' is not authorized to perform 'ses:SendEmail' on resource 'arn:aws:ses:us-east-1:856554457924:identity/sonia.reddy.cust001270@reactiva.example'
REACTIVA-2026-09,2026-09,CUST001277,Divya Saxena,divya.saxena.cust001277@reactiva.example,Running Shoes,Sneakers,Slippers,10,3VK2TE,3,PENDING,1,2026-09-03T00:05:47.563339,,,ACTIVE,,,An error occurred (AccessDenied) when calling the SendEmail operation: User 'arn:aws:sts::856554457924:assumed-role/campaign_sender-role-iutfyimg/campaign_sender' is not authorized to perform 'ses:SendEmail' on resource 'arn:aws:ses:us-east-1:856554457924:identity/gmj.analytics.ds@gmail.com'
REACTIVA-2026-09,2026-09,CUST001310,Vivek Rao,vivek.rao.cust001310@reactiva.example,Bag,Sunglasses,Backpack,10,7Q3KY2,3,PENDING,1,2026-09-03T00:05:47.563339,,,ACTIVE,,,An error occurred (AccessDenied) when calling the SendEmail operation: User 'arn:aws:sts::856554457924:assumed-role/campaign_sender-role-iutfyimg/campaign_sender' is not authorized to perform 'ses:SendEmail' on resource 'arn:aws:ses:us-east-1:856554457924:identity/vivek.rao.cust001310@reactiva.example'
REACTIVA-2026-09,2026-09,CUST001314,Sameer Nair,sameer.nair.cust001314@reactiva.example,Saree,Kurta,Jacket,10,755F6P,3,PENDING,1,2026-09-03T00:05:47.563339,,,ACTIVE,,,An error occurred (AccessDenied) when calling the SendEmail operation: User 'arn:aws:sts::856554457924:assumed-role/campaign_sender-role-iutfyimg/campaign_sender' is not authorized to perform 'ses:SendEmail' on resource 'arn:aws:ses:us-east-1:856554457924:identity/gmj.analytics.ds@gmail.com'
REACTIVA-2026-09,2026-09,CUST001337,Nisha Kumar,nisha.kumar.cust001337@reactiva.example,Running Shoes,Sneakers,Slippers,10,24BG7K,3,PENDING,1,2026-09-03T00:05:47.563339,,,ACTIVE,,,An error occurred (AccessDenied) when calling the SendEmail operation: User 'arn:aws:sts::856554457924:assumed-role/campaign_sender-role-iutfyimg/campaign_sender' is not authorized to perform 'ses:SendEmail' on resource 'arn:aws:ses:us-east-1:856554457924:identity/gmj.analytics.ds@gmail.com'
REACTIVA-2026-09,2026-09,CUST001342,Varun Mishra,varun.mishra.cust001342@reactiva.example,Running Shoes,Sneakers,Slippers,10,UA7UVR,3,PENDING,1,2026-09-03T00:05:47.563339,,,ACTIVE,,,An error occurred (AccessDenied) when calling the SendEmail operation: User 'arn:aws:sts::856554457924:assumed-role/campaign_sender-role-iutfyimg/campaign_sender' is not authorized to perform 'ses:SendEmail' on resource 'arn:aws:ses:us-east-1:856554457924:identity/gmj.analytics.ds@gmail.com'
REACTIVA-2026-09,2026-09,CUST001360,Rakesh Iyer,rakesh.iyer.cust001360@reactiva.example,Saree,Kurta,Jacket,10,5CT234,3,PENDING,1,2026-09-03T00:05:47.563339,,,ACTIVE,,,An error occurred (AccessDenied) when calling the SendEmail operation: User 'arn:aws:sts::856554457924:assumed-role/campaign_sender-role-iutfyimg/campaign_sender' is not authorized to perform 'ses:SendEmail' on resource 'arn:aws:ses:us-east-1:856554457924:identity/rakesh.iyer.cust001360@reactiva.example'
REACTIVA-2026-09,2026-09,CUST001370,Nisha Rao,nisha.rao.cust001370@reactiva.example,Saree,Kurta,Jacket,10,2GI3Q4,3,PENDING,1,2026-09-03T00:05:47.563339,,,ACTIVE,,,An error occurred (AccessDenied) when calling the SendEmail operation: User 'arn:aws:sts::856554457924:assumed-role/campaign_sender-role-iutfyimg/campaign_sender' is not authorized to perform 'ses:SendEmail' on resource 'arn:aws:ses:us-east-1:856554457924:identity/nisha.rao.cust001370@reactiva.example'
REACTIVA-2026-09,2026-09,CUST001376,Isha Kumar,isha.kumar.cust001376@reactiva.example,Bag,Sunglasses,Backpack,10,3ZE7TU,3,PENDING,1,2026-09-03T00:05:47.563339,,,ACTIVE,,,An error occurred (AccessDenied) when calling the SendEmail operation: User 'arn:aws:sts::856554457924:assumed-role/campaign_sender-role-iutfyimg/campaign_sender' is not authorized to perform 'ses:SendEmail' on resource 'arn:aws:ses:us-east-1:856554457924:identity/isha.kumar.cust001376@reactiva.example'
REACTIVA-2026-09,2026-09,CUST001385,Dev Reddy,dev.reddy.cust001385@reactiva.example,Running Shoes,Sneakers,Slippers,10,KRGUBL,3,PENDING,1,2026-09-03T00:05:47.563339,,,ACTIVE,,,An error occurred (AccessDenied) when calling the SendEmail operation: User 'arn:aws:sts::856554457924:assumed-role/campaign_sender-role-iutfyimg/campaign_sender' is not authorized to perform 'ses:SendEmail' on resource 'arn:aws:ses:us-east-1:856554457924:identity/gmj.analytics.ds@gmail.com'
REACTIVA-2026-09,2026-09,CUST001389,Varun Malhotra,varun.malhotra.cust001389@reactiva.example,Saree,Kurta,Jacket,10,VDRA62,3,PENDING,1,2026-09-03T00:05:47.563339,,,ACTIVE,,,An error occurred (AccessDenied) when calling the SendEmail operation: User 'arn:aws:sts::856554457924:assumed-role/campaign_sender-role-iutfyimg/campaign_sender' is not authorized to perform 'ses:SendEmail' on resource 'arn:aws:ses:us-east-1:856554457924:identity/gmj.analytics.ds@gmail.com'
REACTIVA-2026-09,2026-09,CUST001409,Kiran Mishra,kiran.mishra.cust001409@reactiva.example,Bag,Sunglasses,Backpack,10,L3MPBO,3,PENDING,1,2026-09-03T00:05:47.563339,,,ACTIVE,,,An error occurred (AccessDenied) when calling the SendEmail operation: User 'arn:aws:sts::856554457924:assumed-role/campaign_sender-role-iutfyimg/campaign_sender' is not authorized to perform 'ses:SendEmail' on resource 'arn:aws:ses:us-east-1:856554457924:identity/gmj.analytics.ds@gmail.com'
REACTIVA-2026-09,2026-09,CUST001411,Aditi Desai,aditi.desai.cust001411@reactiva.example,Running Shoes,Sneakers,Slippers,10,AYOFFE,3,PENDING,1,2026-09-03T00:05:47.563339,,,ACTIVE,,,An error occurred (AccessDenied) when calling the SendEmail operation: User 'arn:aws:sts::856554457924:assumed-role/campaign_sender-role-iutfyimg/campaign_sender' is not authorized to perform 'ses:SendEmail' on resource 'arn:aws:ses:us-east-1:856554457924:identity/gmj.analytics.ds@gmail.com'
REACTIVA-2026-09,2026-09,CUST001464,Vivek Kapoor,vivek.kapoor.cust001464@reactiva.example,Saree,Kurta,Jacket,10,Q2BFLZ,3,PENDING,1,2026-09-03T00:05:47.563339,,,ACTIVE,,,An error occurred (AccessDenied) when calling the SendEmail operation: User 'arn:aws:sts::856554457924:assumed-role/campaign_sender-role-iutfyimg/campaign_sender' is not authorized to perform 'ses:SendEmail' on resource 'arn:aws:ses:us-east-1:856554457924:identity/vivek.kapoor.cust001464@reactiva.example'
REACTIVA-2026-09,2026-09,CUST001477,Pooja Chopra,pooja.chopra.cust001477@reactiva.example,Running Shoes,Sneakers,Slippers,10,VNAVGG,3,PENDING,1,2026-09-03T00:05:47.563339,,,ACTIVE,,,An error occurred (AccessDenied) when calling the SendEmail operation: User 'arn:aws:sts::856554457924:assumed-role/campaign_sender-role-iutfyimg/campaign_sender' is not authorized to perform 'ses:SendEmail' on resource 'arn:aws:ses:us-east-1:856554457924:identity/gmj.analytics.ds@gmail.com'
REACTIVA-2026-09,2026-09,CUST001482,Ananya Khanna,ananya.khanna.cust001482@reactiva.example,Saree,Kurta,Jacket,10,DQ4KJQ,3,PENDING,1,2026-09-03T00:05:47.563339,,,ACTIVE,,,An error occurred (AccessDenied) when calling the SendEmail operation: User 'arn:aws:sts::856554457924:assumed-role/campaign_sender-role-iutfyimg/campaign_sender' is not authorized to perform 'ses:SendEmail' on resource 'arn:aws:ses:us-east-1:856554457924:identity/ananya.khanna.cust001482@reactiva.example'
REACTIVA-2026-09,2026-09,CUST001501,Sanjay Gupta,sanjay.gupta.cust001501@reactiva.example,Bag,Sunglasses,Backpack,10,QXYCC2,3,PENDING,1,2026-09-03T00:05:47.563339,,,ACTIVE,,,An error occurred (AccessDenied) when calling the SendEmail operation: User 'arn:aws:sts::856554457924:assumed-role/campaign_sender-role-iutfyimg/campaign_sender' is not authorized to perform 'ses:SendEmail' on resource 'arn:aws:ses:us-east-1:856554457924:identity/sanjay.gupta.cust001501@reactiva.example'
REACTIVA-2026-09,2026-09,CUST001502,Vivek Singh,vivek.singh.cust001502@reactiva.example,Saree,Kurta,Jacket,10,SEUH56,3,PENDING,1,2026-09-03T00:05:47.563339,,,ACTIVE,,,An error occurred (AccessDenied) when calling the SendEmail operation: User 'arn:aws:sts::856554457924:assumed-role/campaign_sender-role-iutfyimg/campaign_sender' is not authorized to perform 'ses:SendEmail' on resource 'arn:aws:ses:us-east-1:856554457924:identity/vivek.singh.cust001502@reactiva.example'
REACTIVA-2026-09,2026-09,CUST001559,Sonia Mehta,sonia.mehta.cust001559@reactiva.example,Running Shoes,Sneakers,Slippers,10,6DPIAY,3,PENDING,1,2026-09-03T00:05:47.563339,,,ACTIVE,,,An error occurred (AccessDenied) when calling the SendEmail operation: User 'arn:aws:sts::856554457924:assumed-role/campaign_sender-role-iutfyimg/campaign_sender' is not authorized to perform 'ses:SendEmail' on resource 'arn:aws:ses:us-east-1:856554457924:identity/sonia.mehta.cust001559@reactiva.example'
REACTIVA-2026-09,2026-09,CUST001570,Aarav Desai,aarav.desai.cust001570@reactiva.example,Running Shoes,Sneakers,Slippers,10,7YBVAH,3,PENDING,1,2026-09-03T00:05:47.563339,,,ACTIVE,,,An error occurred (AccessDenied) when calling the SendEmail operation: User 'arn:aws:sts::856554457924:assumed-role/campaign_sender-role-iutfyimg/campaign_sender' is not authorized to perform 'ses:SendEmail' on resource 'arn:aws:ses:us-east-1:856554457924:identity/aarav.desai.cust001570@reactiva.example'
REACTIVA-2026-09,2026-09,CUST001594,Aditi Saxena,aditi.saxena.cust001594@reactiva.example,Bag,Sunglasses,Backpack,10,IN56WR,3,PENDING,1,2026-09-03T00:05:47.563339,,,ACTIVE,,,An error occurred (AccessDenied) when calling the SendEmail operation: User 'arn:aws:sts::856554457924:assumed-role/campaign_sender-role-iutfyimg/campaign_sender' is not authorized to perform 'ses:SendEmail' on resource 'arn:aws:ses:us-east-1:856554457924:identity/aditi.saxena.cust001594@reactiva.example'
REACTIVA-2026-09,2026-09,CUST001609,Raj Reddy,raj.reddy.cust001609@reactiva.example,Saree,Kurta,Jacket,10,WM57ZJ,3,PENDING,1,2026-09-03T00:05:47.563339,,,ACTIVE,,,An error occurred (AccessDenied) when calling the SendEmail operation: User 'arn:aws:sts::856554457924:assumed-role/campaign_sender-role-iutfyimg/campaign_sender' is not authorized to perform 'ses:SendEmail' on resource 'arn:aws:ses:us-east-1:856554457924:identity/raj.reddy.cust001609@reactiva.example'
REACTIVA-2026-09,2026-09,CUST001615,Rahul Chopra,rahul.chopra.cust001615@reactiva.example,Running Shoes,Sneakers,Slippers,10,V5AOAY,3,PENDING,1,2026-09-03T00:05:47.563339,,,ACTIVE,,,An error occurred (AccessDenied) when calling the SendEmail operation: User 'arn:aws:sts::856554457924:assumed-role/campaign_sender-role-iutfyimg/campaign_sender' is not authorized to perform 'ses:SendEmail' on resource 'arn:aws:ses:us-east-1:856554457924:identity/gmj.analytics.ds@gmail.com'
REACTIVA-2026-09,2026-09,CUST001629,Raj Rao,raj.rao.cust001629@reactiva.example,Bag,Sunglasses,Backpack,10,XELYQD,3,PENDING,1,2026-09-03T00:05:47.563339,,,ACTIVE,,,An error occurred (AccessDenied) when calling the SendEmail operation: User 'arn:aws:sts::856554457924:assumed-role/campaign_sender-role-iutfyimg/campaign_sender' is not authorized to perform 'ses:SendEmail' on resource 'arn:aws:ses:us-east-1:856554457924:identity/gmj.analytics.ds@gmail.com'
REACTIVA-2026-09,2026-09,CUST001655,Aanya Nair,aanya.nair.cust001655@reactiva.example,Bag,Sunglasses,Backpack,10,3LEDHP,3,PENDING,1,2026-09-03T00:05:47.563339,,,ACTIVE,,,An error occurred (AccessDenied) when calling the SendEmail operation: User 'arn:aws:sts::856554457924:assumed-role/campaign_sender-role-iutfyimg/campaign_sender' is not authorized to perform 'ses:SendEmail' on resource 'arn:aws:ses:us-east-1:856554457924:identity/aanya.nair.cust001655@reactiva.example'
REACTIVA-2026-09,2026-09,CUST001668,Aditi Saxena,aditi.saxena.cust001668@reactiva.example,Running Shoes,Sneakers,Slippers,10,YXI4FZ,3,PENDING,1,2026-09-03T00:05:47.563339,,,ACTIVE,,,An error occurred (AccessDenied) when calling the SendEmail operation: User 'arn:aws:sts::856554457924:assumed-role/campaign_sender-role-iutfyimg/campaign_sender' is not authorized to perform 'ses:SendEmail' on resource 'arn:aws:ses:us-east-1:856554457924:identity/gmj.analytics.ds@gmail.com'
REACTIVA-2026-09,2026-09,CUST001682,Isha Gupta,isha.gupta.cust001682@reactiva.example,Running Shoes,Sneakers,Slippers,10,6UV5LB,3,PENDING,1,2026-09-03T00:05:47.563339,,,ACTIVE,,,An error occurred (AccessDenied) when calling the SendEmail operation: User 'arn:aws:sts::856554457924:assumed-role/campaign_sender-role-iutfyimg/campaign_sender' is not authorized to perform 'ses:SendEmail' on resource 'arn:aws:ses:us-east-1:856554457924:identity/isha.gupta.cust001682@reactiva.example'
REACTIVA-2026-09,2026-09,CUST001684,Sneha Joshi,sneha.joshi.cust001684@reactiva.example,Bag,Sunglasses,Backpack,10,PHRMP2,3,PENDING,1,2026-09-03T00:05:47.563339,,,ACTIVE,,,An error occurred (AccessDenied) when calling the SendEmail operation: User 'arn:aws:sts::856554457924:assumed-role/campaign_sender-role-iutfyimg/campaign_sender' is not authorized to perform 'ses:SendEmail' on resource 'arn:aws:ses:us-east-1:856554457924:identity/sneha.joshi.cust001684@reactiva.example'
REACTIVA-2026-09,2026-09,CUST001701,Amit Joshi,amit.joshi.cust001701@reactiva.example,Saree,Kurta,Jacket,10,FXER3K,3,PENDING,1,2026-09-03T00:05:47.563339,,,ACTIVE,,,An error occurred (AccessDenied) when calling the SendEmail operation: User 'arn:aws:sts::856554457924:assumed-role/campaign_sender-role-iutfyimg/campaign_sender' is not authorized to perform 'ses:SendEmail' on resource 'arn:aws:ses:us-east-1:856554457924:identity/gmj.analytics.ds@gmail.com'
REACTIVA-2026-09,2026-09,CUST001707,Isha Gupta,isha.gupta.cust001707@reactiva.example,Bag,Sunglasses,Backpack,10,3S7XBZ,3,PENDING,1,2026-09-03T00:05:47.563339,,,ACTIVE,,,An error occurred (AccessDenied) when calling the SendEmail operation: User 'arn:aws:sts::856554457924:assumed-role/campaign_sender-role-iutfyimg/campaign_sender' is not authorized to perform 'ses:SendEmail' on resource 'arn:aws:ses:us-east-1:856554457924:identity/isha.gupta.cust001707@reactiva.example'
REACTIVA-2026-09,2026-09,CUST001736,Manish Nair,manish.nair.cust001736@reactiva.example,Running Shoes,Sneakers,Slippers,10,APXHK6,3,PENDING,1,2026-09-03T00:05:47.563339,,,ACTIVE,,,An error occurred (AccessDenied) when calling the SendEmail operation: User 'arn:aws:sts::856554457924:assumed-role/campaign_sender-role-iutfyimg/campaign_sender' is not authorized to perform 'ses:SendEmail' on resource 'arn:aws:ses:us-east-1:856554457924:identity/manish.nair.cust001736@reactiva.example'
REACTIVA-2026-09,2026-09,CUST001740,Ravi Mehta,ravi.mehta.cust001740@reactiva.example,Running Shoes,Sneakers,Slippers,10,HJBPVC,3,PENDING,1,2026-09-03T00:05:47.563339,,,ACTIVE,,,An error occurred (AccessDenied) when calling the SendEmail operation: User 'arn:aws:sts::856554457924:assumed-role/campaign_sender-role-iutfyimg/campaign_sender' is not authorized to perform 'ses:SendEmail' on resource 'arn:aws:ses:us-east-1:856554457924:identity/gmj.analytics.ds@gmail.com'
REACTIVA-2026-09,2026-09,CUST001771,Sneha Malhotra,sneha.malhotra.cust001771@reactiva.example,Saree,Kurta,Jacket,10,EFOLQN,3,PENDING,1,2026-09-03T00:05:47.563339,,,ACTIVE,,,An error occurred (AccessDenied) when calling the SendEmail operation: User 'arn:aws:sts::856554457924:assumed-role/campaign_sender-role-iutfyimg/campaign_sender' is not authorized to perform 'ses:SendEmail' on resource 'arn:aws:ses:us-east-1:856554457924:identity/sneha.malhotra.cust001771@reactiva.example'
REACTIVA-2026-09,2026-09,CUST001785,Ravi Verma,ravi.verma.cust001785@reactiva.example,Running Shoes,Sneakers,Slippers,10,IZRS2M,3,PENDING,1,2026-09-03T00:05:47.563339,,,ACTIVE,,,An error occurred (AccessDenied) when calling the SendEmail operation: User 'arn:aws:sts::856554457924:assumed-role/campaign_sender-role-iutfyimg/campaign_sender' is not authorized to perform 'ses:SendEmail' on resource 'arn:aws:ses:us-east-1:856554457924:identity/ravi.verma.cust001785@reactiva.example'
REACTIVA-2026-09,2026-09,CUST001787,Riya Reddy,riya.reddy.cust001787@reactiva.example,Bag,Sunglasses,Backpack,10,SH5OSO,3,PENDING,1,2026-09-03T00:05:47.563339,,,ACTIVE,,,An error occurred (AccessDenied) when calling the SendEmail operation: User 'arn:aws:sts::856554457924:assumed-role/campaign_sender-role-iutfyimg/campaign_sender' is not authorized to perform 'ses:SendEmail' on resource 'arn:aws:ses:us-east-1:856554457924:identity/riya.reddy.cust001787@reactiva.example'
REACTIVA-2026-09,2026-09,CUST001788,Aanya Reddy,aanya.reddy.cust001788@reactiva.example,Bag,Sunglasses,Backpack,10,SESGZV,3,PENDING,1,2026-09-03T00:05:47.563339,,,ACTIVE,,,An error occurred (AccessDenied) when calling the SendEmail operation: User 'arn:aws:sts::856554457924:assumed-role/campaign_sender-role-iutfyimg/campaign_sender' is not authorized to perform 'ses:SendEmail' on resource 'arn:aws:ses:us-east-1:856554457924:identity/aanya.reddy.cust001788@reactiva.example'
REACTIVA-2026-09,2026-09,CUST001796,Dev Sharma,dev.sharma.cust001796@reactiva.example,Saree,Kurta,Jacket,10,O54AGI,3,PENDING,1,2026-09-03T00:05:47.563339,,,ACTIVE,,,An error occurred (AccessDenied) when calling the SendEmail operation: User 'arn:aws:sts::856554457924:assumed-role/campaign_sender-role-iutfyimg/campaign_sender' is not authorized to perform 'ses:SendEmail' on resource 'arn:aws:ses:us-east-1:856554457924:identity/dev.sharma.cust001796@reactiva.example'
REACTIVA-2026-09,2026-09,CUST001797,Aditi Mishra,aditi.mishra.cust001797@reactiva.example,Saree,Kurta,Jacket,10,JTK4NX,3,PENDING,1,2026-09-03T00:05:47.563339,,,ACTIVE,,,An error occurred (AccessDenied) when calling the SendEmail operation: User 'arn:aws:sts::856554457924:assumed-role/campaign_sender-role-iutfyimg/campaign_sender' is not authorized to perform 'ses:SendEmail' on resource 'arn:aws:ses:us-east-1:856554457924:identity/gmj.analytics.ds@gmail.com'
REACTIVA-2026-09,2026-09,CUST001834,Sonia Gupta,sonia.gupta.cust001834@reactiva.example,Saree,Kurta,Jacket,10,KJXX6A,3,PENDING,1,2026-09-03T00:05:47.563339,,,ACTIVE,,,An error occurred (AccessDenied) when calling the SendEmail operation: User 'arn:aws:sts::856554457924:assumed-role/campaign_sender-role-iutfyimg/campaign_sender' is not authorized to perform 'ses:SendEmail' on resource 'arn:aws:ses:us-east-1:856554457924:identity/sonia.gupta.cust001834@reactiva.example'
REACTIVA-2026-09,2026-09,CUST001840,Rohan Khanna,rohan.khanna.cust001840@reactiva.example,Saree,Kurta,Jacket,10,MZQ7PB,3,PENDING,1,2026-09-03T00:05:47.563339,,,ACTIVE,,,An error occurred (AccessDenied) when calling the SendEmail operation: User 'arn:aws:sts::856554457924:assumed-role/campaign_sender-role-iutfyimg/campaign_sender' is not authorized to perform 'ses:SendEmail' on resource 'arn:aws:ses:us-east-1:856554457924:identity/gmj.analytics.ds@gmail.com'
REACTIVA-2026-09,2026-09,CUST001846,Kabir Joshi,kabir.joshi.cust001846@reactiva.example,Saree,Kurta,Jacket,10,2T2AH5,3,PENDING,1,2026-09-03T00:05:47.563339,,,ACTIVE,,,An error occurred (AccessDenied) when calling the SendEmail operation: User 'arn:aws:sts::856554457924:assumed-role/campaign_sender-role-iutfyimg/campaign_sender' is not authorized to perform 'ses:SendEmail' on resource 'arn:aws:ses:us-east-1:856554457924:identity/gmj.analytics.ds@gmail.com'
REACTIVA-2026-09,2026-09,CUST001847,Nikhil Verma,nikhil.verma.cust001847@reactiva.example,Saree,Kurta,Jacket,10,VZGVGH,3,PENDING,1,2026-09-03T00:05:47.563339,,,ACTIVE,,,An error occurred (AccessDenied) when calling the SendEmail operation: User 'arn:aws:sts::856554457924:assumed-role/campaign_sender-role-iutfyimg/campaign_sender' is not authorized to perform 'ses:SendEmail' on resource 'arn:aws:ses:us-east-1:856554457924:identity/nikhil.verma.cust001847@reactiva.example'
REACTIVA-2026-09,2026-09,CUST001854,Rakesh Iyer,rakesh.iyer.cust001854@reactiva.example,Running Shoes,Sneakers,Slippers,10,2UOCNN,3,PENDING,1,2026-09-03T00:05:47.563339,,,ACTIVE,,,An error occurred (AccessDenied) when calling the SendEmail operation: User 'arn:aws:sts::856554457924:assumed-role/campaign_sender-role-iutfyimg/campaign_sender' is not authorized to perform 'ses:SendEmail' on resource 'arn:aws:ses:us-east-1:856554457924:identity/rakesh.iyer.cust001854@reactiva.example'
REACTIVA-2026-09,2026-09,CUST001865,Nisha Iyer,nisha.iyer.cust001865@reactiva.example,Saree,Kurta,Jacket,10,KYR5VG,3,PENDING,1,2026-09-03T00:05:47.563339,,,ACTIVE,,,An error occurred (AccessDenied) when calling the SendEmail operation: User 'arn:aws:sts::856554457924:assumed-role/campaign_sender-role-iutfyimg/campaign_sender' is not authorized to perform 'ses:SendEmail' on resource 'arn:aws:ses:us-east-1:856554457924:identity/nisha.iyer.cust001865@reactiva.example'
REACTIVA-2026-09,2026-09,CUST001873,Sameer Khanna,sameer.khanna.cust001873@reactiva.example,Bag,Sunglasses,Backpack,10,D5JAZG,3,PENDING,1,2026-09-03T00:05:47.563339,,,ACTIVE,,,An error occurred (AccessDenied) when calling the SendEmail operation: User 'arn:aws:sts::856554457924:assumed-role/campaign_sender-role-iutfyimg/campaign_sender' is not authorized to perform 'ses:SendEmail' on resource 'arn:aws:ses:us-east-1:856554457924:identity/gmj.analytics.ds@gmail.com'
REACTIVA-2026-09,2026-09,CUST001887,Nisha Malhotra,nisha.malhotra.cust001887@reactiva.example,Running Shoes,Sneakers,Slippers,10,MMMSEQ,3,PENDING,1,2026-09-03T00:05:47.563339,,,ACTIVE,,,An error occurred (AccessDenied) when calling the SendEmail operation: User 'arn:aws:sts::856554457924:assumed-role/campaign_sender-role-iutfyimg/campaign_sender' is not authorized to perform 'ses:SendEmail' on resource 'arn:aws:ses:us-east-1:856554457924:identity/gmj.analytics.ds@gmail.com'
REACTIVA-2026-09,2026-09,CUST001894,Ravi Verma,ravi.verma.cust001894@reactiva.example,Bag,Sunglasses,Backpack,10,FEPKZV,3,PENDING,1,2026-09-03T00:05:47.563339,,,ACTIVE,,,An error occurred (AccessDenied) when calling the SendEmail operation: User 'arn:aws:sts::856554457924:assumed-role/campaign_sender-role-iutfyimg/campaign_sender' is not authorized to perform 'ses:SendEmail' on resource 'arn:aws:ses:us-east-1:856554457924:identity/ravi.verma.cust001894@reactiva.example'
REACTIVA-2026-09,2026-09,CUST001912,Sameer Gupta,sameer.gupta.cust001912@reactiva.example,Saree,Kurta,Jacket,10,XKGONZ,3,PENDING,1,2026-09-03T00:05:47.563339,,,ACTIVE,,,An error occurred (AccessDenied) when calling the SendEmail operation: User 'arn:aws:sts::856554457924:assumed-role/campaign_sender-role-iutfyimg/campaign_sender' is not authorized to perform 'ses:SendEmail' on resource 'arn:aws:ses:us-east-1:856554457924:identity/gmj.analytics.ds@gmail.com'
REACTIVA-2026-09,2026-09,CUST001917,Ananya Joshi,ananya.joshi.cust001917@reactiva.example,Bag,Sunglasses,Backpack,10,SWAPAZ,3,PENDING,1,2026-09-03T00:05:47.563339,,,ACTIVE,,,An error occurred (AccessDenied) when calling the SendEmail operation: User 'arn:aws:sts::856554457924:assumed-role/campaign_sender-role-iutfyimg/campaign_sender' is not authorized to perform 'ses:SendEmail' on resource 'arn:aws:ses:us-east-1:856554457924:identity/gmj.analytics.ds@gmail.com'
REACTIVA-2026-09,2026-09,CUST001944,Riya Malhotra,riya.malhotra.cust001944@reactiva.example,Running Shoes,Sneakers,Slippers,10,KVG3DI,3,PENDING,1,2026-09-03T00:05:47.563339,,,ACTIVE,,,An error occurred (AccessDenied) when calling the SendEmail operation: User 'arn:aws:sts::856554457924:assumed-role/campaign_sender-role-iutfyimg/campaign_sender' is not authorized to perform 'ses:SendEmail' on resource 'arn:aws:ses:us-east-1:856554457924:identity/riya.malhotra.cust001944@reactiva.example'
REACTIVA-2026-09,2026-09,CUST001950,Simran Kapoor,simran.kapoor.cust001950@reactiva.example,Saree,Kurta,Jacket,10,6KJE7M,3,PENDING,1,2026-09-03T00:05:47.563339,,,ACTIVE,,,An error occurred (AccessDenied) when calling the SendEmail operation: User 'arn:aws:sts::856554457924:assumed-role/campaign_sender-role-iutfyimg/campaign_sender' is not authorized to perform 'ses:SendEmail' on resource 'arn:aws:ses:us-east-1:856554457924:identity/gmj.analytics.ds@gmail.com'
REACTIVA-2026-09,2026-09,CUST001957,Karan Sharma,karan.sharma.cust001957@reactiva.example,Saree,Kurta,Jacket,10,ABD64B,3,PENDING,1,2026-09-03T00:05:47.563339,,,ACTIVE,,,An error occurred (AccessDenied) when calling the SendEmail operation: User 'arn:aws:sts::856554457924:assumed-role/campaign_sender-role-iutfyimg/campaign_sender' is not authorized to perform 'ses:SendEmail' on resource 'arn:aws:ses:us-east-1:856554457924:identity/gmj.analytics.ds@gmail.com'
REACTIVA-2026-09,2026-09,CUST001964,Dev Mishra,dev.mishra.cust001964@reactiva.example,Running Shoes,Sneakers,Slippers,10,DCUXLL,3,PENDING,1,2026-09-03T00:05:47.563339,,,ACTIVE,,,An error occurred (AccessDenied) when calling the SendEmail operation: User 'arn:aws:sts::856554457924:assumed-role/campaign_sender-role-iutfyimg/campaign_sender' is not authorized to perform 'ses:SendEmail' on resource 'arn:aws:ses:us-east-1:856554457924:identity/dev.mishra.cust001964@reactiva.example'
REACTIVA-2026-09,2026-09,CUST001982,Riya Nair,riya.nair.cust001982@reactiva.example,Running Shoes,Sneakers,Slippers,10,YD5JJV,3,PENDING,1,2026-09-03T00:05:47.563339,,,ACTIVE,,,An error occurred (AccessDenied) when calling the SendEmail operation: User 'arn:aws:sts::856554457924:assumed-role/campaign_sender-role-iutfyimg/campaign_sender' is not authorized to perform 'ses:SendEmail' on resource 'arn:aws:ses:us-east-1:856554457924:identity/gmj.analytics.ds@gmail.com'
REACTIVA-2026-09,2026-09,CUST001995,Diya Singh,diya.singh.cust001995@reactiva.example,Saree,Kurta,Jacket,10,FIKQBX,3,PENDING,1,2026-09-03T00:05:47.563339,,,ACTIVE,,,An error occurred (AccessDenied) when calling the SendEmail operation: User 'arn:aws:sts::856554457924:assumed-role/campaign_sender-role-iutfyimg/campaign_sender' is not authorized to perform 'ses:SendEmail' on resource 'arn:aws:ses:us-east-1:856554457924:identity/gmj.analytics.ds@gmail.com'
REACTIVA-2026-09,2026-09,CUST002017,Aditi Patel,aditi.patel.cust002017@reactiva.example,Running Shoes,Sneakers,Slippers,10,5OXRFC,3,PENDING,1,2026-09-03T00:05:47.563339,,,ACTIVE,,,An error occurred (AccessDenied) when calling the SendEmail operation: User 'arn:aws:sts::856554457924:assumed-role/campaign_sender-role-iutfyimg/campaign_sender' is not authorized to perform 'ses:SendEmail' on resource 'arn:aws:ses:us-east-1:856554457924:identity/aditi.patel.cust002017@reactiva.example'
REACTIVA-2026-09,2026-09,CUST002029,Nikhil Sharma,nikhil.sharma.cust002029@reactiva.example,Bag,Sunglasses,Backpack,10,PV3GSH,3,PENDING,1,2026-09-03T00:05:47.563339,,,ACTIVE,,,An error occurred (AccessDenied) when calling the SendEmail operation: User 'arn:aws:sts::856554457924:assumed-role/campaign_sender-role-iutfyimg/campaign_sender' is not authorized to perform 'ses:SendEmail' on resource 'arn:aws:ses:us-east-1:856554457924:identity/gmj.analytics.ds@gmail.com'
REACTIVA-2026-09,2026-09,CUST002054,Priya Chopra,priya.chopra.cust002054@reactiva.example,Running Shoes,Sneakers,Slippers,10,MOPHF2,3,PENDING,1,2026-09-03T00:05:47.563339,,,ACTIVE,,,An error occurred (AccessDenied) when calling the SendEmail operation: User 'arn:aws:sts::856554457924:assumed-role/campaign_sender-role-iutfyimg/campaign_sender' is not authorized to perform 'ses:SendEmail' on resource 'arn:aws:ses:us-east-1:856554457924:identity/priya.chopra.cust002054@reactiva.example'
REACTIVA-2026-09,2026-09,CUST002073,Nisha Rao,nisha.rao.cust002073@reactiva.example,Saree,Kurta,Jacket,10,UJITQV,3,PENDING,1,2026-09-03T00:05:47.563339,,,ACTIVE,,,An error occurred (AccessDenied) when calling the SendEmail operation: User 'arn:aws:sts::856554457924:assumed-role/campaign_sender-role-iutfyimg/campaign_sender' is not authorized to perform 'ses:SendEmail' on resource 'arn:aws:ses:us-east-1:856554457924:identity/nisha.rao.cust002073@reactiva.example'
REACTIVA-2026-09,2026-09,CUST002097,Vivek Saxena,vivek.saxena.cust002097@reactiva.example,Saree,Kurta,Jacket,10,TUG3AP,3,PENDING,1,2026-09-03T00:05:47.563339,,,ACTIVE,,,An error occurred (AccessDenied) when calling the SendEmail operation: User 'arn:aws:sts::856554457924:assumed-role/campaign_sender-role-iutfyimg/campaign_sender' is not authorized to perform 'ses:SendEmail' on resource 'arn:aws:ses:us-east-1:856554457924:identity/vivek.saxena.cust002097@reactiva.example'
REACTIVA-2026-09,2026-09,CUST002104,Rahul Mehta,rahul.mehta.cust002104@reactiva.example,Running Shoes,Sneakers,Slippers,10,MBC2IY,3,PENDING,1,2026-09-03T00:05:47.563339,,,ACTIVE,,,An error occurred (AccessDenied) when calling the SendEmail operation: User 'arn:aws:sts::856554457924:assumed-role/campaign_sender-role-iutfyimg/campaign_sender' is not authorized to perform 'ses:SendEmail' on resource 'arn:aws:ses:us-east-1:856554457924:identity/rahul.mehta.cust002104@reactiva.example'
REACTIVA-2026-09,2026-09,CUST002111,Nikhil Mishra,nikhil.mishra.cust002111@reactiva.example,Bag,Sunglasses,Backpack,10,5V7KW6,3,PENDING,1,2026-09-03T00:05:47.563339,,,ACTIVE,,,An error occurred (AccessDenied) when calling the SendEmail operation: User 'arn:aws:sts::856554457924:assumed-role/campaign_sender-role-iutfyimg/campaign_sender' is not authorized to perform 'ses:SendEmail' on resource 'arn:aws:ses:us-east-1:856554457924:identity/nikhil.mishra.cust002111@reactiva.example'
REACTIVA-2026-09,2026-09,CUST002120,Anjali Reddy,anjali.reddy.cust002120@reactiva.example,Bag,Sunglasses,Backpack,10,VSIYRG,3,PENDING,1,2026-09-03T00:05:47.563339,,,ACTIVE,,,An error occurred (AccessDenied) when calling the SendEmail operation: User 'arn:aws:sts::856554457924:assumed-role/campaign_sender-role-iutfyimg/campaign_sender' is not authorized to perform 'ses:SendEmail' on resource 'arn:aws:ses:us-east-1:856554457924:identity/gmj.analytics.ds@gmail.com'
REACTIVA-2026-09,2026-09,CUST002142,Isha Kumar,isha.kumar.cust002142@reactiva.example,Saree,Kurta,Jacket,10,4UEW63,3,PENDING,1,2026-09-03T00:05:47.563339,,,ACTIVE,,,An error occurred (AccessDenied) when calling the SendEmail operation: User 'arn:aws:sts::856554457924:assumed-role/campaign_sender-role-iutfyimg/campaign_sender' is not authorized to perform 'ses:SendEmail' on resource 'arn:aws:ses:us-east-1:856554457924:identity/gmj.analytics.ds@gmail.com'
REACTIVA-2026-09,2026-09,CUST002148,Neha Verma,neha.verma.cust002148@reactiva.example,Bag,Sunglasses,Backpack,10,EPEJUE,3,PENDING,1,2026-09-03T00:05:47.563339,,,ACTIVE,,,An error occurred (AccessDenied) when calling the SendEmail operation: User 'arn:aws:sts::856554457924:assumed-role/campaign_sender-role-iutfyimg/campaign_sender' is not authorized to perform 'ses:SendEmail' on resource 'arn:aws:ses:us-east-1:856554457924:identity/gmj.analytics.ds@gmail.com'
REACTIVA-2026-09,2026-09,CUST002167,Aanya Mehta,aanya.mehta.cust002167@reactiva.example,Bag,Sunglasses,Backpack,10,CTZYH4,3,PENDING,1,2026-09-03T00:05:47.563339,,,ACTIVE,,,An error occurred (AccessDenied) when calling the SendEmail operation: User 'arn:aws:sts::856554457924:assumed-role/campaign_sender-role-iutfyimg/campaign_sender' is not authorized to perform 'ses:SendEmail' on resource 'arn:aws:ses:us-east-1:856554457924:identity/gmj.analytics.ds@gmail.com'
REACTIVA-2026-09,2026-09,CUST002173,Diya Iyer,diya.iyer.cust002173@reactiva.example,Saree,Kurta,Jacket,10,MZ4EEW,3,PENDING,1,2026-09-03T00:05:47.563339,,,ACTIVE,,,An error occurred (AccessDenied) when calling the SendEmail operation: User 'arn:aws:sts::856554457924:assumed-role/campaign_sender-role-iutfyimg/campaign_sender' is not authorized to perform 'ses:SendEmail' on resource 'arn:aws:ses:us-east-1:856554457924:identity/diya.iyer.cust002173@reactiva.example'
REACTIVA-2026-09,2026-09,CUST002184,Nisha Saxena,nisha.saxena.cust002184@reactiva.example,Bag,Sunglasses,Backpack,10,H3KDWT,3,PENDING,1,2026-09-03T00:05:47.563339,,,ACTIVE,,,An error occurred (AccessDenied) when calling the SendEmail operation: User 'arn:aws:sts::856554457924:assumed-role/campaign_sender-role-iutfyimg/campaign_sender' is not authorized to perform 'ses:SendEmail' on resource 'arn:aws:ses:us-east-1:856554457924:identity/gmj.analytics.ds@gmail.com'
REACTIVA-2026-09,2026-09,CUST002187,Kabir Rao,kabir.rao.cust002187@reactiva.example,Saree,Kurta,Jacket,10,7I45EJ,3,PENDING,1,2026-09-03T00:05:47.563339,,,ACTIVE,,,An error occurred (AccessDenied) when calling the SendEmail operation: User 'arn:aws:sts::856554457924:assumed-role/campaign_sender-role-iutfyimg/campaign_sender' is not authorized to perform 'ses:SendEmail' on resource 'arn:aws:ses:us-east-1:856554457924:identity/kabir.rao.cust002187@reactiva.example'
REACTIVA-2026-09,2026-09,CUST002205,Ananya Chopra,ananya.chopra.cust002205@reactiva.example,Bag,Sunglasses,Backpack,10,UUCTY4,3,PENDING,1,2026-09-03T00:05:47.563339,,,ACTIVE,,,An error occurred (AccessDenied) when calling the SendEmail operation: User 'arn:aws:sts::856554457924:assumed-role/campaign_sender-role-iutfyimg/campaign_sender' is not authorized to perform 'ses:SendEmail' on resource 'arn:aws:ses:us-east-1:856554457924:identity/ananya.chopra.cust002205@reactiva.example'
REACTIVA-2026-09,2026-09,CUST002230,Kiran Kapoor,kiran.kapoor.cust002230@reactiva.example,Running Shoes,Sneakers,Slippers,10,QZM3XG,3,PENDING,1,2026-09-03T00:05:47.563339,,,ACTIVE,,,An error occurred (AccessDenied) when calling the SendEmail operation: User 'arn:aws:sts::856554457924:assumed-role/campaign_sender-role-iutfyimg/campaign_sender' is not authorized to perform 'ses:SendEmail' on resource 'arn:aws:ses:us-east-1:856554457924:identity/gmj.analytics.ds@gmail.com'
REACTIVA-2026-09,2026-09,CUST002240,Deepika Chopra,deepika.chopra.cust002240@reactiva.example,Bag,Sunglasses,Backpack,10,3I4GMJ,3,PENDING,1,2026-09-03T00:05:47.563339,,,ACTIVE,,,An error occurred (AccessDenied) when calling the SendEmail operation: User 'arn:aws:sts::856554457924:assumed-role/campaign_sender-role-iutfyimg/campaign_sender' is not authorized to perform 'ses:SendEmail' on resource 'arn:aws:ses:us-east-1:856554457924:identity/deepika.chopra.cust002240@reactiva.example'
REACTIVA-2026-09,2026-09,CUST002248,Karan Sharma,karan.sharma.cust002248@reactiva.example,Bag,Sunglasses,Backpack,10,6POSFL,3,PENDING,1,2026-09-03T00:05:47.563339,,,ACTIVE,,,An error occurred (AccessDenied) when calling the SendEmail operation: User 'arn:aws:sts::856554457924:assumed-role/campaign_sender-role-iutfyimg/campaign_sender' is not authorized to perform 'ses:SendEmail' on resource 'arn:aws:ses:us-east-1:856554457924:identity/karan.sharma.cust002248@reactiva.example'
REACTIVA-2026-09,2026-09,CUST002261,Sameer Bhat,sameer.bhat.cust002261@reactiva.example,Running Shoes,Sneakers,Slippers,10,T2HJS7,3,PENDING,1,2026-09-03T00:05:47.563339,,,ACTIVE,,,An error occurred (AccessDenied) when calling the SendEmail operation: User 'arn:aws:sts::856554457924:assumed-role/campaign_sender-role-iutfyimg/campaign_sender' is not authorized to perform 'ses:SendEmail' on resource 'arn:aws:ses:us-east-1:856554457924:identity/sameer.bhat.cust002261@reactiva.example'
REACTIVA-2026-09,2026-09,CUST002280,Ananya Desai,ananya.desai.cust002280@reactiva.example,Bag,Sunglasses,Backpack,10,DJTDMI,3,PENDING,1,2026-09-03T00:05:47.563339,,,ACTIVE,,,An error occurred (AccessDenied) when calling the SendEmail operation: User 'arn:aws:sts::856554457924:assumed-role/campaign_sender-role-iutfyimg/campaign_sender' is not authorized to perform 'ses:SendEmail' on resource 'arn:aws:ses:us-east-1:856554457924:identity/gmj.analytics.ds@gmail.com'
REACTIVA-2026-09,2026-09,CUST002296,Sneha Saxena,sneha.saxena.cust002296@reactiva.example,Saree,Kurta,Jacket,10,5GMI3L,3,PENDING,1,2026-09-03T00:05:47.563339,,,ACTIVE,,,An error occurred (AccessDenied) when calling the SendEmail operation: User 'arn:aws:sts::856554457924:assumed-role/campaign_sender-role-iutfyimg/campaign_sender' is not authorized to perform 'ses:SendEmail' on resource 'arn:aws:ses:us-east-1:856554457924:identity/sneha.saxena.cust002296@reactiva.example'
REACTIVA-2026-09,2026-09,CUST002323,Arjun Desai,arjun.desai.cust002323@reactiva.example,Saree,Kurta,Jacket,10,NS2PUV,3,PENDING,1,2026-09-03T00:05:47.563339,,,ACTIVE,,,An error occurred (AccessDenied) when calling the SendEmail operation: User 'arn:aws:sts::856554457924:assumed-role/campaign_sender-role-iutfyimg/campaign_sender' is not authorized to perform 'ses:SendEmail' on resource 'arn:aws:ses:us-east-1:856554457924:identity/gmj.analytics.ds@gmail.com'
REACTIVA-2026-09,2026-09,CUST002324,Kabir Nair,kabir.nair.cust002324@reactiva.example,Saree,Kurta,Jacket,10,QUPQCC,3,PENDING,1,2026-09-03T00:05:47.563339,,,ACTIVE,,,An error occurred (AccessDenied) when calling the SendEmail operation: User 'arn:aws:sts::856554457924:assumed-role/campaign_sender-role-iutfyimg/campaign_sender' is not authorized to perform 'ses:SendEmail' on resource 'arn:aws:ses:us-east-1:856554457924:identity/gmj.analytics.ds@gmail.com'
REACTIVA-2026-09,2026-09,CUST002326,Nisha Rao,nisha.rao.cust002326@reactiva.example,Saree,Kurta,Jacket,10,KWNR3K,3,PENDING,1,2026-09-03T00:05:47.563339,,,ACTIVE,,,An error occurred (AccessDenied) when calling the SendEmail operation: User 'arn:aws:sts::856554457924:assumed-role/campaign_sender-role-iutfyimg/campaign_sender' is not authorized to perform 'ses:SendEmail' on resource 'arn:aws:ses:us-east-1:856554457924:identity/gmj.analytics.ds@gmail.com'
REACTIVA-2026-09,2026-09,CUST002329,Riya Rao,riya.rao.cust002329@reactiva.example,Saree,Kurta,Jacket,10,CTO4RS,3,PENDING,1,2026-09-03T00:05:47.563339,,,ACTIVE,,,An error occurred (AccessDenied) when calling the SendEmail operation: User 'arn:aws:sts::856554457924:assumed-role/campaign_sender-role-iutfyimg/campaign_sender' is not authorized to perform 'ses:SendEmail' on resource 'arn:aws:ses:us-east-1:856554457924:identity/gmj.analytics.ds@gmail.com'
REACTIVA-2026-09,2026-09,CUST002378,Vivek Malhotra,vivek.malhotra.cust002378@reactiva.example,Saree,Kurta,Jacket,10,RFTD2I,3,PENDING,1,2026-09-03T00:05:47.563339,,,ACTIVE,,,An error occurred (AccessDenied) when calling the SendEmail operation: User 'arn:aws:sts::856554457924:assumed-role/campaign_sender-role-iutfyimg/campaign_sender' is not authorized to perform 'ses:SendEmail' on resource 'arn:aws:ses:us-east-1:856554457924:identity/vivek.malhotra.cust002378@reactiva.example'
REACTIVA-2026-09,2026-09,CUST002399,Ananya Patel,ananya.patel.cust002399@reactiva.example,Saree,Kurta,Jacket,10,FWXENA,3,PENDING,1,2026-09-03T00:05:47.563339,,,ACTIVE,,,An error occurred (AccessDenied) when calling the SendEmail operation: User 'arn:aws:sts::856554457924:assumed-role/campaign_sender-role-iutfyimg/campaign_sender' is not authorized to perform 'ses:SendEmail' on resource 'arn:aws:ses:us-east-1:856554457924:identity/ananya.patel.cust002399@reactiva.example'
REACTIVA-2026-09,2026-09,CUST002421,Rohan Malhotra,rohan.malhotra.cust002421@reactiva.example,Bag,Sunglasses,Backpack,10,54RKJR,3,PENDING,1,2026-09-03T00:05:47.563339,,,ACTIVE,,,An error occurred (AccessDenied) when calling the SendEmail operation: User 'arn:aws:sts::856554457924:assumed-role/campaign_sender-role-iutfyimg/campaign_sender' is not authorized to perform 'ses:SendEmail' on resource 'arn:aws:ses:us-east-1:856554457924:identity/gmj.analytics.ds@gmail.com'
REACTIVA-2026-09,2026-09,CUST002429,Neha Mishra,neha.mishra.cust002429@reactiva.example,Running Shoes,Sneakers,Slippers,10,X6MYDA,3,PENDING,1,2026-09-03T00:05:47.563339,,,ACTIVE,,,An error occurred (AccessDenied) when calling the SendEmail operation: User 'arn:aws:sts::856554457924:assumed-role/campaign_sender-role-iutfyimg/campaign_sender' is not authorized to perform 'ses:SendEmail' on resource 'arn:aws:ses:us-east-1:856554457924:identity/gmj.analytics.ds@gmail.com'
REACTIVA-2026-09,2026-09,CUST002445,Neha Verma,neha.verma.cust002445@reactiva.example,Saree,Kurta,Jacket,10,Q5QWUH,3,PENDING,1,2026-09-03T00:05:47.563339,,,ACTIVE,,,An error occurred (AccessDenied) when calling the SendEmail operation: User 'arn:aws:sts::856554457924:assumed-role/campaign_sender-role-iutfyimg/campaign_sender' is not authorized to perform 'ses:SendEmail' on resource 'arn:aws:ses:us-east-1:856554457924:identity/neha.verma.cust002445@reactiva.example'
REACTIVA-2026-09,2026-09,CUST002448,Kabir Nair,kabir.nair.cust002448@reactiva.example,Running Shoes,Sneakers,Slippers,10,C4WFVH,3,PENDING,1,2026-09-03T00:05:47.563339,,,ACTIVE,,,An error occurred (AccessDenied) when calling the SendEmail operation: User 'arn:aws:sts::856554457924:assumed-role/campaign_sender-role-iutfyimg/campaign_sender' is not authorized to perform 'ses:SendEmail' on resource 'arn:aws:ses:us-east-1:856554457924:identity/kabir.nair.cust002448@reactiva.example'
REACTIVA-2026-09,2026-09,CUST002498,Arjun Gupta,arjun.gupta.cust002498@reactiva.example,Bag,Sunglasses,Backpack,10,2FTIKD,3,PENDING,1,2026-09-03T00:05:47.563339,,,ACTIVE,,,An error occurred (AccessDenied) when calling the SendEmail operation: User 'arn:aws:sts::856554457924:assumed-role/campaign_sender-role-iutfyimg/campaign_sender' is not authorized to perform 'ses:SendEmail' on resource 'arn:aws:ses:us-east-1:856554457924:identity/arjun.gupta.cust002498@reactiva.example'
REACTIVA-2026-09,2026-09,CUST002504,Vikram Desai,vikram.desai.cust002504@reactiva.example,Bag,Sunglasses,Backpack,10,KMJ26L,3,PENDING,1,2026-09-03T00:05:47.563339,,,ACTIVE,,,An error occurred (AccessDenied) when calling the SendEmail operation: User 'arn:aws:sts::856554457924:assumed-role/campaign_sender-role-iutfyimg/campaign_sender' is not authorized to perform 'ses:SendEmail' on resource 'arn:aws:ses:us-east-1:856554457924:identity/gmj.analytics.ds@gmail.com'
REACTIVA-2026-09,2026-09,CUST002508,Rahul Nair,rahul.nair.cust002508@reactiva.example,Running Shoes,Sneakers,Slippers,10,CZY42M,3,PENDING,1,2026-09-03T00:05:47.563339,,,ACTIVE,,,An error occurred (AccessDenied) when calling the SendEmail operation: User 'arn:aws:sts::856554457924:assumed-role/campaign_sender-role-iutfyimg/campaign_sender' is not authorized to perform 'ses:SendEmail' on resource 'arn:aws:ses:us-east-1:856554457924:identity/gmj.analytics.ds@gmail.com'
REACTIVA-2026-09,2026-09,CUST002520,Aarav Khanna,aarav.khanna.cust002520@reactiva.example,Running Shoes,Sneakers,Slippers,10,SZ4AFZ,3,PENDING,1,2026-09-03T00:05:47.563339,,,ACTIVE,,,An error occurred (AccessDenied) when calling the SendEmail operation: User 'arn:aws:sts::856554457924:assumed-role/campaign_sender-role-iutfyimg/campaign_sender' is not authorized to perform 'ses:SendEmail' on resource 'arn:aws:ses:us-east-1:856554457924:identity/gmj.analytics.ds@gmail.com'
REACTIVA-2026-09,2026-09,CUST002521,Anjali Nair,anjali.nair.cust002521@reactiva.example,Saree,Kurta,Jacket,10,RQZWUI,3,PENDING,1,2026-09-03T00:05:47.563339,,,ACTIVE,,,An error occurred (AccessDenied) when calling the SendEmail operation: User 'arn:aws:sts::856554457924:assumed-role/campaign_sender-role-iutfyimg/campaign_sender' is not authorized to perform 'ses:SendEmail' on resource 'arn:aws:ses:us-east-1:856554457924:identity/anjali.nair.cust002521@reactiva.example'
REACTIVA-2026-09,2026-09,CUST002522,Kabir Joshi,kabir.joshi.cust002522@reactiva.example,Running Shoes,Sneakers,Slippers,10,WDBJJG,3,PENDING,1,2026-09-03T00:05:47.563339,,,ACTIVE,,,An error occurred (AccessDenied) when calling the SendEmail operation: User 'arn:aws:sts::856554457924:assumed-role/campaign_sender-role-iutfyimg/campaign_sender' is not authorized to perform 'ses:SendEmail' on resource 'arn:aws:ses:us-east-1:856554457924:identity/gmj.analytics.ds@gmail.com'
REACTIVA-2026-09,2026-09,CUST002550,Arjun Mehta,arjun.mehta.cust002550@reactiva.example,Running Shoes,Sneakers,Slippers,10,ZBREPK,3,PENDING,1,2026-09-03T00:05:47.563339,,,ACTIVE,,,An error occurred (AccessDenied) when calling the SendEmail operation: User 'arn:aws:sts::856554457924:assumed-role/campaign_sender-role-iutfyimg/campaign_sender' is not authorized to perform 'ses:SendEmail' on resource 'arn:aws:ses:us-east-1:856554457924:identity/gmj.analytics.ds@gmail.com'
REACTIVA-2026-09,2026-09,CUST002561,Riya Kumar,riya.kumar.cust002561@reactiva.example,Saree,Kurta,Jacket,10,QWM6BI,3,PENDING,1,2026-09-03T00:05:47.563339,,,ACTIVE,,,An error occurred (AccessDenied) when calling the SendEmail operation: User 'arn:aws:sts::856554457924:assumed-role/campaign_sender-role-iutfyimg/campaign_sender' is not authorized to perform 'ses:SendEmail' on resource 'arn:aws:ses:us-east-1:856554457924:identity/riya.kumar.cust002561@reactiva.example'
REACTIVA-2026-09,2026-09,CUST002579,Aditya Patel,aditya.patel.cust002579@reactiva.example,Running Shoes,Sneakers,Slippers,10,AKW6FO,3,PENDING,1,2026-09-03T00:05:47.563339,,,ACTIVE,,,An error occurred (AccessDenied) when calling the SendEmail operation: User 'arn:aws:sts::856554457924:assumed-role/campaign_sender-role-iutfyimg/campaign_sender' is not authorized to perform 'ses:SendEmail' on resource 'arn:aws:ses:us-east-1:856554457924:identity/aditya.patel.cust002579@reactiva.example'
REACTIVA-2026-09,2026-09,CUST002582,Aditi Saxena,aditi.saxena.cust002582@reactiva.example,Running Shoes,Sneakers,Slippers,10,XCEVW6,3,PENDING,1,2026-09-03T00:05:47.563339,,,ACTIVE,,,An error occurred (AccessDenied) when calling the SendEmail operation: User 'arn:aws:sts::856554457924:assumed-role/campaign_sender-role-iutfyimg/campaign_sender' is not authorized to perform 'ses:SendEmail' on resource 'arn:aws:ses:us-east-1:856554457924:identity/aditi.saxena.cust002582@reactiva.example'
REACTIVA-2026-09,2026-09,CUST002601,Pooja Singh,pooja.singh.cust002601@reactiva.example,Running Shoes,Sneakers,Slippers,10,UVAJ3X,3,PENDING,1,2026-09-03T00:05:47.563339,,,ACTIVE,,,An error occurred (AccessDenied) when calling the SendEmail operation: User 'arn:aws:sts::856554457924:assumed-role/campaign_sender-role-iutfyimg/campaign_sender' is not authorized to perform 'ses:SendEmail' on resource 'arn:aws:ses:us-east-1:856554457924:identity/gmj.analytics.ds@gmail.com'
REACTIVA-2026-09,2026-09,CUST002606,Kabir Mishra,kabir.mishra.cust002606@reactiva.example,Running Shoes,Sneakers,Slippers,10,YWY3WV,3,PENDING,1,2026-09-03T00:05:47.563339,,,ACTIVE,,,An error occurred (AccessDenied) when calling the SendEmail operation: User 'arn:aws:sts::856554457924:assumed-role/campaign_sender-role-iutfyimg/campaign_sender' is not authorized to perform 'ses:SendEmail' on resource 'arn:aws:ses:us-east-1:856554457924:identity/gmj.analytics.ds@gmail.com'
REACTIVA-2026-09,2026-09,CUST002622,Varun Mishra,varun.mishra.cust002622@reactiva.example,Bag,Sunglasses,Backpack,10,5VVDAM,3,PENDING,1,2026-09-03T00:05:47.563339,,,ACTIVE,,,An error occurred (AccessDenied) when calling the SendEmail operation: User 'arn:aws:sts::856554457924:assumed-role/campaign_sender-role-iutfyimg/campaign_sender' is not authorized to perform 'ses:SendEmail' on resource 'arn:aws:ses:us-east-1:856554457924:identity/gmj.analytics.ds@gmail.com'
REACTIVA-2026-09,2026-09,CUST002624,Sneha Chopra,sneha.chopra.cust002624@reactiva.example,Running Shoes,Sneakers,Slippers,10,H55FQT,3,PENDING,1,2026-09-03T00:05:47.563339,,,ACTIVE,,,An error occurred (AccessDenied) when calling the SendEmail operation: User 'arn:aws:sts::856554457924:assumed-role/campaign_sender-role-iutfyimg/campaign_sender' is not authorized to perform 'ses:SendEmail' on resource 'arn:aws:ses:us-east-1:856554457924:identity/sneha.chopra.cust002624@reactiva.example'
REACTIVA-2026-09,2026-09,CUST002640,Sameer Reddy,sameer.reddy.cust002640@reactiva.example,Bag,Sunglasses,Backpack,10,TNE3D7,3,PENDING,1,2026-09-03T00:05:47.563339,,,ACTIVE,,,An error occurred (AccessDenied) when calling the SendEmail operation: User 'arn:aws:sts::856554457924:assumed-role/campaign_sender-role-iutfyimg/campaign_sender' is not authorized to perform 'ses:SendEmail' on resource 'arn:aws:ses:us-east-1:856554457924:identity/gmj.analytics.ds@gmail.com'
REACTIVA-2026-09,2026-09,CUST002650,Riya Bhat,riya.bhat.cust002650@reactiva.example,Saree,Kurta,Jacket,10,QKQ7CA,3,PENDING,1,2026-09-03T00:05:47.563339,,,ACTIVE,,,An error occurred (AccessDenied) when calling the SendEmail operation: User 'arn:aws:sts::856554457924:assumed-role/campaign_sender-role-iutfyimg/campaign_sender' is not authorized to perform 'ses:SendEmail' on resource 'arn:aws:ses:us-east-1:856554457924:identity/riya.bhat.cust002650@reactiva.example'
REACTIVA-2026-09,2026-09,CUST002677,Varun Iyer,varun.iyer.cust002677@reactiva.example,Running Shoes,Sneakers,Slippers,10,YP2HF7,3,PENDING,1,2026-09-03T00:05:47.563339,,,ACTIVE,,,An error occurred (AccessDenied) when calling the SendEmail operation: User 'arn:aws:sts::856554457924:assumed-role/campaign_sender-role-iutfyimg/campaign_sender' is not authorized to perform 'ses:SendEmail' on resource 'arn:aws:ses:us-east-1:856554457924:identity/varun.iyer.cust002677@reactiva.example'
REACTIVA-2026-09,2026-09,CUST002679,Manish Saxena,manish.saxena.cust002679@reactiva.example,Bag,Sunglasses,Backpack,10,HAGBUD,3,PENDING,1,2026-09-03T00:05:47.563339,,,ACTIVE,,,An error occurred (AccessDenied) when calling the SendEmail operation: User 'arn:aws:sts::856554457924:assumed-role/campaign_sender-role-iutfyimg/campaign_sender' is not authorized to perform 'ses:SendEmail' on resource 'arn:aws:ses:us-east-1:856554457924:identity/gmj.analytics.ds@gmail.com'
REACTIVA-2026-09,2026-09,CUST002688,Ananya Chopra,ananya.chopra.cust002688@reactiva.example,Running Shoes,Sneakers,Slippers,10,XRECWU,3,PENDING,1,2026-09-03T00:05:47.563339,,,ACTIVE,,,An error occurred (AccessDenied) when calling the SendEmail operation: User 'arn:aws:sts::856554457924:assumed-role/campaign_sender-role-iutfyimg/campaign_sender' is not authorized to perform 'ses:SendEmail' on resource 'arn:aws:ses:us-east-1:856554457924:identity/ananya.chopra.cust002688@reactiva.example'
REACTIVA-2026-09,2026-09,CUST002763,Isha Rao,isha.rao.cust002763@reactiva.example,Bag,Sunglasses,Backpack,10,6OPZFA,3,PENDING,1,2026-09-03T00:05:47.563339,,,ACTIVE,,,An error occurred (AccessDenied) when calling the SendEmail operation: User 'arn:aws:sts::856554457924:assumed-role/campaign_sender-role-iutfyimg/campaign_sender' is not authorized to perform 'ses:SendEmail' on resource 'arn:aws:ses:us-east-1:856554457924:identity/isha.rao.cust002763@reactiva.example'
REACTIVA-2026-09,2026-09,CUST002777,Amit Gupta,amit.gupta.cust002777@reactiva.example,Running Shoes,Sneakers,Slippers,10,R6YJEW,3,PENDING,1,2026-09-03T00:05:47.563339,,,ACTIVE,,,An error occurred (AccessDenied) when calling the SendEmail operation: User 'arn:aws:sts::856554457924:assumed-role/campaign_sender-role-iutfyimg/campaign_sender' is not authorized to perform 'ses:SendEmail' on resource 'arn:aws:ses:us-east-1:856554457924:identity/gmj.analytics.ds@gmail.com'
REACTIVA-2026-09,2026-09,CUST002791,Priya Joshi,priya.joshi.cust002791@reactiva.example,Bag,Sunglasses,Backpack,10,7VZBJP,3,PENDING,1,2026-09-03T00:05:47.563339,,,ACTIVE,,,An error occurred (AccessDenied) when calling the SendEmail operation: User 'arn:aws:sts::856554457924:assumed-role/campaign_sender-role-iutfyimg/campaign_sender' is not authorized to perform 'ses:SendEmail' on resource 'arn:aws:ses:us-east-1:856554457924:identity/priya.joshi.cust002791@reactiva.example'
REACTIVA-2026-09,2026-09,CUST002808,Priya Singh,priya.singh.cust002808@reactiva.example,Bag,Sunglasses,Backpack,10,IDSPDS,3,PENDING,1,2026-09-03T00:05:47.563339,,,ACTIVE,,,An error occurred (AccessDenied) when calling the SendEmail operation: User 'arn:aws:sts::856554457924:assumed-role/campaign_sender-role-iutfyimg/campaign_sender' is not authorized to perform 'ses:SendEmail' on resource 'arn:aws:ses:us-east-1:856554457924:identity/priya.singh.cust002808@reactiva.example'
REACTIVA-2026-09,2026-09,CUST002828,Kavya Mehta,kavya.mehta.cust002828@reactiva.example,Bag,Sunglasses,Backpack,10,SG6SMY,3,PENDING,1,2026-09-03T00:05:47.563339,,,ACTIVE,,,An error occurred (AccessDenied) when calling the SendEmail operation: User 'arn:aws:sts::856554457924:assumed-role/campaign_sender-role-iutfyimg/campaign_sender' is not authorized to perform 'ses:SendEmail' on resource 'arn:aws:ses:us-east-1:856554457924:identity/gmj.analytics.ds@gmail.com'
REACTIVA-2026-09,2026-09,CUST002876,Nikhil Malhotra,nikhil.malhotra.cust002876@reactiva.example,Running Shoes,Sneakers,Slippers,10,HEOHET,3,PENDING,1,2026-09-03T00:05:47.563339,,,ACTIVE,,,An error occurred (AccessDenied) when calling the SendEmail operation: User 'arn:aws:sts::856554457924:assumed-role/campaign_sender-role-iutfyimg/campaign_sender' is not authorized to perform 'ses:SendEmail' on resource 'arn:aws:ses:us-east-1:856554457924:identity/gmj.analytics.ds@gmail.com'
REACTIVA-2026-09,2026-09,CUST002883,Rakesh Khanna,rakesh.khanna.cust002883@reactiva.example,Bag,Sunglasses,Backpack,10,FWNEGK,3,PENDING,1,2026-09-03T00:05:47.563339,,,ACTIVE,,,An error occurred (AccessDenied) when calling the SendEmail operation: User 'arn:aws:sts::856554457924:assumed-role/campaign_sender-role-iutfyimg/campaign_sender' is not authorized to perform 'ses:SendEmail' on resource 'arn:aws:ses:us-east-1:856554457924:identity/gmj.analytics.ds@gmail.com'
REACTIVA-2026-09,2026-09,CUST002891,Kavya Desai,kavya.desai.cust002891@reactiva.example,Saree,Kurta,Jacket,10,KHFSQL,3,PENDING,1,2026-09-03T00:05:47.563339,,,ACTIVE,,,An error occurred (AccessDenied) when calling the SendEmail operation: User 'arn:aws:sts::856554457924:assumed-role/campaign_sender-role-iutfyimg/campaign_sender' is not authorized to perform 'ses:SendEmail' on resource 'arn:aws:ses:us-east-1:856554457924:identity/kavya.desai.cust002891@reactiva.example'
REACTIVA-2026-09,2026-09,CUST002897,Sameer Chopra,sameer.chopra.cust002897@reactiva.example,Bag,Sunglasses,Backpack,10,MZAX6S,3,PENDING,1,2026-09-03T00:05:47.563339,,,ACTIVE,,,An error occurred (AccessDenied) when calling the SendEmail operation: User 'arn:aws:sts::856554457924:assumed-role/campaign_sender-role-iutfyimg/campaign_sender' is not authorized to perform 'ses:SendEmail' on resource 'arn:aws:ses:us-east-1:856554457924:identity/gmj.analytics.ds@gmail.com'
REACTIVA-2026-09,2026-09,CUST002906,Sameer Joshi,sameer.joshi.cust002906@reactiva.example,Bag,Sunglasses,Backpack,10,BUROKC,3,PENDING,1,2026-09-03T00:05:47.563339,,,ACTIVE,,,An error occurred (AccessDenied) when calling the SendEmail operation: User 'arn:aws:sts::856554457924:assumed-role/campaign_sender-role-iutfyimg/campaign_sender' is not authorized to perform 'ses:SendEmail' on resource 'arn:aws:ses:us-east-1:856554457924:identity/gmj.analytics.ds@gmail.com'
REACTIVA-2026-09,2026-09,CUST002915,Ravi Kumar,ravi.kumar.cust002915@reactiva.example,Saree,Kurta,Jacket,10,OMJB4O,3,PENDING,1,2026-09-03T00:05:47.563339,,,ACTIVE,,,An error occurred (AccessDenied) when calling the SendEmail operation: User 'arn:aws:sts::856554457924:assumed-role/campaign_sender-role-iutfyimg/campaign_sender' is not authorized to perform 'ses:SendEmail' on resource 'arn:aws:ses:us-east-1:856554457924:identity/ravi.kumar.cust002915@reactiva.example'
REACTIVA-2026-09,2026-09,CUST002927,Sneha Singh,sneha.singh.cust002927@reactiva.example,Bag,Sunglasses,Backpack,10,QT3I62,3,PENDING,1,2026-09-03T00:05:47.563339,,,ACTIVE,,,An error occurred (AccessDenied) when calling the SendEmail operation: User 'arn:aws:sts::856554457924:assumed-role/campaign_sender-role-iutfyimg/campaign_sender' is not authorized to perform 'ses:SendEmail' on resource 'arn:aws:ses:us-east-1:856554457924:identity/sneha.singh.cust002927@reactiva.example'
REACTIVA-2026-09,2026-09,CUST002928,Vivek Kumar,vivek.kumar.cust002928@reactiva.example,Saree,Kurta,Jacket,10,E5U7YR,3,PENDING,1,2026-09-03T00:05:47.563339,,,ACTIVE,,,An error occurred (AccessDenied) when calling the SendEmail operation: User 'arn:aws:sts::856554457924:assumed-role/campaign_sender-role-iutfyimg/campaign_sender' is not authorized to perform 'ses:SendEmail' on resource 'arn:aws:ses:us-east-1:856554457924:identity/vivek.kumar.cust002928@reactiva.example'
REACTIVA-2026-09,2026-09,CUST002957,Rohan Khanna,rohan.khanna.cust002957@reactiva.example,Bag,Sunglasses,Backpack,10,LMWF4N,3,PENDING,1,2026-09-03T00:05:47.563339,,,ACTIVE,,,An error occurred (AccessDenied) when calling the SendEmail operation: User 'arn:aws:sts::856554457924:assumed-role/campaign_sender-role-iutfyimg/campaign_sender' is not authorized to perform 'ses:SendEmail' on resource 'arn:aws:ses:us-east-1:856554457924:identity/gmj.analytics.ds@gmail.com'
REACTIVA-2026-09,2026-09,CUST002958,Vivek Verma,vivek.verma.cust002958@reactiva.example,Bag,Sunglasses,Backpack,10,ZHXIGR,3,PENDING,1,2026-09-03T00:05:47.563339,,,ACTIVE,,,An error occurred (AccessDenied) when calling the SendEmail operation: User 'arn:aws:sts::856554457924:assumed-role/campaign_sender-role-iutfyimg/campaign_sender' is not authorized to perform 'ses:SendEmail' on resource 'arn:aws:ses:us-east-1:856554457924:identity/vivek.verma.cust002958@reactiva.example'
REACTIVA-2026-09,2026-09,CUST002963,Priya Mehta,priya.mehta.cust002963@reactiva.example,Running Shoes,Sneakers,Slippers,10,3TL3M3,3,PENDING,1,2026-09-03T00:05:47.563339,,,ACTIVE,,,An error occurred (AccessDenied) when calling the SendEmail operation: User 'arn:aws:sts::856554457924:assumed-role/campaign_sender-role-iutfyimg/campaign_sender' is not authorized to perform 'ses:SendEmail' on resource 'arn:aws:ses:us-east-1:856554457924:identity/gmj.analytics.ds@gmail.com'
REACTIVA-2026-09,2026-09,CUST002970,Isha Khanna,isha.khanna.cust002970@reactiva.example,Running Shoes,Sneakers,Slippers,10,XZGIQP,3,PENDING,1,2026-09-03T00:05:47.563339,,,ACTIVE,,,An error occurred (AccessDenied) when calling the SendEmail operation: User 'arn:aws:sts::856554457924:assumed-role/campaign_sender-role-iutfyimg/campaign_sender' is not authorized to perform 'ses:SendEmail' on resource 'arn:aws:ses:us-east-1:856554457924:identity/gmj.analytics.ds@gmail.com'
REACTIVA-2026-09,2026-09,CUST002989,Aanya Mehta,aanya.mehta.cust002989@reactiva.example,Running Shoes,Sneakers,Slippers,10,GFUBFX,3,PENDING,1,2026-09-03T00:05:47.563339,,,ACTIVE,,,An error occurred (AccessDenied) when calling the SendEmail operation: User 'arn:aws:sts::856554457924:assumed-role/campaign_sender-role-iutfyimg/campaign_sender' is not authorized to perform 'ses:SendEmail' on resource 'arn:aws:ses:us-east-1:856554457924:identity/aanya.mehta.cust002989@reactiva.example'
REACTIVA-2026-09,2026-09,CUST003006,Rahul Bhat,rahul.bhat.cust003006@reactiva.example,Saree,Kurta,Jacket,10,LDYN46,3,PENDING,1,2026-09-03T00:05:47.563339,,,ACTIVE,,,An error occurred (AccessDenied) when calling the SendEmail operation: User 'arn:aws:sts::856554457924:assumed-role/campaign_sender-role-iutfyimg/campaign_sender' is not authorized to perform 'ses:SendEmail' on resource 'arn:aws:ses:us-east-1:856554457924:identity/rahul.bhat.cust003006@reactiva.example'
REACTIVA-2026-09,2026-09,CUST003025,Isha Kapoor,isha.kapoor.cust003025@reactiva.example,Bag,Sunglasses,Backpack,10,ERQW7J,3,PENDING,1,2026-09-03T00:05:47.563339,,,ACTIVE,,,An error occurred (AccessDenied) when calling the SendEmail operation: User 'arn:aws:sts::856554457924:assumed-role/campaign_sender-role-iutfyimg/campaign_sender' is not authorized to perform 'ses:SendEmail' on resource 'arn:aws:ses:us-east-1:856554457924:identity/gmj.analytics.ds@gmail.com'
REACTIVA-2026-09,2026-09,CUST003032,Varun Desai,varun.desai.cust003032@reactiva.example,Running Shoes,Sneakers,Slippers,10,5T2SGU,3,PENDING,1,2026-09-03T00:05:47.563339,,,ACTIVE,,,An error occurred (AccessDenied) when calling the SendEmail operation: User 'arn:aws:sts::856554457924:assumed-role/campaign_sender-role-iutfyimg/campaign_sender' is not authorized to perform 'ses:SendEmail' on resource 'arn:aws:ses:us-east-1:856554457924:identity/varun.desai.cust003032@reactiva.example'
REACTIVA-2026-09,2026-09,CUST003044,Meera Sharma,meera.sharma.cust003044@reactiva.example,Bag,Sunglasses,Backpack,10,FI77G7,3,PENDING,1,2026-09-03T00:05:47.563339,,,ACTIVE,,,An error occurred (AccessDenied) when calling the SendEmail operation: User 'arn:aws:sts::856554457924:assumed-role/campaign_sender-role-iutfyimg/campaign_sender' is not authorized to perform 'ses:SendEmail' on resource 'arn:aws:ses:us-east-1:856554457924:identity/gmj.analytics.ds@gmail.com'
REACTIVA-2026-09,2026-09,CUST003056,Varun Desai,varun.desai.cust003056@reactiva.example,Saree,Kurta,Jacket,10,NKQ2YJ,3,PENDING,1,2026-09-03T00:05:47.563339,,,ACTIVE,,,An error occurred (AccessDenied) when calling the SendEmail operation: User 'arn:aws:sts::856554457924:assumed-role/campaign_sender-role-iutfyimg/campaign_sender' is not authorized to perform 'ses:SendEmail' on resource 'arn:aws:ses:us-east-1:856554457924:identity/varun.desai.cust003056@reactiva.example'
REACTIVA-2026-09,2026-09,CUST003080,Arjun Rao,arjun.rao.cust003080@reactiva.example,Bag,Sunglasses,Backpack,10,KXP37A,3,PENDING,1,2026-09-03T00:05:47.563339,,,ACTIVE,,,An error occurred (AccessDenied) when calling the SendEmail operation: User 'arn:aws:sts::856554457924:assumed-role/campaign_sender-role-iutfyimg/campaign_sender' is not authorized to perform 'ses:SendEmail' on resource 'arn:aws:ses:us-east-1:856554457924:identity/gmj.analytics.ds@gmail.com'
REACTIVA-2026-09,2026-09,CUST003087,Anjali Chopra,anjali.chopra.cust003087@reactiva.example,Bag,Sunglasses,Backpack,10,37P6IG,3,PENDING,1,2026-09-03T00:05:47.563339,,,ACTIVE,,,An error occurred (AccessDenied) when calling the SendEmail operation: User 'arn:aws:sts::856554457924:assumed-role/campaign_sender-role-iutfyimg/campaign_sender' is not authorized to perform 'ses:SendEmail' on resource 'arn:aws:ses:us-east-1:856554457924:identity/gmj.analytics.ds@gmail.com'
REACTIVA-2026-09,2026-09,CUST003091,Sneha Chopra,sneha.chopra.cust003091@reactiva.example,Bag,Sunglasses,Backpack,10,GWRPCH,3,PENDING,1,2026-09-03T00:05:47.563339,,,ACTIVE,,,An error occurred (AccessDenied) when calling the SendEmail operation: User 'arn:aws:sts::856554457924:assumed-role/campaign_sender-role-iutfyimg/campaign_sender' is not authorized to perform 'ses:SendEmail' on resource 'arn:aws:ses:us-east-1:856554457924:identity/sneha.chopra.cust003091@reactiva.example'
REACTIVA-2026-09,2026-09,CUST003114,Amit Saxena,amit.saxena.cust003114@reactiva.example,Saree,Kurta,Jacket,10,JNC53G,3,PENDING,1,2026-09-03T00:05:47.563339,,,ACTIVE,,,An error occurred (AccessDenied) when calling the SendEmail operation: User 'arn:aws:sts::856554457924:assumed-role/campaign_sender-role-iutfyimg/campaign_sender' is not authorized to perform 'ses:SendEmail' on resource 'arn:aws:ses:us-east-1:856554457924:identity/gmj.analytics.ds@gmail.com'
REACTIVA-2026-09,2026-09,CUST003165,Tanya Kumar,tanya.kumar.cust003165@reactiva.example,Bag,Sunglasses,Backpack,10,DRCTOC,3,PENDING,1,2026-09-03T00:05:47.563339,,,ACTIVE,,,An error occurred (AccessDenied) when calling the SendEmail operation: User 'arn:aws:sts::856554457924:assumed-role/campaign_sender-role-iutfyimg/campaign_sender' is not authorized to perform 'ses:SendEmail' on resource 'arn:aws:ses:us-east-1:856554457924:identity/gmj.analytics.ds@gmail.com'
REACTIVA-2026-09,2026-09,CUST003169,Nisha Kumar,nisha.kumar.cust003169@reactiva.example,Saree,Kurta,Jacket,10,FYMGI7,3,PENDING,1,2026-09-03T00:05:47.563339,,,ACTIVE,,,An error occurred (AccessDenied) when calling the SendEmail operation: User 'arn:aws:sts::856554457924:assumed-role/campaign_sender-role-iutfyimg/campaign_sender' is not authorized to perform 'ses:SendEmail' on resource 'arn:aws:ses:us-east-1:856554457924:identity/gmj.analytics.ds@gmail.com'
REACTIVA-2026-09,2026-09,CUST003176,Vivek Patel,vivek.patel.cust003176@reactiva.example,Saree,Kurta,Jacket,10,2ZMEBJ,3,PENDING,1,2026-09-03T00:05:47.563339,,,ACTIVE,,,An error occurred (AccessDenied) when calling the SendEmail operation: User 'arn:aws:sts::856554457924:assumed-role/campaign_sender-role-iutfyimg/campaign_sender' is not authorized to perform 'ses:SendEmail' on resource 'arn:aws:ses:us-east-1:856554457924:identity/vivek.patel.cust003176@reactiva.example'
REACTIVA-2026-09,2026-09,CUST003186,Kavya Khanna,kavya.khanna.cust003186@reactiva.example,Bag,Sunglasses,Backpack,10,VZXTZH,3,PENDING,1,2026-09-03T00:05:47.563339,,,ACTIVE,,,An error occurred (AccessDenied) when calling the SendEmail operation: User 'arn:aws:sts::856554457924:assumed-role/campaign_sender-role-iutfyimg/campaign_sender' is not authorized to perform 'ses:SendEmail' on resource 'arn:aws:ses:us-east-1:856554457924:identity/kavya.khanna.cust003186@reactiva.example'
REACTIVA-2026-09,2026-09,CUST003192,Vivek Singh,vivek.singh.cust003192@reactiva.example,Bag,Sunglasses,Backpack,10,7ODMVR,3,PENDING,1,2026-09-03T00:05:47.563339,,,ACTIVE,,,An error occurred (AccessDenied) when calling the SendEmail operation: User 'arn:aws:sts::856554457924:assumed-role/campaign_sender-role-iutfyimg/campaign_sender' is not authorized to perform 'ses:SendEmail' on resource 'arn:aws:ses:us-east-1:856554457924:identity/gmj.analytics.ds@gmail.com'
REACTIVA-2026-09,2026-09,CUST003206,Diya Gupta,diya.gupta.cust003206@reactiva.example,Running Shoes,Sneakers,Slippers,10,CAHPBU,3,PENDING,1,2026-09-03T00:05:47.563339,,,ACTIVE,,,An error occurred (AccessDenied) when calling the SendEmail operation: User 'arn:aws:sts::856554457924:assumed-role/campaign_sender-role-iutfyimg/campaign_sender' is not authorized to perform 'ses:SendEmail' on resource 'arn:aws:ses:us-east-1:856554457924:identity/gmj.analytics.ds@gmail.com'
REACTIVA-2026-09,2026-09,CUST003207,Nisha Singh,nisha.singh.cust003207@reactiva.example,Saree,Kurta,Jacket,10,VRFAT4,3,PENDING,1,2026-09-03T00:05:47.563339,,,ACTIVE,,,An error occurred (AccessDenied) when calling the SendEmail operation: User 'arn:aws:sts::856554457924:assumed-role/campaign_sender-role-iutfyimg/campaign_sender' is not authorized to perform 'ses:SendEmail' on resource 'arn:aws:ses:us-east-1:856554457924:identity/gmj.analytics.ds@gmail.com'
REACTIVA-2026-09,2026-09,CUST003210,Meera Malhotra,meera.malhotra.cust003210@reactiva.example,Bag,Sunglasses,Backpack,10,L2N6SB,3,PENDING,1,2026-09-03T00:05:47.563339,,,ACTIVE,,,An error occurred (AccessDenied) when calling the SendEmail operation: User 'arn:aws:sts::856554457924:assumed-role/campaign_sender-role-iutfyimg/campaign_sender' is not authorized to perform 'ses:SendEmail' on resource 'arn:aws:ses:us-east-1:856554457924:identity/gmj.analytics.ds@gmail.com'
REACTIVA-2026-09,2026-09,CUST003236,Ananya Malhotra,ananya.malhotra.cust003236@reactiva.example,Saree,Kurta,Jacket,10,B5IHVK,3,PENDING,1,2026-09-03T00:05:47.563339,,,ACTIVE,,,An error occurred (AccessDenied) when calling the SendEmail operation: User 'arn:aws:sts::856554457924:assumed-role/campaign_sender-role-iutfyimg/campaign_sender' is not authorized to perform 'ses:SendEmail' on resource 'arn:aws:ses:us-east-1:856554457924:identity/gmj.analytics.ds@gmail.com'
REACTIVA-2026-09,2026-09,CUST003248,Meera Rao,meera.rao.cust003248@reactiva.example,Bag,Sunglasses,Backpack,10,4VLSPS,3,PENDING,1,2026-09-03T00:05:47.563339,,,ACTIVE,,,An error occurred (AccessDenied) when calling the SendEmail operation: User 'arn:aws:sts::856554457924:assumed-role/campaign_sender-role-iutfyimg/campaign_sender' is not authorized to perform 'ses:SendEmail' on resource 'arn:aws:ses:us-east-1:856554457924:identity/meera.rao.cust003248@reactiva.example'
REACTIVA-2026-09,2026-09,CUST003256,Nikhil Iyer,nikhil.iyer.cust003256@reactiva.example,Saree,Kurta,Jacket,10,XA2EMW,3,PENDING,1,2026-09-03T00:05:47.563339,,,ACTIVE,,,An error occurred (AccessDenied) when calling the SendEmail operation: User 'arn:aws:sts::856554457924:assumed-role/campaign_sender-role-iutfyimg/campaign_sender' is not authorized to perform 'ses:SendEmail' on resource 'arn:aws:ses:us-east-1:856554457924:identity/nikhil.iyer.cust003256@reactiva.example'
REACTIVA-2026-09,2026-09,CUST003313,Arjun Sharma,arjun.sharma.cust003313@reactiva.example,Running Shoes,Sneakers,Slippers,10,MHQFLC,3,PENDING,1,2026-09-03T00:05:47.563339,,,ACTIVE,,,An error occurred (AccessDenied) when calling the SendEmail operation: User 'arn:aws:sts::856554457924:assumed-role/campaign_sender-role-iutfyimg/campaign_sender' is not authorized to perform 'ses:SendEmail' on resource 'arn:aws:ses:us-east-1:856554457924:identity/arjun.sharma.cust003313@reactiva.example'
REACTIVA-2026-09,2026-09,CUST003338,Tanya Saxena,tanya.saxena.cust003338@reactiva.example,Saree,Kurta,Jacket,10,C5SUTA,3,PENDING,1,2026-09-03T00:05:47.563339,,,ACTIVE,,,An error occurred (AccessDenied) when calling the SendEmail operation: User 'arn:aws:sts::856554457924:assumed-role/campaign_sender-role-iutfyimg/campaign_sender' is not authorized to perform 'ses:SendEmail' on resource 'arn:aws:ses:us-east-1:856554457924:identity/tanya.saxena.cust003338@reactiva.example'
REACTIVA-2026-09,2026-09,CUST003346,Deepika Desai,deepika.desai.cust003346@reactiva.example,Saree,Kurta,Jacket,10,JPMSIZ,3,PENDING,1,2026-09-03T00:05:47.563339,,,ACTIVE,,,An error occurred (AccessDenied) when calling the SendEmail operation: User 'arn:aws:sts::856554457924:assumed-role/campaign_sender-role-iutfyimg/campaign_sender' is not authorized to perform 'ses:SendEmail' on resource 'arn:aws:ses:us-east-1:856554457924:identity/deepika.desai.cust003346@reactiva.example'
REACTIVA-2026-09,2026-09,CUST003417,Kavya Singh,kavya.singh.cust003417@reactiva.example,Bag,Sunglasses,Backpack,10,OYKW5U,3,PENDING,1,2026-09-03T00:05:47.563339,,,ACTIVE,,,An error occurred (AccessDenied) when calling the SendEmail operation: User 'arn:aws:sts::856554457924:assumed-role/campaign_sender-role-iutfyimg/campaign_sender' is not authorized to perform 'ses:SendEmail' on resource 'arn:aws:ses:us-east-1:856554457924:identity/gmj.analytics.ds@gmail.com'
REACTIVA-2026-09,2026-09,CUST003420,Isha Saxena,isha.saxena.cust003420@reactiva.example,Saree,Kurta,Jacket,10,GXMRMP,3,PENDING,1,2026-09-03T00:05:47.563339,,,ACTIVE,,,An error occurred (AccessDenied) when calling the SendEmail operation: User 'arn:aws:sts::856554457924:assumed-role/campaign_sender-role-iutfyimg/campaign_sender' is not authorized to perform 'ses:SendEmail' on resource 'arn:aws:ses:us-east-1:856554457924:identity/isha.saxena.cust003420@reactiva.example'
REACTIVA-2026-09,2026-09,CUST003453,Rakesh Chopra,rakesh.chopra.cust003453@reactiva.example,Running Shoes,Sneakers,Slippers,10,GI2QNB,3,PENDING,1,2026-09-03T00:05:47.563339,,,ACTIVE,,,An error occurred (AccessDenied) when calling the SendEmail operation: User 'arn:aws:sts::856554457924:assumed-role/campaign_sender-role-iutfyimg/campaign_sender' is not authorized to perform 'ses:SendEmail' on resource 'arn:aws:ses:us-east-1:856554457924:identity/rakesh.chopra.cust003453@reactiva.example'
REACTIVA-2026-09,2026-09,CUST003491,Tanya Iyer,tanya.iyer.cust003491@reactiva.example,Bag,Sunglasses,Backpack,10,YY6QIA,3,PENDING,1,2026-09-03T00:05:47.563339,,,ACTIVE,,,An error occurred (AccessDenied) when calling the SendEmail operation: User 'arn:aws:sts::856554457924:assumed-role/campaign_sender-role-iutfyimg/campaign_sender' is not authorized to perform 'ses:SendEmail' on resource 'arn:aws:ses:us-east-1:856554457924:identity/tanya.iyer.cust003491@reactiva.example'
REACTIVA-2026-09,2026-09,CUST000013,Anjali Reddy,anjali.reddy.cust000013@reactiva.example,Saree,Kurta,Jacket,10,NTOHAZ,4,PENDING,0,,,,ACTIVE,,,
REACTIVA-2026-09,2026-09,CUST000045,Sanjay Khanna,sanjay.khanna.cust000045@reactiva.example,Bag,Sunglasses,Backpack,10,OEL2KU,4,PENDING,0,,,,ACTIVE,,,
REACTIVA-2026-09,2026-09,CUST000055,Sonia Joshi,sonia.joshi.cust000055@reactiva.example,Saree,Kurta,Jacket,10,IZMSNT,4,PENDING,0,,,,ACTIVE,,,
REACTIVA-2026-09,2026-09,CUST000059,Ravi Bhat,ravi.bhat.cust000059@reactiva.example,Bag,Sunglasses,Backpack,10,Q6P4KS,4,PENDING,0,,,,ACTIVE,,,
REACTIVA-2026-09,2026-09,CUST000063,Varun Kumar,varun.kumar.cust000063@reactiva.example,Bag,Sunglasses,Backpack,10,3JG4YC,4,PENDING,0,,,,ACTIVE,,,
REACTIVA-2026-09,2026-09,CUST000069,Deepika Rao,deepika.rao.cust000069@reactiva.example,Saree,Kurta,Jacket,10,GPLC7W,4,PENDING,0,,,,ACTIVE,,,
REACTIVA-2026-09,2026-09,CUST000075,Sameer Desai,sameer.desai.cust000075@reactiva.example,Saree,Kurta,Jacket,10,OKV4EX,4,PENDING,0,,,,ACTIVE,,,
REACTIVA-2026-09,2026-09,CUST000097,Anjali Bhat,anjali.bhat.cust000097@reactiva.example,Bag,Sunglasses,Backpack,10,SV3GF2,4,PENDING,0,,,,ACTIVE,,,
REACTIVA-2026-09,2026-09,CUST000111,Sonia Kumar,sonia.kumar.cust000111@reactiva.example,Bag,Sunglasses,Backpack,10,NHE6S2,4,PENDING,0,,,,ACTIVE,,,
REACTIVA-2026-09,2026-09,CUST000139,Aditya Gupta,aditya.gupta.cust000139@reactiva.example,Running Shoes,Sneakers,Slippers,10,E27A4G,4,PENDING,0,,,,ACTIVE,,,
REACTIVA-2026-09,2026-09,CUST000154,Kiran Khanna,kiran.khanna.cust000154@reactiva.example,Bag,Sunglasses,Backpack,10,VZRNNO,4,PENDING,0,,,,ACTIVE,,,
REACTIVA-2026-09,2026-09,CUST000194,Varun Saxena,varun.saxena.cust000194@reactiva.example,Bag,Sunglasses,Backpack,10,Q5ZMTJ,4,PENDING,0,,,,ACTIVE,,,
REACTIVA-2026-09,2026-09,CUST000235,Arjun Malhotra,arjun.malhotra.cust000235@reactiva.example,Saree,Kurta,Jacket,10,MG7Z6L,4,PENDING,0,,,,ACTIVE,,,
REACTIVA-2026-09,2026-09,CUST000237,Tanya Khanna,tanya.khanna.cust000237@reactiva.example,Running Shoes,Sneakers,Slippers,10,GXUELU,4,PENDING,0,,,,ACTIVE,,,
REACTIVA-2026-09,2026-09,CUST000239,Dev Verma,dev.verma.cust000239@reactiva.example,Saree,Kurta,Jacket,10,5UTHNN,4,PENDING,0,,,,ACTIVE,,,
REACTIVA-2026-09,2026-09,CUST000346,Anjali Mehta,anjali.mehta.cust000346@reactiva.example,Bag,Sunglasses,Backpack,10,XROFTN,4,PENDING,0,,,,ACTIVE,,,
REACTIVA-2026-09,2026-09,CUST000351,Diya Malhotra,diya.malhotra.cust000351@reactiva.example,Bag,Sunglasses,Backpack,10,5JDCGN,4,PENDING,0,,,,ACTIVE,,,
REACTIVA-2026-09,2026-09,CUST000378,Aarav Saxena,aarav.saxena.cust000378@reactiva.example,Running Shoes,Sneakers,Slippers,10,A4D3I3,4,PENDING,0,,,,ACTIVE,,,
REACTIVA-2026-09,2026-09,CUST000398,Aarav Rao,aarav.rao.cust000398@reactiva.example,Running Shoes,Sneakers,Slippers,10,F5GBEN,4,PENDING,0,,,,ACTIVE,,,
REACTIVA-2026-09,2026-09,CUST000408,Meera Chopra,meera.chopra.cust000408@reactiva.example,Saree,Kurta,Jacket,10,MVXLWE,4,PENDING,0,,,,ACTIVE,,,
REACTIVA-2026-09,2026-09,CUST000409,Aditi Mehta,aditi.mehta.cust000409@reactiva.example,Saree,Kurta,Jacket,10,SMY3PD,4,PENDING,0,,,,ACTIVE,,,
REACTIVA-2026-09,2026-09,CUST000419,Rohan Chopra,rohan.chopra.cust000419@reactiva.example,Running Shoes,Sneakers,Slippers,10,YBJ6FK,4,PENDING,0,,,,ACTIVE,,,
REACTIVA-2026-09,2026-09,CUST000437,Sanjay Nair,sanjay.nair.cust000437@reactiva.example,Running Shoes,Sneakers,Slippers,10,MKQLL2,4,PENDING,0,,,,ACTIVE,,,
REACTIVA-2026-09,2026-09,CUST000442,Varun Malhotra,varun.malhotra.cust000442@reactiva.example,Bag,Sunglasses,Backpack,10,OWQOML,4,PENDING,0,,,,ACTIVE,,,
REACTIVA-2026-09,2026-09,CUST000445,Neha Iyer,neha.iyer.cust000445@reactiva.example,Bag,Sunglasses,Backpack,10,5UNTPP,4,PENDING,0,,,,ACTIVE,,,
REACTIVA-2026-09,2026-09,CUST000452,Aarav Mehta,aarav.mehta.cust000452@reactiva.example,Saree,Kurta,Jacket,10,KT64PL,4,PENDING,0,,,,ACTIVE,,,
REACTIVA-2026-09,2026-09,CUST000454,Pooja Verma,pooja.verma.cust000454@reactiva.example,Saree,Kurta,Jacket,10,P4AC3V,4,PENDING,0,,,,ACTIVE,,,
REACTIVA-2026-09,2026-09,CUST000467,Sonia Sharma,sonia.sharma.cust000467@reactiva.example,Running Shoes,Sneakers,Slippers,10,7SKU77,4,PENDING,0,,,,ACTIVE,,,
REACTIVA-2026-09,2026-09,CUST000471,Varun Nair,varun.nair.cust000471@reactiva.example,Saree,Kurta,Jacket,10,JZCOHV,4,PENDING,0,,,,ACTIVE,,,
REACTIVA-2026-09,2026-09,CUST000478,Sameer Joshi,sameer.joshi.cust000478@reactiva.example,Bag,Sunglasses,Backpack,10,HXQZG2,4,PENDING,0,,,,ACTIVE,,,
REACTIVA-2026-09,2026-09,CUST000483,Kavya Malhotra,kavya.malhotra.cust000483@reactiva.example,Saree,Kurta,Jacket,10,PW7BTY,4,PENDING,0,,,,ACTIVE,,,
REACTIVA-2026-09,2026-09,CUST000504,Dev Patel,dev.patel.cust000504@reactiva.example,Bag,Sunglasses,Backpack,10,37TYWH,4,PENDING,0,,,,ACTIVE,,,
REACTIVA-2026-09,2026-09,CUST000518,Kabir Rao,kabir.rao.cust000518@reactiva.example,Saree,Kurta,Jacket,10,QQ5RPY,4,PENDING,0,,,,ACTIVE,,,
REACTIVA-2026-09,2026-09,CUST000529,Diya Verma,diya.verma.cust000529@reactiva.example,Bag,Sunglasses,Backpack,10,UEEBPV,4,PENDING,0,,,,ACTIVE,,,
REACTIVA-2026-09,2026-09,CUST000556,Meera Reddy,meera.reddy.cust000556@reactiva.example,Saree,Kurta,Jacket,10,TJH2VK,4,PENDING,0,,,,ACTIVE,,,
REACTIVA-2026-09,2026-09,CUST000599,Sneha Mehta,sneha.mehta.cust000599@reactiva.example,Saree,Kurta,Jacket,10,QLGQX6,4,PENDING,0,,,,ACTIVE,,,
REACTIVA-2026-09,2026-09,CUST000611,Ravi Mishra,ravi.mishra.cust000611@reactiva.example,Running Shoes,Sneakers,Slippers,10,R6SFL5,4,PENDING,0,,,,ACTIVE,,,
REACTIVA-2026-09,2026-09,CUST000626,Akash Mehta,akash.mehta.cust000626@reactiva.example,Saree,Kurta,Jacket,10,UBDKRU,4,PENDING,0,,,,ACTIVE,,,
REACTIVA-2026-09,2026-09,CUST000657,Simran Joshi,simran.joshi.cust000657@reactiva.example,Saree,Kurta,Jacket,10,5SPJYU,4,PENDING,0,,,,ACTIVE,,,
REACTIVA-2026-09,2026-09,CUST000682,Dev Chopra,dev.chopra.cust000682@reactiva.example,Saree,Kurta,Jacket,10,RBKP4G,4,PENDING,0,,,,ACTIVE,,,
REACTIVA-2026-09,2026-09,CUST000687,Rohan Reddy,rohan.reddy.cust000687@reactiva.example,Saree,Kurta,Jacket,10,ZRIUYF,4,PENDING,0,,,,ACTIVE,,,
REACTIVA-2026-09,2026-09,CUST000688,Dev Malhotra,dev.malhotra.cust000688@reactiva.example,Bag,Sunglasses,Backpack,10,ULYQSY,4,PENDING,0,,,,ACTIVE,,,
REACTIVA-2026-09,2026-09,CUST000709,Vikram Saxena,vikram.saxena.cust000709@reactiva.example,Running Shoes,Sneakers,Slippers,10,QOIPE3,4,PENDING,0,,,,ACTIVE,,,
REACTIVA-2026-09,2026-09,CUST000711,Simran Bhat,simran.bhat.cust000711@reactiva.example,Saree,Kurta,Jacket,10,ZNO3MO,4,PENDING,0,,,,ACTIVE,,,
REACTIVA-2026-09,2026-09,CUST000713,Sneha Patel,sneha.patel.cust000713@reactiva.example,Saree,Kurta,Jacket,10,OG45WB,4,PENDING,0,,,,ACTIVE,,,
REACTIVA-2026-09,2026-09,CUST000721,Aarav Malhotra,aarav.malhotra.cust000721@reactiva.example,Saree,Kurta,Jacket,10,QJGRBQ,4,PENDING,0,,,,ACTIVE,,,
REACTIVA-2026-09,2026-09,CUST000725,Anjali Malhotra,anjali.malhotra.cust000725@reactiva.example,Bag,Sunglasses,Backpack,10,IAJ75H,4,PENDING,0,,,,ACTIVE,,,
REACTIVA-2026-09,2026-09,CUST000750,Nisha Desai,nisha.desai.cust000750@reactiva.example,Bag,Sunglasses,Backpack,10,5USSDQ,4,PENDING,0,,,,ACTIVE,,,
REACTIVA-2026-09,2026-09,CUST000753,Tanya Verma,tanya.verma.cust000753@reactiva.example,Bag,Sunglasses,Backpack,10,T66CJ5,4,PENDING,0,,,,ACTIVE,,,
REACTIVA-2026-09,2026-09,CUST000762,Sameer Iyer,sameer.iyer.cust000762@reactiva.example,Saree,Kurta,Jacket,10,MEDFBK,4,PENDING,0,,,,ACTIVE,,,
REACTIVA-2026-09,2026-09,CUST000798,Vivek Nair,vivek.nair.cust000798@reactiva.example,Running Shoes,Sneakers,Slippers,10,G47SXJ,4,PENDING,0,,,,ACTIVE,,,
REACTIVA-2026-09,2026-09,CUST000799,Sonia Desai,sonia.desai.cust000799@reactiva.example,Bag,Sunglasses,Backpack,10,C4IYDC,4,PENDING,0,,,,ACTIVE,,,
REACTIVA-2026-09,2026-09,CUST000803,Nisha Khanna,nisha.khanna.cust000803@reactiva.example,Saree,Kurta,Jacket,10,XBQ5WE,4,PENDING,0,,,,ACTIVE,,,
REACTIVA-2026-09,2026-09,CUST000818,Rakesh Rao,rakesh.rao.cust000818@reactiva.example,Bag,Sunglasses,Backpack,10,CC5E5A,4,PENDING,0,,,,ACTIVE,,,
REACTIVA-2026-09,2026-09,CUST000821,Pooja Bhat,pooja.bhat.cust000821@reactiva.example,Running Shoes,Sneakers,Slippers,10,Z7ZBXH,4,PENDING,0,,,,ACTIVE,,,
REACTIVA-2026-09,2026-09,CUST000822,Tanya Patel,tanya.patel.cust000822@reactiva.example,Saree,Kurta,Jacket,10,OBV2PX,4,PENDING,0,,,,ACTIVE,,,
REACTIVA-2026-09,2026-09,CUST000825,Sameer Kumar,sameer.kumar.cust000825@reactiva.example,Running Shoes,Sneakers,Slippers,10,RNZBSO,4,PENDING,0,,,,ACTIVE,,,
REACTIVA-2026-09,2026-09,CUST000843,Deepika Gupta,deepika.gupta.cust000843@reactiva.example,Running Shoes,Sneakers,Slippers,10,ZFX7CI,4,PENDING,0,,,,ACTIVE,,,
REACTIVA-2026-09,2026-09,CUST000869,Kabir Saxena,kabir.saxena.cust000869@reactiva.example,Saree,Kurta,Jacket,10,5WBCPZ,4,PENDING,0,,,,ACTIVE,,,
REACTIVA-2026-09,2026-09,CUST000871,Meera Chopra,meera.chopra.cust000871@reactiva.example,Saree,Kurta,Jacket,10,VJ5DTJ,4,PENDING,0,,,,ACTIVE,,,
REACTIVA-2026-09,2026-09,CUST000878,Ananya Patel,ananya.patel.cust000878@reactiva.example,Saree,Kurta,Jacket,10,7Y34KX,4,PENDING,0,,,,ACTIVE,,,
REACTIVA-2026-09,2026-09,CUST000901,Vivek Kapoor,vivek.kapoor.cust000901@reactiva.example,Saree,Kurta,Jacket,10,5ADGRL,4,PENDING,0,,,,ACTIVE,,,
REACTIVA-2026-09,2026-09,CUST000910,Rakesh Reddy,rakesh.reddy.cust000910@reactiva.example,Saree,Kurta,Jacket,10,WZLSZQ,4,PENDING,0,,,,ACTIVE,,,
REACTIVA-2026-09,2026-09,CUST000913,Aarav Khanna,aarav.khanna.cust000913@reactiva.example,Bag,Sunglasses,Backpack,10,CRJYCF,4,PENDING,0,,,,ACTIVE,,,
REACTIVA-2026-09,2026-09,CUST000923,Rakesh Kapoor,rakesh.kapoor.cust000923@reactiva.example,Running Shoes,Sneakers,Slippers,10,S4SPRG,4,PENDING,0,,,,ACTIVE,,,
REACTIVA-2026-09,2026-09,CUST000928,Akash Kapoor,akash.kapoor.cust000928@reactiva.example,Bag,Sunglasses,Backpack,10,6RRKFW,4,PENDING,0,,,,ACTIVE,,,
REACTIVA-2026-09,2026-09,CUST000939,Riya Chopra,riya.chopra.cust000939@reactiva.example,Running Shoes,Sneakers,Slippers,10,LV5WWE,4,PENDING,0,,,,ACTIVE,,,
REACTIVA-2026-09,2026-09,CUST000956,Divya Nair,divya.nair.cust000956@reactiva.example,Saree,Kurta,Jacket,10,GQE53W,4,PENDING,0,,,,ACTIVE,,,
REACTIVA-2026-09,2026-09,CUST001003,Priya Desai,priya.desai.cust001003@reactiva.example,Running Shoes,Sneakers,Slippers,10,UQ5FNZ,4,PENDING,0,,,,ACTIVE,,,
REACTIVA-2026-09,2026-09,CUST001026,Dev Mishra,dev.mishra.cust001026@reactiva.example,Saree,Kurta,Jacket,10,B6MTVZ,4,PENDING,0,,,,ACTIVE,,,
REACTIVA-2026-09,2026-09,CUST001034,Varun Iyer,varun.iyer.cust001034@reactiva.example,Bag,Sunglasses,Backpack,10,E5HWOT,4,PENDING,0,,,,ACTIVE,,,
REACTIVA-2026-09,2026-09,CUST001039,Diya Malhotra,diya.malhotra.cust001039@reactiva.example,Bag,Sunglasses,Backpack,10,XMJAGC,4,PENDING,0,,,,ACTIVE,,,
REACTIVA-2026-09,2026-09,CUST001040,Nikhil Khanna,nikhil.khanna.cust001040@reactiva.example,Bag,Sunglasses,Backpack,10,W4D2T6,4,PENDING,0,,,,ACTIVE,,,
REACTIVA-2026-09,2026-09,CUST001053,Rahul Gupta,rahul.gupta.cust001053@reactiva.example,Bag,Sunglasses,Backpack,10,DKWIEP,4,PENDING,0,,,,ACTIVE,,,
REACTIVA-2026-09,2026-09,CUST001102,Amit Joshi,amit.joshi.cust001102@reactiva.example,Saree,Kurta,Jacket,10,52MXNF,4,PENDING,0,,,,ACTIVE,,,
REACTIVA-2026-09,2026-09,CUST001104,Ravi Kapoor,ravi.kapoor.cust001104@reactiva.example,Saree,Kurta,Jacket,10,LGMSSF,4,PENDING,0,,,,ACTIVE,,,
REACTIVA-2026-09,2026-09,CUST001108,Akash Khanna,akash.khanna.cust001108@reactiva.example,Saree,Kurta,Jacket,10,S32Z6E,4,PENDING,0,,,,ACTIVE,,,
REACTIVA-2026-09,2026-09,CUST001122,Vikram Reddy,vikram.reddy.cust001122@reactiva.example,Running Shoes,Sneakers,Slippers,10,TBTXAC,4,PENDING,0,,,,ACTIVE,,,
REACTIVA-2026-09,2026-09,CUST001148,Anjali Mishra,anjali.mishra.cust001148@reactiva.example,Saree,Kurta,Jacket,10,ITNWQK,4,PENDING,0,,,,ACTIVE,,,
REACTIVA-2026-09,2026-09,CUST001162,Diya Nair,diya.nair.cust001162@reactiva.example,Running Shoes,Sneakers,Slippers,10,DGTFXC,4,PENDING,0,,,,ACTIVE,,,
REACTIVA-2026-09,2026-09,CUST001163,Sanjay Mehta,sanjay.mehta.cust001163@reactiva.example,Running Shoes,Sneakers,Slippers,10,PE5WDO,4,PENDING,0,,,,ACTIVE,,,
REACTIVA-2026-09,2026-09,CUST001181,Sneha Kapoor,sneha.kapoor.cust001181@reactiva.example,Running Shoes,Sneakers,Slippers,10,TN7RCA,4,PENDING,0,,,,ACTIVE,,,
REACTIVA-2026-09,2026-09,CUST001184,Isha Khanna,isha.khanna.cust001184@reactiva.example,Bag,Sunglasses,Backpack,10,7CNNA7,4,PENDING,0,,,,ACTIVE,,,
REACTIVA-2026-09,2026-09,CUST001229,Nikhil Rao,nikhil.rao.cust001229@reactiva.example,Running Shoes,Sneakers,Slippers,10,XVJTWG,4,PENDING,0,,,,ACTIVE,,,
REACTIVA-2026-09,2026-09,CUST001236,Kiran Singh,kiran.singh.cust001236@reactiva.example,Saree,Kurta,Jacket,10,3XSIGU,4,PENDING,0,,,,ACTIVE,,,
REACTIVA-2026-09,2026-09,CUST001271,Isha Nair,isha.nair.cust001271@reactiva.example,Running Shoes,Sneakers,Slippers,10,KFNOAR,4,PENDING,0,,,,ACTIVE,,,
REACTIVA-2026-09,2026-09,CUST001290,Rakesh Gupta,rakesh.gupta.cust001290@reactiva.example,Saree,Kurta,Jacket,10,3IWFLD,4,PENDING,0,,,,ACTIVE,,,
REACTIVA-2026-09,2026-09,CUST001301,Rohan Gupta,rohan.gupta.cust001301@reactiva.example,Saree,Kurta,Jacket,10,EYZF64,4,PENDING,0,,,,ACTIVE,,,
REACTIVA-2026-09,2026-09,CUST001307,Kavya Khanna,kavya.khanna.cust001307@reactiva.example,Saree,Kurta,Jacket,10,KKQLEO,4,PENDING,0,,,,ACTIVE,,,
REACTIVA-2026-09,2026-09,CUST001308,Aarav Kapoor,aarav.kapoor.cust001308@reactiva.example,Bag,Sunglasses,Backpack,10,A723SP,4,PENDING,0,,,,ACTIVE,,,
REACTIVA-2026-09,2026-09,CUST001315,Pooja Saxena,pooja.saxena.cust001315@reactiva.example,Saree,Kurta,Jacket,10,4BIBOQ,4,PENDING,0,,,,ACTIVE,,,
REACTIVA-2026-09,2026-09,CUST001323,Aditi Chopra,aditi.chopra.cust001323@reactiva.example,Running Shoes,Sneakers,Slippers,10,2X5BRQ,4,PENDING,0,,,,ACTIVE,,,
REACTIVA-2026-09,2026-09,CUST001329,Arjun Malhotra,arjun.malhotra.cust001329@reactiva.example,Saree,Kurta,Jacket,10,2BKEWJ,4,PENDING,0,,,,ACTIVE,,,
REACTIVA-2026-09,2026-09,CUST001347,Isha Patel,isha.patel.cust001347@reactiva.example,Saree,Kurta,Jacket,10,Z3RSDE,4,PENDING,0,,,,ACTIVE,,,
REACTIVA-2026-09,2026-09,CUST001349,Priya Gupta,priya.gupta.cust001349@reactiva.example,Saree,Kurta,Jacket,10,H2GLKU,4,PENDING,0,,,,ACTIVE,,,
REACTIVA-2026-09,2026-09,CUST001363,Isha Khanna,isha.khanna.cust001363@reactiva.example,Running Shoes,Sneakers,Slippers,10,D74QFV,4,PENDING,0,,,,ACTIVE,,,
REACTIVA-2026-09,2026-09,CUST001365,Neha Rao,neha.rao.cust001365@reactiva.example,Running Shoes,Sneakers,Slippers,10,BKSQWX,4,PENDING,0,,,,ACTIVE,,,
REACTIVA-2026-09,2026-09,CUST001387,Aditya Mishra,aditya.mishra.cust001387@reactiva.example,Saree,Kurta,Jacket,10,EQ7WEB,4,PENDING,0,,,,ACTIVE,,,
REACTIVA-2026-09,2026-09,CUST001390,Meera Kumar,meera.kumar.cust001390@reactiva.example,Bag,Sunglasses,Backpack,10,SXFSR3,4,PENDING,0,,,,ACTIVE,,,
REACTIVA-2026-09,2026-09,CUST001400,Anjali Iyer,anjali.iyer.cust001400@reactiva.example,Bag,Sunglasses,Backpack,10,JL4PUV,4,PENDING,0,,,,ACTIVE,,,
REACTIVA-2026-09,2026-09,CUST001405,Riya Khanna,riya.khanna.cust001405@reactiva.example,Saree,Kurta,Jacket,10,VUKPCS,4,PENDING,0,,,,ACTIVE,,,
REACTIVA-2026-09,2026-09,CUST001406,Neha Desai,neha.desai.cust001406@reactiva.example,Saree,Kurta,Jacket,10,5VQHM7,4,PENDING,0,,,,ACTIVE,,,
REACTIVA-2026-09,2026-09,CUST001407,Anjali Rao,anjali.rao.cust001407@reactiva.example,Saree,Kurta,Jacket,10,X7NEM6,4,PENDING,0,,,,ACTIVE,,,
REACTIVA-2026-09,2026-09,CUST001415,Manish Khanna,manish.khanna.cust001415@reactiva.example,Running Shoes,Sneakers,Slippers,10,L6R2SA,4,PENDING,0,,,,ACTIVE,,,
REACTIVA-2026-09,2026-09,CUST001422,Ananya Sharma,ananya.sharma.cust001422@reactiva.example,Bag,Sunglasses,Backpack,10,WFVDIO,4,PENDING,0,,,,ACTIVE,,,
REACTIVA-2026-09,2026-09,CUST001456,Divya Gupta,divya.gupta.cust001456@reactiva.example,Running Shoes,Sneakers,Slippers,10,FFYMA6,4,PENDING,0,,,,ACTIVE,,,
REACTIVA-2026-09,2026-09,CUST001480,Akash Patel,akash.patel.cust001480@reactiva.example,Bag,Sunglasses,Backpack,10,QBWZXG,4,PENDING,0,,,,ACTIVE,,,
REACTIVA-2026-09,2026-09,CUST001486,Sneha Reddy,sneha.reddy.cust001486@reactiva.example,Saree,Kurta,Jacket,10,FVKM7F,4,PENDING,0,,,,ACTIVE,,,
REACTIVA-2026-09,2026-09,CUST001490,Kavya Saxena,kavya.saxena.cust001490@reactiva.example,Running Shoes,Sneakers,Slippers,10,JQS4JY,4,PENDING,0,,,,ACTIVE,,,
REACTIVA-2026-09,2026-09,CUST001496,Aditi Kumar,aditi.kumar.cust001496@reactiva.example,Running Shoes,Sneakers,Slippers,10,WK7MVH,4,PENDING,0,,,,ACTIVE,,,
REACTIVA-2026-09,2026-09,CUST001530,Raj Gupta,raj.gupta.cust001530@reactiva.example,Bag,Sunglasses,Backpack,10,KLKET7,4,PENDING,0,,,,ACTIVE,,,
REACTIVA-2026-09,2026-09,CUST001545,Aarav Mehta,aarav.mehta.cust001545@reactiva.example,Saree,Kurta,Jacket,10,RCBESU,4,PENDING,0,,,,ACTIVE,,,
REACTIVA-2026-09,2026-09,CUST001561,Kabir Singh,kabir.singh.cust001561@reactiva.example,Saree,Kurta,Jacket,10,JHAKR5,4,PENDING,0,,,,ACTIVE,,,
REACTIVA-2026-09,2026-09,CUST001566,Nikhil Patel,nikhil.patel.cust001566@reactiva.example,Saree,Kurta,Jacket,10,ZIQG42,4,PENDING,0,,,,ACTIVE,,,
REACTIVA-2026-09,2026-09,CUST001604,Meera Sharma,meera.sharma.cust001604@reactiva.example,Saree,Kurta,Jacket,10,2BFOZF,4,PENDING,0,,,,ACTIVE,,,
REACTIVA-2026-09,2026-09,CUST001613,Sameer Nair,sameer.nair.cust001613@reactiva.example,Bag,Sunglasses,Backpack,10,DS5WNX,4,PENDING,0,,,,ACTIVE,,,
REACTIVA-2026-09,2026-09,CUST001617,Ananya Chopra,ananya.chopra.cust001617@reactiva.example,Bag,Sunglasses,Backpack,10,XJU5TO,4,PENDING,0,,,,ACTIVE,,,
REACTIVA-2026-09,2026-09,CUST001628,Tanya Reddy,tanya.reddy.cust001628@reactiva.example,Bag,Sunglasses,Backpack,10,3Z3NFJ,4,PENDING,0,,,,ACTIVE,,,
REACTIVA-2026-09,2026-09,CUST001648,Anjali Khanna,anjali.khanna.cust001648@reactiva.example,Running Shoes,Sneakers,Slippers,10,MMKR3A,4,PENDING,0,,,,ACTIVE,,,
REACTIVA-2026-09,2026-09,CUST001680,Sneha Malhotra,sneha.malhotra.cust001680@reactiva.example,Bag,Sunglasses,Backpack,10,7R2QNN,4,PENDING,0,,,,ACTIVE,,,
REACTIVA-2026-09,2026-09,CUST001689,Manish Saxena,manish.saxena.cust001689@reactiva.example,Bag,Sunglasses,Backpack,10,5PX6UL,4,PENDING,0,,,,ACTIVE,,,
REACTIVA-2026-09,2026-09,CUST001691,Nisha Verma,nisha.verma.cust001691@reactiva.example,Bag,Sunglasses,Backpack,10,NUHPLL,4,PENDING,0,,,,ACTIVE,,,
REACTIVA-2026-09,2026-09,CUST001699,Aditya Chopra,aditya.chopra.cust001699@reactiva.example,Bag,Sunglasses,Backpack,10,VGC6MJ,4,PENDING,0,,,,ACTIVE,,,
REACTIVA-2026-09,2026-09,CUST001705,Sanjay Chopra,sanjay.chopra.cust001705@reactiva.example,Saree,Kurta,Jacket,10,2DRYNK,4,PENDING,0,,,,ACTIVE,,,
REACTIVA-2026-09,2026-09,CUST001728,Priya Malhotra,priya.malhotra.cust001728@reactiva.example,Running Shoes,Sneakers,Slippers,10,HEWOLU,4,PENDING,0,,,,ACTIVE,,,
REACTIVA-2026-09,2026-09,CUST001734,Rakesh Singh,rakesh.singh.cust001734@reactiva.example,Bag,Sunglasses,Backpack,10,F2RQRY,4,PENDING,0,,,,ACTIVE,,,
REACTIVA-2026-09,2026-09,CUST001775,Neha Reddy,neha.reddy.cust001775@reactiva.example,Bag,Sunglasses,Backpack,10,EPQQF3,4,PENDING,0,,,,ACTIVE,,,
REACTIVA-2026-09,2026-09,CUST001782,Arjun Saxena,arjun.saxena.cust001782@reactiva.example,Saree,Kurta,Jacket,10,BKQLA2,4,PENDING,0,,,,ACTIVE,,,
REACTIVA-2026-09,2026-09,CUST001821,Divya Patel,divya.patel.cust001821@reactiva.example,Bag,Sunglasses,Backpack,10,LPCZZ2,4,PENDING,0,,,,ACTIVE,,,
REACTIVA-2026-09,2026-09,CUST001835,Divya Gupta,divya.gupta.cust001835@reactiva.example,Saree,Kurta,Jacket,10,7OM7U2,4,PENDING,0,,,,ACTIVE,,,
REACTIVA-2026-09,2026-09,CUST001869,Karan Malhotra,karan.malhotra.cust001869@reactiva.example,Bag,Sunglasses,Backpack,10,DPHFSF,4,PENDING,0,,,,ACTIVE,,,
REACTIVA-2026-09,2026-09,CUST001901,Dev Reddy,dev.reddy.cust001901@reactiva.example,Bag,Sunglasses,Backpack,10,FZ2TXQ,4,PENDING,0,,,,ACTIVE,,,
REACTIVA-2026-09,2026-09,CUST001904,Anjali Desai,anjali.desai.cust001904@reactiva.example,Saree,Kurta,Jacket,10,S3WAZZ,4,PENDING,0,,,,ACTIVE,,,
REACTIVA-2026-09,2026-09,CUST001908,Sonia Verma,sonia.verma.cust001908@reactiva.example,Bag,Sunglasses,Backpack,10,K2HIGW,4,PENDING,0,,,,ACTIVE,,,
REACTIVA-2026-09,2026-09,CUST001909,Ravi Chopra,ravi.chopra.cust001909@reactiva.example,Running Shoes,Sneakers,Slippers,10,HBJDOH,4,PENDING,0,,,,ACTIVE,,,
REACTIVA-2026-09,2026-09,CUST001948,Rakesh Malhotra,rakesh.malhotra.cust001948@reactiva.example,Saree,Kurta,Jacket,10,MBVCQW,4,PENDING,0,,,,ACTIVE,,,
REACTIVA-2026-09,2026-09,CUST001966,Kabir Patel,kabir.patel.cust001966@reactiva.example,Bag,Sunglasses,Backpack,10,FZGJC7,4,PENDING,0,,,,ACTIVE,,,
REACTIVA-2026-09,2026-09,CUST001977,Anjali Iyer,anjali.iyer.cust001977@reactiva.example,Bag,Sunglasses,Backpack,10,2MRYMJ,4,PENDING,0,,,,ACTIVE,,,
REACTIVA-2026-09,2026-09,CUST001988,Meera Verma,meera.verma.cust001988@reactiva.example,Bag,Sunglasses,Backpack,10,HY7XAH,4,PENDING,0,,,,ACTIVE,,,
REACTIVA-2026-09,2026-09,CUST002007,Rahul Nair,rahul.nair.cust002007@reactiva.example,Bag,Sunglasses,Backpack,10,XAEQGS,4,PENDING,0,,,,ACTIVE,,,
REACTIVA-2026-09,2026-09,CUST002010,Raj Saxena,raj.saxena.cust002010@reactiva.example,Running Shoes,Sneakers,Slippers,10,WRDRFA,4,PENDING,0,,,,ACTIVE,,,
REACTIVA-2026-09,2026-09,CUST002018,Simran Nair,simran.nair.cust002018@reactiva.example,Bag,Sunglasses,Backpack,10,EKDGFX,4,PENDING,0,,,,ACTIVE,,,
REACTIVA-2026-09,2026-09,CUST002038,Priya Chopra,priya.chopra.cust002038@reactiva.example,Saree,Kurta,Jacket,10,7POPOZ,4,PENDING,0,,,,ACTIVE,,,
REACTIVA-2026-09,2026-09,CUST002044,Amit Gupta,amit.gupta.cust002044@reactiva.example,Saree,Kurta,Jacket,10,HDPVDD,4,PENDING,0,,,,ACTIVE,,,
REACTIVA-2026-09,2026-09,CUST002047,Ravi Mehta,ravi.mehta.cust002047@reactiva.example,Saree,Kurta,Jacket,10,DIVWX4,4,PENDING,0,,,,ACTIVE,,,
REACTIVA-2026-09,2026-09,CUST002068,Rahul Malhotra,rahul.malhotra.cust002068@reactiva.example,Bag,Sunglasses,Backpack,10,G57SSV,4,PENDING,0,,,,ACTIVE,,,
REACTIVA-2026-09,2026-09,CUST002074,Meera Gupta,meera.gupta.cust002074@reactiva.example,Running Shoes,Sneakers,Slippers,10,XV2VG7,4,PENDING,0,,,,ACTIVE,,,
REACTIVA-2026-09,2026-09,CUST002107,Aditi Bhat,aditi.bhat.cust002107@reactiva.example,Saree,Kurta,Jacket,10,BFHQ4N,4,PENDING,0,,,,ACTIVE,,,
REACTIVA-2026-09,2026-09,CUST002115,Isha Iyer,isha.iyer.cust002115@reactiva.example,Running Shoes,Sneakers,Slippers,10,EIDHXF,4,PENDING,0,,,,ACTIVE,,,
REACTIVA-2026-09,2026-09,CUST002137,Manish Reddy,manish.reddy.cust002137@reactiva.example,Running Shoes,Sneakers,Slippers,10,PEG7EA,4,PENDING,0,,,,ACTIVE,,,
REACTIVA-2026-09,2026-09,CUST002138,Vivek Patel,vivek.patel.cust002138@reactiva.example,Saree,Kurta,Jacket,10,AHM4F3,4,PENDING,0,,,,ACTIVE,,,
REACTIVA-2026-09,2026-09,CUST002140,Dev Khanna,dev.khanna.cust002140@reactiva.example,Running Shoes,Sneakers,Slippers,10,HXI4WS,4,PENDING,0,,,,ACTIVE,,,
REACTIVA-2026-09,2026-09,CUST002163,Vikram Verma,vikram.verma.cust002163@reactiva.example,Bag,Sunglasses,Backpack,10,Q3JE6O,4,PENDING,0,,,,ACTIVE,,,
REACTIVA-2026-09,2026-09,CUST002164,Rohan Desai,rohan.desai.cust002164@reactiva.example,Bag,Sunglasses,Backpack,10,IE3BHA,4,PENDING,0,,,,ACTIVE,,,
REACTIVA-2026-09,2026-09,CUST002165,Manish Mishra,manish.mishra.cust002165@reactiva.example,Running Shoes,Sneakers,Slippers,10,VUYVOS,4,PENDING,0,,,,ACTIVE,,,
REACTIVA-2026-09,2026-09,CUST002192,Dev Mehta,dev.mehta.cust002192@reactiva.example,Running Shoes,Sneakers,Slippers,10,Q7JN2U,4,PENDING,0,,,,ACTIVE,,,
REACTIVA-2026-09,2026-09,CUST002200,Aditi Rao,aditi.rao.cust002200@reactiva.example,Bag,Sunglasses,Backpack,10,OYPFUW,4,PENDING,0,,,,ACTIVE,,,
REACTIVA-2026-09,2026-09,CUST002201,Priya Reddy,priya.reddy.cust002201@reactiva.example,Bag,Sunglasses,Backpack,10,VD4OIZ,4,PENDING,0,,,,ACTIVE,,,
REACTIVA-2026-09,2026-09,CUST002217,Aanya Khanna,aanya.khanna.cust002217@reactiva.example,Bag,Sunglasses,Backpack,10,MKGRJF,4,PENDING,0,,,,ACTIVE,,,
REACTIVA-2026-09,2026-09,CUST002219,Nikhil Kumar,nikhil.kumar.cust002219@reactiva.example,Saree,Kurta,Jacket,10,OWIHY6,4,PENDING,0,,,,ACTIVE,,,
REACTIVA-2026-09,2026-09,CUST002231,Riya Mehta,riya.mehta.cust002231@reactiva.example,Bag,Sunglasses,Backpack,10,T6W5MK,4,PENDING,0,,,,ACTIVE,,,
REACTIVA-2026-09,2026-09,CUST002236,Raj Kumar,raj.kumar.cust002236@reactiva.example,Bag,Sunglasses,Backpack,10,NVIVM7,4,PENDING,0,,,,ACTIVE,,,
REACTIVA-2026-09,2026-09,CUST002256,Amit Sharma,amit.sharma.cust002256@reactiva.example,Saree,Kurta,Jacket,10,GIUFVK,4,PENDING,0,,,,ACTIVE,,,
REACTIVA-2026-09,2026-09,CUST002291,Riya Gupta,riya.gupta.cust002291@reactiva.example,Saree,Kurta,Jacket,10,LHBQNC,4,PENDING,0,,,,ACTIVE,,,
REACTIVA-2026-09,2026-09,CUST002343,Manish Nair,manish.nair.cust002343@reactiva.example,Running Shoes,Sneakers,Slippers,10,3P7RNZ,4,PENDING,0,,,,ACTIVE,,,
REACTIVA-2026-09,2026-09,CUST002374,Sameer Rao,sameer.rao.cust002374@reactiva.example,Bag,Sunglasses,Backpack,10,US2OVZ,4,PENDING,0,,,,ACTIVE,,,
REACTIVA-2026-09,2026-09,CUST002389,Sameer Singh,sameer.singh.cust002389@reactiva.example,Saree,Kurta,Jacket,10,GC6KBB,4,PENDING,0,,,,ACTIVE,,,
REACTIVA-2026-09,2026-09,CUST002437,Rohan Mishra,rohan.mishra.cust002437@reactiva.example,Saree,Kurta,Jacket,10,P34SXD,4,PENDING,0,,,,ACTIVE,,,
REACTIVA-2026-09,2026-09,CUST002458,Amit Kumar,amit.kumar.cust002458@reactiva.example,Bag,Sunglasses,Backpack,10,PS6BTP,4,PENDING,0,,,,ACTIVE,,,
REACTIVA-2026-09,2026-09,CUST002469,Nikhil Khanna,nikhil.khanna.cust002469@reactiva.example,Saree,Kurta,Jacket,10,ULK5CV,4,PENDING,0,,,,ACTIVE,,,
REACTIVA-2026-09,2026-09,CUST002483,Nikhil Rao,nikhil.rao.cust002483@reactiva.example,Running Shoes,Sneakers,Slippers,10,DF4OAJ,4,PENDING,0,,,,ACTIVE,,,
REACTIVA-2026-09,2026-09,CUST002514,Akash Sharma,akash.sharma.cust002514@reactiva.example,Bag,Sunglasses,Backpack,10,NUV7RS,4,PENDING,0,,,,ACTIVE,,,
REACTIVA-2026-09,2026-09,CUST002539,Kavya Rao,kavya.rao.cust002539@reactiva.example,Running Shoes,Sneakers,Slippers,10,H65ADU,4,PENDING,0,,,,ACTIVE,,,
REACTIVA-2026-09,2026-09,CUST002546,Kabir Reddy,kabir.reddy.cust002546@reactiva.example,Saree,Kurta,Jacket,10,V6NJ65,4,PENDING,0,,,,ACTIVE,,,
REACTIVA-2026-09,2026-09,CUST002572,Arjun Rao,arjun.rao.cust002572@reactiva.example,Bag,Sunglasses,Backpack,10,PY2JYU,4,PENDING,0,,,,ACTIVE,,,
REACTIVA-2026-09,2026-09,CUST002586,Karan Reddy,karan.reddy.cust002586@reactiva.example,Bag,Sunglasses,Backpack,10,OSTRNC,4,PENDING,0,,,,ACTIVE,,,
REACTIVA-2026-09,2026-09,CUST002594,Nisha Saxena,nisha.saxena.cust002594@reactiva.example,Saree,Kurta,Jacket,10,IMGT3R,4,PENDING,0,,,,ACTIVE,,,
REACTIVA-2026-09,2026-09,CUST002607,Amit Kapoor,amit.kapoor.cust002607@reactiva.example,Running Shoes,Sneakers,Slippers,10,K4RZRI,4,PENDING,0,,,,ACTIVE,,,
REACTIVA-2026-09,2026-09,CUST002641,Sameer Reddy,sameer.reddy.cust002641@reactiva.example,Running Shoes,Sneakers,Slippers,10,GXEEJA,4,PENDING,0,,,,ACTIVE,,,
REACTIVA-2026-09,2026-09,CUST002642,Amit Joshi,amit.joshi.cust002642@reactiva.example,Running Shoes,Sneakers,Slippers,10,KKCR4J,4,PENDING,0,,,,ACTIVE,,,
REACTIVA-2026-09,2026-09,CUST002669,Simran Khanna,simran.khanna.cust002669@reactiva.example,Saree,Kurta,Jacket,10,A3SEJI,4,PENDING,0,,,,ACTIVE,,,
REACTIVA-2026-09,2026-09,CUST002672,Ananya Sharma,ananya.sharma.cust002672@reactiva.example,Bag,Sunglasses,Backpack,10,GQLCQI,4,PENDING,0,,,,ACTIVE,,,
REACTIVA-2026-09,2026-09,CUST002681,Varun Rao,varun.rao.cust002681@reactiva.example,Saree,Kurta,Jacket,10,MC3OX4,4,PENDING,0,,,,ACTIVE,,,
REACTIVA-2026-09,2026-09,CUST002687,Akash Verma,akash.verma.cust002687@reactiva.example,Bag,Sunglasses,Backpack,10,MW5SAK,4,PENDING,0,,,,ACTIVE,,,
REACTIVA-2026-09,2026-09,CUST002701,Arjun Kapoor,arjun.kapoor.cust002701@reactiva.example,Running Shoes,Sneakers,Slippers,10,FD4GO2,4,PENDING,0,,,,ACTIVE,,,
REACTIVA-2026-09,2026-09,CUST002737,Sonia Patel,sonia.patel.cust002737@reactiva.example,Saree,Kurta,Jacket,10,TXSH5I,4,PENDING,0,,,,ACTIVE,,,
REACTIVA-2026-09,2026-09,CUST002747,Sanjay Gupta,sanjay.gupta.cust002747@reactiva.example,Saree,Kurta,Jacket,10,Z4CQ7Z,4,PENDING,0,,,,ACTIVE,,,
REACTIVA-2026-09,2026-09,CUST002748,Aditi Chopra,aditi.chopra.cust002748@reactiva.example,Running Shoes,Sneakers,Slippers,10,SVF7XW,4,PENDING,0,,,,ACTIVE,,,
REACTIVA-2026-09,2026-09,CUST002788,Sameer Verma,sameer.verma.cust002788@reactiva.example,Saree,Kurta,Jacket,10,2PZY3J,4,PENDING,0,,,,ACTIVE,,,
REACTIVA-2026-09,2026-09,CUST002816,Sameer Mehta,sameer.mehta.cust002816@reactiva.example,Running Shoes,Sneakers,Slippers,10,44QZWC,4,PENDING,0,,,,ACTIVE,,,
REACTIVA-2026-09,2026-09,CUST002819,Kavya Khanna,kavya.khanna.cust002819@reactiva.example,Saree,Kurta,Jacket,10,V6FQHT,4,PENDING,0,,,,ACTIVE,,,
REACTIVA-2026-09,2026-09,CUST002824,Aditi Sharma,aditi.sharma.cust002824@reactiva.example,Running Shoes,Sneakers,Slippers,10,G6KRAW,4,PENDING,0,,,,ACTIVE,,,
REACTIVA-2026-09,2026-09,CUST002827,Riya Saxena,riya.saxena.cust002827@reactiva.example,Saree,Kurta,Jacket,10,OC7QMX,4,PENDING,0,,,,ACTIVE,,,
REACTIVA-2026-09,2026-09,CUST002829,Kiran Verma,kiran.verma.cust002829@reactiva.example,Saree,Kurta,Jacket,10,CBUWN7,4,PENDING,0,,,,ACTIVE,,,
REACTIVA-2026-09,2026-09,CUST002838,Tanya Mishra,tanya.mishra.cust002838@reactiva.example,Saree,Kurta,Jacket,10,45RJRZ,4,PENDING,0,,,,ACTIVE,,,
REACTIVA-2026-09,2026-09,CUST002843,Aditya Saxena,aditya.saxena.cust002843@reactiva.example,Running Shoes,Sneakers,Slippers,10,I2KMKS,4,PENDING,0,,,,ACTIVE,,,
REACTIVA-2026-09,2026-09,CUST002849,Nisha Chopra,nisha.chopra.cust002849@reactiva.example,Running Shoes,Sneakers,Slippers,10,D6HL5A,4,PENDING,0,,,,ACTIVE,,,
REACTIVA-2026-09,2026-09,CUST002867,Dev Saxena,dev.saxena.cust002867@reactiva.example,Bag,Sunglasses,Backpack,10,B7QD5N,4,PENDING,0,,,,ACTIVE,,,
REACTIVA-2026-09,2026-09,CUST002877,Kavya Chopra,kavya.chopra.cust002877@reactiva.example,Saree,Kurta,Jacket,10,BA2VKO,4,PENDING,0,,,,ACTIVE,,,
REACTIVA-2026-09,2026-09,CUST002895,Diya Kumar,diya.kumar.cust002895@reactiva.example,Running Shoes,Sneakers,Slippers,10,JSDQY2,4,PENDING,0,,,,ACTIVE,,,
REACTIVA-2026-09,2026-09,CUST002902,Isha Sharma,isha.sharma.cust002902@reactiva.example,Saree,Kurta,Jacket,10,OKK5U7,4,PENDING,0,,,,ACTIVE,,,
REACTIVA-2026-09,2026-09,CUST002936,Kabir Desai,kabir.desai.cust002936@reactiva.example,Running Shoes,Sneakers,Slippers,10,TQMFAJ,4,PENDING,0,,,,ACTIVE,,,
REACTIVA-2026-09,2026-09,CUST002981,Sameer Sharma,sameer.sharma.cust002981@reactiva.example,Saree,Kurta,Jacket,10,KHYDYW,4,PENDING,0,,,,ACTIVE,,,
REACTIVA-2026-09,2026-09,CUST002984,Sneha Mehta,sneha.mehta.cust002984@reactiva.example,Bag,Sunglasses,Backpack,10,W7EL4J,4,PENDING,0,,,,ACTIVE,,,
REACTIVA-2026-09,2026-09,CUST002985,Anjali Saxena,anjali.saxena.cust002985@reactiva.example,Bag,Sunglasses,Backpack,10,RRYY2H,4,PENDING,0,,,,ACTIVE,,,
REACTIVA-2026-09,2026-09,CUST003007,Nisha Verma,nisha.verma.cust003007@reactiva.example,Bag,Sunglasses,Backpack,10,HGZPMX,4,PENDING,0,,,,ACTIVE,,,
REACTIVA-2026-09,2026-09,CUST003016,Sonia Singh,sonia.singh.cust003016@reactiva.example,Saree,Kurta,Jacket,10,ULKB44,4,PENDING,0,,,,ACTIVE,,,
REACTIVA-2026-09,2026-09,CUST003024,Isha Iyer,isha.iyer.cust003024@reactiva.example,Bag,Sunglasses,Backpack,10,PXV45R,4,PENDING,0,,,,ACTIVE,,,
REACTIVA-2026-09,2026-09,CUST003027,Aditi Joshi,aditi.joshi.cust003027@reactiva.example,Saree,Kurta,Jacket,10,ZEKVOU,4,PENDING,0,,,,ACTIVE,,,
REACTIVA-2026-09,2026-09,CUST003031,Neha Nair,neha.nair.cust003031@reactiva.example,Saree,Kurta,Jacket,10,OV2BPH,4,PENDING,0,,,,ACTIVE,,,
REACTIVA-2026-09,2026-09,CUST003064,Sanjay Mehta,sanjay.mehta.cust003064@reactiva.example,Bag,Sunglasses,Backpack,10,ST7KHK,4,PENDING,0,,,,ACTIVE,,,
REACTIVA-2026-09,2026-09,CUST003067,Pooja Khanna,pooja.khanna.cust003067@reactiva.example,Saree,Kurta,Jacket,10,VQ4IRJ,4,PENDING,0,,,,ACTIVE,,,
REACTIVA-2026-09,2026-09,CUST003085,Dev Reddy,dev.reddy.cust003085@reactiva.example,Running Shoes,Sneakers,Slippers,10,VJKZ2I,4,PENDING,0,,,,ACTIVE,,,
REACTIVA-2026-09,2026-09,CUST003111,Simran Kapoor,simran.kapoor.cust003111@reactiva.example,Running Shoes,Sneakers,Slippers,10,KNABQG,4,PENDING,0,,,,ACTIVE,,,
REACTIVA-2026-09,2026-09,CUST003130,Kiran Gupta,kiran.gupta.cust003130@reactiva.example,Running Shoes,Sneakers,Slippers,10,CWY5JM,4,PENDING,0,,,,ACTIVE,,,
REACTIVA-2026-09,2026-09,CUST003134,Kavya Patel,kavya.patel.cust003134@reactiva.example,Running Shoes,Sneakers,Slippers,10,2JFFHQ,4,PENDING,0,,,,ACTIVE,,,
REACTIVA-2026-09,2026-09,CUST003168,Akash Mehta,akash.mehta.cust003168@reactiva.example,Saree,Kurta,Jacket,10,QOSIGT,4,PENDING,0,,,,ACTIVE,,,
REACTIVA-2026-09,2026-09,CUST003199,Karan Chopra,karan.chopra.cust003199@reactiva.example,Saree,Kurta,Jacket,10,T2GG6H,4,PENDING,0,,,,ACTIVE,,,
REACTIVA-2026-09,2026-09,CUST003212,Neha Patel,neha.patel.cust003212@reactiva.example,Saree,Kurta,Jacket,10,NEQUX6,4,PENDING,0,,,,ACTIVE,,,
REACTIVA-2026-09,2026-09,CUST003230,Sanjay Bhat,sanjay.bhat.cust003230@reactiva.example,Bag,Sunglasses,Backpack,10,36EHNC,4,PENDING,0,,,,ACTIVE,,,
REACTIVA-2026-09,2026-09,CUST003233,Aanya Bhat,aanya.bhat.cust003233@reactiva.example,Bag,Sunglasses,Backpack,10,4OTZNA,4,PENDING,0,,,,ACTIVE,,,
REACTIVA-2026-09,2026-09,CUST003257,Rakesh Singh,rakesh.singh.cust003257@reactiva.example,Running Shoes,Sneakers,Slippers,10,52ZGRE,4,PENDING,0,,,,ACTIVE,,,
REACTIVA-2026-09,2026-09,CUST003272,Riya Chopra,riya.chopra.cust003272@reactiva.example,Running Shoes,Sneakers,Slippers,10,LFBPA6,4,PENDING,0,,,,ACTIVE,,,
REACTIVA-2026-09,2026-09,CUST003288,Diya Reddy,diya.reddy.cust003288@reactiva.example,Running Shoes,Sneakers,Slippers,10,DWRS2Y,4,PENDING,0,,,,ACTIVE,,,
REACTIVA-2026-09,2026-09,CUST003289,Priya Mehta,priya.mehta.cust003289@reactiva.example,Bag,Sunglasses,Backpack,10,A6K3JA,4,PENDING,0,,,,ACTIVE,,,
REACTIVA-2026-09,2026-09,CUST003291,Riya Desai,riya.desai.cust003291@reactiva.example,Saree,Kurta,Jacket,10,25LR7F,4,PENDING,0,,,,ACTIVE,,,
REACTIVA-2026-09,2026-09,CUST003295,Sonia Rao,sonia.rao.cust003295@reactiva.example,Saree,Kurta,Jacket,10,J6XQX2,4,PENDING,0,,,,ACTIVE,,,
REACTIVA-2026-09,2026-09,CUST003342,Aditya Kapoor,aditya.kapoor.cust003342@reactiva.example,Saree,Kurta,Jacket,10,V3SG57,4,PENDING,0,,,,ACTIVE,,,
REACTIVA-2026-09,2026-09,CUST003351,Arjun Gupta,arjun.gupta.cust003351@reactiva.example,Running Shoes,Sneakers,Slippers,10,VKXSWY,4,PENDING,0,,,,ACTIVE,,,
REACTIVA-2026-09,2026-09,CUST003359,Sanjay Mehta,sanjay.mehta.cust003359@reactiva.example,Bag,Sunglasses,Backpack,10,3ZDVA5,4,PENDING,0,,,,ACTIVE,,,
REACTIVA-2026-09,2026-09,CUST003381,Pooja Mishra,pooja.mishra.cust003381@reactiva.example,Saree,Kurta,Jacket,10,POBBZZ,4,PENDING,0,,,,ACTIVE,,,
REACTIVA-2026-09,2026-09,CUST003395,Nisha Patel,nisha.patel.cust003395@reactiva.example,Saree,Kurta,Jacket,10,LTSJ5O,4,PENDING,0,,,,ACTIVE,,,
REACTIVA-2026-09,2026-09,CUST003437,Aanya Sharma,aanya.sharma.cust003437@reactiva.example,Saree,Kurta,Jacket,10,SW6HIL,4,PENDING,0,,,,ACTIVE,,,
REACTIVA-2026-09,2026-09,CUST003438,Vikram Bhat,vikram.bhat.cust003438@reactiva.example,Bag,Sunglasses,Backpack,10,6BEBBT,4,PENDING,0,,,,ACTIVE,,,
REACTIVA-2026-09,2026-09,CUST003448,Deepika Mishra,deepika.mishra.cust003448@reactiva.example,Bag,Sunglasses,Backpack,10,ZTHVOB,4,PENDING,0,,,,ACTIVE,,,
REACTIVA-2026-09,2026-09,CUST003494,Divya Rao,divya.rao.cust003494@reactiva.example,Bag,Sunglasses,Backpack,10,65IU7V,4,PENDING,0,,,,ACTIVE,,,
REACTIVA-2026-09,2026-09,CUST003500,Rohan Khanna,rohan.khanna.cust003500@reactiva.example,Saree,Kurta,Jacket,10,3BCVRW,4,PENDING,0,,,,ACTIVE,,,
REACTIVA-2026-09,2026-09,CUST000056,Priya Kapoor,priya.kapoor.cust000056@reactiva.example,Running Shoes,Sneakers,Slippers,10,Z4JJBH,5,PENDING,0,,,,ACTIVE,,,
REACTIVA-2026-09,2026-09,CUST000067,Pooja Kumar,pooja.kumar.cust000067@reactiva.example,Saree,Kurta,Jacket,10,3LPJ3L,5,PENDING,0,,,,ACTIVE,,,
REACTIVA-2026-09,2026-09,CUST000071,Rohan Mehta,rohan.mehta.cust000071@reactiva.example,Running Shoes,Sneakers,Slippers,10,GFQ6TD,5,PENDING,0,,,,ACTIVE,,,
REACTIVA-2026-09,2026-09,CUST000079,Arjun Reddy,arjun.reddy.cust000079@reactiva.example,Saree,Kurta,Jacket,10,2PTDN5,5,PENDING,0,,,,ACTIVE,,,
REACTIVA-2026-09,2026-09,CUST000082,Diya Kumar,diya.kumar.cust000082@reactiva.example,Saree,Kurta,Jacket,10,5LMMMY,5,PENDING,0,,,,ACTIVE,,,
REACTIVA-2026-09,2026-09,CUST000101,Meera Iyer,meera.iyer.cust000101@reactiva.example,Saree,Kurta,Jacket,10,NX5RQO,5,PENDING,0,,,,ACTIVE,,,
REACTIVA-2026-09,2026-09,CUST000135,Dev Mishra,dev.mishra.cust000135@reactiva.example,Bag,Sunglasses,Backpack,10,HQ2XJK,5,PENDING,0,,,,ACTIVE,,,
REACTIVA-2026-09,2026-09,CUST000138,Akash Sharma,akash.sharma.cust000138@reactiva.example,Bag,Sunglasses,Backpack,10,TOI5HO,5,PENDING,0,,,,ACTIVE,,,
REACTIVA-2026-09,2026-09,CUST000150,Kiran Patel,kiran.patel.cust000150@reactiva.example,Bag,Sunglasses,Backpack,10,C4XJGW,5,PENDING,0,,,,ACTIVE,,,
REACTIVA-2026-09,2026-09,CUST000157,Ravi Kapoor,ravi.kapoor.cust000157@reactiva.example,Running Shoes,Sneakers,Slippers,10,EHG7FV,5,PENDING,0,,,,ACTIVE,,,
REACTIVA-2026-09,2026-09,CUST000170,Tanya Kapoor,tanya.kapoor.cust000170@reactiva.example,Saree,Kurta,Jacket,10,CEAWOD,5,PENDING,0,,,,ACTIVE,,,
REACTIVA-2026-09,2026-09,CUST000171,Ravi Singh,ravi.singh.cust000171@reactiva.example,Saree,Kurta,Jacket,10,QWUIDA,5,PENDING,0,,,,ACTIVE,,,
REACTIVA-2026-09,2026-09,CUST000183,Sanjay Desai,sanjay.desai.cust000183@reactiva.example,Running Shoes,Sneakers,Slippers,10,XZYCAA,5,PENDING,0,,,,ACTIVE,,,
REACTIVA-2026-09,2026-09,CUST000184,Sneha Mehta,sneha.mehta.cust000184@reactiva.example,Saree,Kurta,Jacket,10,L7D6XZ,5,PENDING,0,,,,ACTIVE,,,
REACTIVA-2026-09,2026-09,CUST000232,Diya Malhotra,diya.malhotra.cust000232@reactiva.example,Saree,Kurta,Jacket,10,2E26DW,5,PENDING,0,,,,ACTIVE,,,
REACTIVA-2026-09,2026-09,CUST000250,Tanya Nair,tanya.nair.cust000250@reactiva.example,Saree,Kurta,Jacket,10,IGF4LX,5,PENDING,0,,,,ACTIVE,,,
REACTIVA-2026-09,2026-09,CUST000269,Divya Khanna,divya.khanna.cust000269@reactiva.example,Running Shoes,Sneakers,Slippers,10,KKG6O4,5,PENDING,0,,,,ACTIVE,,,
REACTIVA-2026-09,2026-09,CUST000272,Deepika Iyer,deepika.iyer.cust000272@reactiva.example,Running Shoes,Sneakers,Slippers,10,4ZOKMN,5,PENDING,0,,,,ACTIVE,,,
REACTIVA-2026-09,2026-09,CUST000283,Raj Bhat,raj.bhat.cust000283@reactiva.example,Running Shoes,Sneakers,Slippers,10,JBDR5J,5,PENDING,0,,,,ACTIVE,,,
REACTIVA-2026-09,2026-09,CUST000286,Vivek Patel,vivek.patel.cust000286@reactiva.example,Running Shoes,Sneakers,Slippers,10,SETGC5,5,PENDING,0,,,,ACTIVE,,,
REACTIVA-2026-09,2026-09,CUST000296,Priya Mishra,priya.mishra.cust000296@reactiva.example,Running Shoes,Sneakers,Slippers,10,UEZ26Q,5,PENDING,0,,,,ACTIVE,,,
REACTIVA-2026-09,2026-09,CUST000310,Rakesh Saxena,rakesh.saxena.cust000310@reactiva.example,Bag,Sunglasses,Backpack,10,AGSNOR,5,PENDING,0,,,,ACTIVE,,,
REACTIVA-2026-09,2026-09,CUST000337,Tanya Joshi,tanya.joshi.cust000337@reactiva.example,Bag,Sunglasses,Backpack,10,RFQXYM,5,PENDING,0,,,,ACTIVE,,,
REACTIVA-2026-09,2026-09,CUST000345,Sameer Patel,sameer.patel.cust000345@reactiva.example,Bag,Sunglasses,Backpack,10,44MYFH,5,PENDING,0,,,,ACTIVE,,,
REACTIVA-2026-09,2026-09,CUST000383,Sonia Saxena,sonia.saxena.cust000383@reactiva.example,Bag,Sunglasses,Backpack,10,L2AP5U,5,PENDING,0,,,,ACTIVE,,,
REACTIVA-2026-09,2026-09,CUST000389,Raj Nair,raj.nair.cust000389@reactiva.example,Saree,Kurta,Jacket,10,NXWGEV,5,PENDING,0,,,,ACTIVE,,,
REACTIVA-2026-09,2026-09,CUST000390,Deepika Mehta,deepika.mehta.cust000390@reactiva.example,Saree,Kurta,Jacket,10,IETUZS,5,PENDING,0,,,,ACTIVE,,,
REACTIVA-2026-09,2026-09,CUST000427,Pooja Khanna,pooja.khanna.cust000427@reactiva.example,Saree,Kurta,Jacket,10,T4SUNX,5,PENDING,0,,,,ACTIVE,,,
REACTIVA-2026-09,2026-09,CUST000444,Riya Rao,riya.rao.cust000444@reactiva.example,Running Shoes,Sneakers,Slippers,10,OBH32G,5,PENDING,0,,,,ACTIVE,,,
REACTIVA-2026-09,2026-09,CUST000459,Kabir Kumar,kabir.kumar.cust000459@reactiva.example,Bag,Sunglasses,Backpack,10,AUBZHG,5,PENDING,0,,,,ACTIVE,,,
REACTIVA-2026-09,2026-09,CUST000477,Tanya Singh,tanya.singh.cust000477@reactiva.example,Bag,Sunglasses,Backpack,10,TSRNVI,5,PENDING,0,,,,ACTIVE,,,
REACTIVA-2026-09,2026-09,CUST000490,Varun Patel,varun.patel.cust000490@reactiva.example,Bag,Sunglasses,Backpack,10,H4WLSB,5,PENDING,0,,,,ACTIVE,,,
REACTIVA-2026-09,2026-09,CUST000498,Raj Chopra,raj.chopra.cust000498@reactiva.example,Bag,Sunglasses,Backpack,10,YYZW4S,5,PENDING,0,,,,ACTIVE,,,
REACTIVA-2026-09,2026-09,CUST000502,Ravi Kumar,ravi.kumar.cust000502@reactiva.example,Bag,Sunglasses,Backpack,10,YHWRGF,5,PENDING,0,,,,ACTIVE,,,
REACTIVA-2026-09,2026-09,CUST000532,Vikram Mishra,vikram.mishra.cust000532@reactiva.example,Saree,Kurta,Jacket,10,OUPP6S,5,PENDING,0,,,,ACTIVE,,,
REACTIVA-2026-09,2026-09,CUST000558,Sonia Khanna,sonia.khanna.cust000558@reactiva.example,Running Shoes,Sneakers,Slippers,10,LIPX2Q,5,PENDING,0,,,,ACTIVE,,,
REACTIVA-2026-09,2026-09,CUST000576,Akash Iyer,akash.iyer.cust000576@reactiva.example,Bag,Sunglasses,Backpack,10,NN6P2K,5,PENDING,0,,,,ACTIVE,,,
REACTIVA-2026-09,2026-09,CUST000598,Vikram Nair,vikram.nair.cust000598@reactiva.example,Bag,Sunglasses,Backpack,10,5JWJLI,5,PENDING,0,,,,ACTIVE,,,
REACTIVA-2026-09,2026-09,CUST000609,Nikhil Nair,nikhil.nair.cust000609@reactiva.example,Bag,Sunglasses,Backpack,10,YXJAWX,5,PENDING,0,,,,ACTIVE,,,
REACTIVA-2026-09,2026-09,CUST000616,Aarav Gupta,aarav.gupta.cust000616@reactiva.example,Saree,Kurta,Jacket,10,T4SHIJ,5,PENDING,0,,,,ACTIVE,,,
REACTIVA-2026-09,2026-09,CUST000629,Sanjay Bhat,sanjay.bhat.cust000629@reactiva.example,Bag,Sunglasses,Backpack,10,5G7EYE,5,PENDING,0,,,,ACTIVE,,,
REACTIVA-2026-09,2026-09,CUST000648,Sonia Malhotra,sonia.malhotra.cust000648@reactiva.example,Saree,Kurta,Jacket,10,BESL3O,5,PENDING,0,,,,ACTIVE,,,
REACTIVA-2026-09,2026-09,CUST000655,Priya Mehta,priya.mehta.cust000655@reactiva.example,Running Shoes,Sneakers,Slippers,10,Z3TWGE,5,PENDING,0,,,,ACTIVE,,,
REACTIVA-2026-09,2026-09,CUST000663,Pooja Kapoor,pooja.kapoor.cust000663@reactiva.example,Running Shoes,Sneakers,Slippers,10,FRTKBC,5,PENDING,0,,,,ACTIVE,,,
REACTIVA-2026-09,2026-09,CUST000686,Aditya Rao,aditya.rao.cust000686@reactiva.example,Saree,Kurta,Jacket,10,6L2CEK,5,PENDING,0,,,,ACTIVE,,,
REACTIVA-2026-09,2026-09,CUST000698,Sneha Bhat,sneha.bhat.cust000698@reactiva.example,Saree,Kurta,Jacket,10,CK4EGU,5,PENDING,0,,,,ACTIVE,,,
REACTIVA-2026-09,2026-09,CUST000699,Aditi Kumar,aditi.kumar.cust000699@reactiva.example,Running Shoes,Sneakers,Slippers,10,5GDGXZ,5,PENDING,0,,,,ACTIVE,,,
REACTIVA-2026-09,2026-09,CUST000707,Aditya Verma,aditya.verma.cust000707@reactiva.example,Saree,Kurta,Jacket,10,GET7SC,5,PENDING,0,,,,ACTIVE,,,
REACTIVA-2026-09,2026-09,CUST000710,Priya Khanna,priya.khanna.cust000710@reactiva.example,Saree,Kurta,Jacket,10,YXB3DD,5,PENDING,0,,,,ACTIVE,,,
REACTIVA-2026-09,2026-09,CUST000714,Manish Bhat,manish.bhat.cust000714@reactiva.example,Saree,Kurta,Jacket,10,VBW7YB,5,PENDING,0,,,,ACTIVE,,,
REACTIVA-2026-09,2026-09,CUST000720,Vivek Kapoor,vivek.kapoor.cust000720@reactiva.example,Saree,Kurta,Jacket,10,GUEZRB,5,PENDING,0,,,,ACTIVE,,,
REACTIVA-2026-09,2026-09,CUST000747,Nisha Desai,nisha.desai.cust000747@reactiva.example,Running Shoes,Sneakers,Slippers,10,32ZR5I,5,PENDING,0,,,,ACTIVE,,,
REACTIVA-2026-09,2026-09,CUST000749,Sameer Bhat,sameer.bhat.cust000749@reactiva.example,Bag,Sunglasses,Backpack,10,34OW5X,5,PENDING,0,,,,ACTIVE,,,
REACTIVA-2026-09,2026-09,CUST000780,Meera Reddy,meera.reddy.cust000780@reactiva.example,Saree,Kurta,Jacket,10,VKEPJL,5,PENDING,0,,,,ACTIVE,,,
REACTIVA-2026-09,2026-09,CUST000793,Manish Sharma,manish.sharma.cust000793@reactiva.example,Running Shoes,Sneakers,Slippers,10,OWZEIX,5,PENDING,0,,,,ACTIVE,,,
REACTIVA-2026-09,2026-09,CUST000795,Aanya Verma,aanya.verma.cust000795@reactiva.example,Running Shoes,Sneakers,Slippers,10,F7IG5H,5,PENDING,0,,,,ACTIVE,,,
REACTIVA-2026-09,2026-09,CUST000819,Neha Bhat,neha.bhat.cust000819@reactiva.example,Running Shoes,Sneakers,Slippers,10,DX7XVZ,5,PENDING,0,,,,ACTIVE,,,
REACTIVA-2026-09,2026-09,CUST000839,Akash Bhat,akash.bhat.cust000839@reactiva.example,Saree,Kurta,Jacket,10,Z77UYU,5,PENDING,0,,,,ACTIVE,,,
REACTIVA-2026-09,2026-09,CUST000847,Pooja Kumar,pooja.kumar.cust000847@reactiva.example,Running Shoes,Sneakers,Slippers,10,N3JYKX,5,PENDING,0,,,,ACTIVE,,,
REACTIVA-2026-09,2026-09,CUST000848,Sonia Nair,sonia.nair.cust000848@reactiva.example,Running Shoes,Sneakers,Slippers,10,JJDGLC,5,PENDING,0,,,,ACTIVE,,,
REACTIVA-2026-09,2026-09,CUST000862,Simran Kapoor,simran.kapoor.cust000862@reactiva.example,Saree,Kurta,Jacket,10,Y2LEAR,5,PENDING,0,,,,ACTIVE,,,
REACTIVA-2026-09,2026-09,CUST000865,Vikram Singh,vikram.singh.cust000865@reactiva.example,Saree,Kurta,Jacket,10,4XRUCP,5,PENDING,0,,,,ACTIVE,,,
REACTIVA-2026-09,2026-09,CUST000868,Aditya Joshi,aditya.joshi.cust000868@reactiva.example,Saree,Kurta,Jacket,10,CRY7KQ,5,PENDING,0,,,,ACTIVE,,,
REACTIVA-2026-09,2026-09,CUST000911,Aanya Mehta,aanya.mehta.cust000911@reactiva.example,Bag,Sunglasses,Backpack,10,6BUTVE,5,PENDING,0,,,,ACTIVE,,,
REACTIVA-2026-09,2026-09,CUST000925,Rohan Desai,rohan.desai.cust000925@reactiva.example,Saree,Kurta,Jacket,10,TYX342,5,PENDING,0,,,,ACTIVE,,,
REACTIVA-2026-09,2026-09,CUST000947,Sneha Desai,sneha.desai.cust000947@reactiva.example,Bag,Sunglasses,Backpack,10,LNE4KS,5,PENDING,0,,,,ACTIVE,,,
REACTIVA-2026-09,2026-09,CUST000974,Nikhil Singh,nikhil.singh.cust000974@reactiva.example,Bag,Sunglasses,Backpack,10,M4ST7B,5,PENDING,0,,,,ACTIVE,,,
REACTIVA-2026-09,2026-09,CUST000975,Sanjay Saxena,sanjay.saxena.cust000975@reactiva.example,Bag,Sunglasses,Backpack,10,X3ICEG,5,PENDING,0,,,,ACTIVE,,,
REACTIVA-2026-09,2026-09,CUST000976,Kiran Rao,kiran.rao.cust000976@reactiva.example,Saree,Kurta,Jacket,10,WTBVO7,5,PENDING,0,,,,ACTIVE,,,
REACTIVA-2026-09,2026-09,CUST000979,Amit Nair,amit.nair.cust000979@reactiva.example,Running Shoes,Sneakers,Slippers,10,RRDJGT,5,PENDING,0,,,,ACTIVE,,,
REACTIVA-2026-09,2026-09,CUST001048,Isha Patel,isha.patel.cust001048@reactiva.example,Running Shoes,Sneakers,Slippers,10,D3RZAT,5,PENDING,0,,,,ACTIVE,,,
REACTIVA-2026-09,2026-09,CUST001099,Rohan Patel,rohan.patel.cust001099@reactiva.example,Running Shoes,Sneakers,Slippers,10,HOSO3O,5,PENDING,0,,,,ACTIVE,,,
REACTIVA-2026-09,2026-09,CUST001100,Sameer Gupta,sameer.gupta.cust001100@reactiva.example,Saree,Kurta,Jacket,10,TMD3V4,5,PENDING,0,,,,ACTIVE,,,
REACTIVA-2026-09,2026-09,CUST001124,Ananya Joshi,ananya.joshi.cust001124@reactiva.example,Running Shoes,Sneakers,Slippers,10,KD4GOU,5,PENDING,0,,,,ACTIVE,,,
REACTIVA-2026-09,2026-09,CUST001125,Aditya Mishra,aditya.mishra.cust001125@reactiva.example,Bag,Sunglasses,Backpack,10,5QSBW7,5,PENDING,0,,,,ACTIVE,,,
REACTIVA-2026-09,2026-09,CUST001166,Rahul Singh,rahul.singh.cust001166@reactiva.example,Running Shoes,Sneakers,Slippers,10,SE2DVW,5,PENDING,0,,,,ACTIVE,,,
REACTIVA-2026-09,2026-09,CUST001178,Sameer Kumar,sameer.kumar.cust001178@reactiva.example,Saree,Kurta,Jacket,10,OIRHET,5,PENDING,0,,,,ACTIVE,,,
REACTIVA-2026-09,2026-09,CUST001199,Rakesh Nair,rakesh.nair.cust001199@reactiva.example,Saree,Kurta,Jacket,10,JZVBIG,5,PENDING,0,,,,ACTIVE,,,
REACTIVA-2026-09,2026-09,CUST001208,Meera Verma,meera.verma.cust001208@reactiva.example,Running Shoes,Sneakers,Slippers,10,L2PGOC,5,PENDING,0,,,,ACTIVE,,,
REACTIVA-2026-09,2026-09,CUST001248,Vikram Bhat,vikram.bhat.cust001248@reactiva.example,Running Shoes,Sneakers,Slippers,10,2LH5KQ,5,PENDING,0,,,,ACTIVE,,,
REACTIVA-2026-09,2026-09,CUST001263,Manish Nair,manish.nair.cust001263@reactiva.example,Saree,Kurta,Jacket,10,LWTCUK,5,PENDING,0,,,,ACTIVE,,,
REACTIVA-2026-09,2026-09,CUST001266,Raj Khanna,raj.khanna.cust001266@reactiva.example,Saree,Kurta,Jacket,10,FBSAJ7,5,PENDING,0,,,,ACTIVE,,,
REACTIVA-2026-09,2026-09,CUST001282,Kavya Reddy,kavya.reddy.cust001282@reactiva.example,Saree,Kurta,Jacket,10,TIWTMU,5,PENDING,0,,,,ACTIVE,,,
REACTIVA-2026-09,2026-09,CUST001289,Pooja Malhotra,pooja.malhotra.cust001289@reactiva.example,Saree,Kurta,Jacket,10,3OYLXQ,5,PENDING,0,,,,ACTIVE,,,
REACTIVA-2026-09,2026-09,CUST001296,Aanya Mehta,aanya.mehta.cust001296@reactiva.example,Running Shoes,Sneakers,Slippers,10,CKQ5WA,5,PENDING,0,,,,ACTIVE,,,
REACTIVA-2026-09,2026-09,CUST001299,Vivek Kapoor,vivek.kapoor.cust001299@reactiva.example,Bag,Sunglasses,Backpack,10,JED7WJ,5,PENDING,0,,,,ACTIVE,,,
REACTIVA-2026-09,2026-09,CUST001317,Kavya Reddy,kavya.reddy.cust001317@reactiva.example,Bag,Sunglasses,Backpack,10,DAT43A,5,PENDING,0,,,,ACTIVE,,,
REACTIVA-2026-09,2026-09,CUST001348,Riya Patel,riya.patel.cust001348@reactiva.example,Running Shoes,Sneakers,Slippers,10,OXWGJ5,5,PENDING,0,,,,ACTIVE,,,
REACTIVA-2026-09,2026-09,CUST001372,Sneha Mehta,sneha.mehta.cust001372@reactiva.example,Saree,Kurta,Jacket,10,GBBKJB,5,PENDING,0,,,,ACTIVE,,,
REACTIVA-2026-09,2026-09,CUST001379,Aditya Iyer,aditya.iyer.cust001379@reactiva.example,Running Shoes,Sneakers,Slippers,10,HR3RMJ,5,PENDING,0,,,,ACTIVE,,,
REACTIVA-2026-09,2026-09,CUST001391,Kavya Mehta,kavya.mehta.cust001391@reactiva.example,Running Shoes,Sneakers,Slippers,10,PTJ4VK,5,PENDING,0,,,,ACTIVE,,,
REACTIVA-2026-09,2026-09,CUST001393,Aditya Verma,aditya.verma.cust001393@reactiva.example,Saree,Kurta,Jacket,10,OA34ZN,5,PENDING,0,,,,ACTIVE,,,
REACTIVA-2026-09,2026-09,CUST001412,Amit Chopra,amit.chopra.cust001412@reactiva.example,Bag,Sunglasses,Backpack,10,DZAQEG,5,PENDING,0,,,,ACTIVE,,,
REACTIVA-2026-09,2026-09,CUST001431,Riya Khanna,riya.khanna.cust001431@reactiva.example,Bag,Sunglasses,Backpack,10,OIWWZG,5,PENDING,0,,,,ACTIVE,,,
REACTIVA-2026-09,2026-09,CUST001442,Ravi Singh,ravi.singh.cust001442@reactiva.example,Running Shoes,Sneakers,Slippers,10,MFC3K6,5,PENDING,0,,,,ACTIVE,,,
REACTIVA-2026-09,2026-09,CUST001451,Akash Kapoor,akash.kapoor.cust001451@reactiva.example,Saree,Kurta,Jacket,10,IVOQZ2,5,PENDING,0,,,,ACTIVE,,,
REACTIVA-2026-09,2026-09,CUST001452,Akash Rao,akash.rao.cust001452@reactiva.example,Bag,Sunglasses,Backpack,10,HJ4MQA,5,PENDING,0,,,,ACTIVE,,,
REACTIVA-2026-09,2026-09,CUST001453,Deepika Gupta,deepika.gupta.cust001453@reactiva.example,Bag,Sunglasses,Backpack,10,DBTXS6,5,PENDING,0,,,,ACTIVE,,,
REACTIVA-2026-09,2026-09,CUST001462,Vikram Mehta,vikram.mehta.cust001462@reactiva.example,Saree,Kurta,Jacket,10,UKHW27,5,PENDING,0,,,,ACTIVE,,,
REACTIVA-2026-09,2026-09,CUST001471,Nisha Kumar,nisha.kumar.cust001471@reactiva.example,Running Shoes,Sneakers,Slippers,10,GNB3SS,5,PENDING,0,,,,ACTIVE,,,
REACTIVA-2026-09,2026-09,CUST001484,Sanjay Chopra,sanjay.chopra.cust001484@reactiva.example,Saree,Kurta,Jacket,10,DZV6KM,5,PENDING,0,,,,ACTIVE,,,
REACTIVA-2026-09,2026-09,CUST001485,Aditya Verma,aditya.verma.cust001485@reactiva.example,Running Shoes,Sneakers,Slippers,10,YV657G,5,PENDING,0,,,,ACTIVE,,,
REACTIVA-2026-09,2026-09,CUST001505,Nisha Khanna,nisha.khanna.cust001505@reactiva.example,Saree,Kurta,Jacket,10,JOX74O,5,PENDING,0,,,,ACTIVE,,,
REACTIVA-2026-09,2026-09,CUST001518,Sonia Joshi,sonia.joshi.cust001518@reactiva.example,Bag,Sunglasses,Backpack,10,GIBTCU,5,PENDING,0,,,,ACTIVE,,,
REACTIVA-2026-09,2026-09,CUST001521,Kiran Kapoor,kiran.kapoor.cust001521@reactiva.example,Running Shoes,Sneakers,Slippers,10,SHOIS4,5,PENDING,0,,,,ACTIVE,,,
REACTIVA-2026-09,2026-09,CUST001536,Aditya Singh,aditya.singh.cust001536@reactiva.example,Bag,Sunglasses,Backpack,10,WX7RTQ,5,PENDING,0,,,,ACTIVE,,,
REACTIVA-2026-09,2026-09,CUST001540,Sameer Khanna,sameer.khanna.cust001540@reactiva.example,Bag,Sunglasses,Backpack,10,VG7HW5,5,PENDING,0,,,,ACTIVE,,,
REACTIVA-2026-09,2026-09,CUST001553,Akash Iyer,akash.iyer.cust001553@reactiva.example,Running Shoes,Sneakers,Slippers,10,JMN4AR,5,PENDING,0,,,,ACTIVE,,,
REACTIVA-2026-09,2026-09,CUST001567,Kabir Kumar,kabir.kumar.cust001567@reactiva.example,Saree,Kurta,Jacket,10,I4UFE4,5,PENDING,0,,,,ACTIVE,,,
REACTIVA-2026-09,2026-09,CUST001572,Pooja Sharma,pooja.sharma.cust001572@reactiva.example,Bag,Sunglasses,Backpack,10,D762J6,5,PENDING,0,,,,ACTIVE,,,
REACTIVA-2026-09,2026-09,CUST001580,Meera Desai,meera.desai.cust001580@reactiva.example,Running Shoes,Sneakers,Slippers,10,EFFRWL,5,PENDING,0,,,,ACTIVE,,,
REACTIVA-2026-09,2026-09,CUST001590,Amit Malhotra,amit.malhotra.cust001590@reactiva.example,Saree,Kurta,Jacket,10,TYEKA6,5,PENDING,0,,,,ACTIVE,,,
REACTIVA-2026-09,2026-09,CUST001626,Pooja Chopra,pooja.chopra.cust001626@reactiva.example,Saree,Kurta,Jacket,10,KIEMRT,5,PENDING,0,,,,ACTIVE,,,
REACTIVA-2026-09,2026-09,CUST001627,Sonia Reddy,sonia.reddy.cust001627@reactiva.example,Saree,Kurta,Jacket,10,5E3UYJ,5,PENDING,0,,,,ACTIVE,,,
REACTIVA-2026-09,2026-09,CUST001679,Simran Joshi,simran.joshi.cust001679@reactiva.example,Bag,Sunglasses,Backpack,10,6RQ2F4,5,PENDING,0,,,,ACTIVE,,,
REACTIVA-2026-09,2026-09,CUST001719,Riya Kumar,riya.kumar.cust001719@reactiva.example,Bag,Sunglasses,Backpack,10,KQA47K,5,PENDING,0,,,,ACTIVE,,,
REACTIVA-2026-09,2026-09,CUST001726,Arjun Kumar,arjun.kumar.cust001726@reactiva.example,Saree,Kurta,Jacket,10,MPTR3J,5,PENDING,0,,,,ACTIVE,,,
REACTIVA-2026-09,2026-09,CUST001738,Vikram Khanna,vikram.khanna.cust001738@reactiva.example,Saree,Kurta,Jacket,10,XWWPS2,5,PENDING,0,,,,ACTIVE,,,
REACTIVA-2026-09,2026-09,CUST001744,Rohan Kumar,rohan.kumar.cust001744@reactiva.example,Running Shoes,Sneakers,Slippers,10,BUUS3J,5,PENDING,0,,,,ACTIVE,,,
REACTIVA-2026-09,2026-09,CUST001767,Arjun Desai,arjun.desai.cust001767@reactiva.example,Running Shoes,Sneakers,Slippers,10,WW5DO4,5,PENDING,0,,,,ACTIVE,,,
REACTIVA-2026-09,2026-09,CUST001784,Nisha Chopra,nisha.chopra.cust001784@reactiva.example,Saree,Kurta,Jacket,10,QAN7ER,5,PENDING,0,,,,ACTIVE,,,
REACTIVA-2026-09,2026-09,CUST001808,Dev Patel,dev.patel.cust001808@reactiva.example,Saree,Kurta,Jacket,10,26QUWI,5,PENDING,0,,,,ACTIVE,,,
REACTIVA-2026-09,2026-09,CUST001842,Rahul Verma,rahul.verma.cust001842@reactiva.example,Bag,Sunglasses,Backpack,10,NYWFEO,5,PENDING,0,,,,ACTIVE,,,
REACTIVA-2026-09,2026-09,CUST001850,Dev Joshi,dev.joshi.cust001850@reactiva.example,Saree,Kurta,Jacket,10,JEPU3G,5,PENDING,0,,,,ACTIVE,,,
REACTIVA-2026-09,2026-09,CUST001853,Isha Khanna,isha.khanna.cust001853@reactiva.example,Saree,Kurta,Jacket,10,JENAR2,5,PENDING,0,,,,ACTIVE,,,
REACTIVA-2026-09,2026-09,CUST001862,Deepika Kapoor,deepika.kapoor.cust001862@reactiva.example,Running Shoes,Sneakers,Slippers,10,HTEMFS,5,PENDING,0,,,,ACTIVE,,,
REACTIVA-2026-09,2026-09,CUST001882,Ananya Kumar,ananya.kumar.cust001882@reactiva.example,Running Shoes,Sneakers,Slippers,10,MV57HK,5,PENDING,0,,,,ACTIVE,,,
REACTIVA-2026-09,2026-09,CUST001885,Isha Joshi,isha.joshi.cust001885@reactiva.example,Saree,Kurta,Jacket,10,YWCYHD,5,PENDING,0,,,,ACTIVE,,,
REACTIVA-2026-09,2026-09,CUST001905,Kabir Verma,kabir.verma.cust001905@reactiva.example,Bag,Sunglasses,Backpack,10,PBC5XX,5,PENDING,0,,,,ACTIVE,,,
REACTIVA-2026-09,2026-09,CUST001907,Vivek Kumar,vivek.kumar.cust001907@reactiva.example,Saree,Kurta,Jacket,10,L7YX6E,5,PENDING,0,,,,ACTIVE,,,
REACTIVA-2026-09,2026-09,CUST001910,Sameer Mehta,sameer.mehta.cust001910@reactiva.example,Bag,Sunglasses,Backpack,10,EPYORL,5,PENDING,0,,,,ACTIVE,,,
REACTIVA-2026-09,2026-09,CUST001955,Sameer Kumar,sameer.kumar.cust001955@reactiva.example,Saree,Kurta,Jacket,10,6CQ2BA,5,PENDING,0,,,,ACTIVE,,,
REACTIVA-2026-09,2026-09,CUST001969,Rakesh Verma,rakesh.verma.cust001969@reactiva.example,Bag,Sunglasses,Backpack,10,6JO5R7,5,PENDING,0,,,,ACTIVE,,,
REACTIVA-2026-09,2026-09,CUST001990,Simran Mishra,simran.mishra.cust001990@reactiva.example,Bag,Sunglasses,Backpack,10,3PL3WT,5,PENDING,0,,,,ACTIVE,,,
REACTIVA-2026-09,2026-09,CUST002009,Anjali Rao,anjali.rao.cust002009@reactiva.example,Bag,Sunglasses,Backpack,10,2XY7X4,5,PENDING,0,,,,ACTIVE,,,
REACTIVA-2026-09,2026-09,CUST002037,Aanya Kapoor,aanya.kapoor.cust002037@reactiva.example,Saree,Kurta,Jacket,10,3RS4EA,5,PENDING,0,,,,ACTIVE,,,
REACTIVA-2026-09,2026-09,CUST002046,Anjali Mishra,anjali.mishra.cust002046@reactiva.example,Saree,Kurta,Jacket,10,AMHWPK,5,PENDING,0,,,,ACTIVE,,,
REACTIVA-2026-09,2026-09,CUST002079,Meera Malhotra,meera.malhotra.cust002079@reactiva.example,Running Shoes,Sneakers,Slippers,10,MJ3B2R,5,PENDING,0,,,,ACTIVE,,,
REACTIVA-2026-09,2026-09,CUST002090,Kavya Patel,kavya.patel.cust002090@reactiva.example,Saree,Kurta,Jacket,10,AKWAU7,5,PENDING,0,,,,ACTIVE,,,
REACTIVA-2026-09,2026-09,CUST002126,Rohan Kumar,rohan.kumar.cust002126@reactiva.example,Saree,Kurta,Jacket,10,OYGTD2,5,PENDING,0,,,,ACTIVE,,,
REACTIVA-2026-09,2026-09,CUST002131,Nisha Patel,nisha.patel.cust002131@reactiva.example,Running Shoes,Sneakers,Slippers,10,KG5R2Z,5,PENDING,0,,,,ACTIVE,,,
REACTIVA-2026-09,2026-09,CUST002146,Riya Saxena,riya.saxena.cust002146@reactiva.example,Bag,Sunglasses,Backpack,10,X2KWWZ,5,PENDING,0,,,,ACTIVE,,,
REACTIVA-2026-09,2026-09,CUST002153,Rahul Mehta,rahul.mehta.cust002153@reactiva.example,Bag,Sunglasses,Backpack,10,SAGF5I,5,PENDING,0,,,,ACTIVE,,,
REACTIVA-2026-09,2026-09,CUST002161,Arjun Patel,arjun.patel.cust002161@reactiva.example,Saree,Kurta,Jacket,10,2UNCSS,5,PENDING,0,,,,ACTIVE,,,
REACTIVA-2026-09,2026-09,CUST002222,Amit Sharma,amit.sharma.cust002222@reactiva.example,Running Shoes,Sneakers,Slippers,10,BST5FK,5,PENDING,0,,,,ACTIVE,,,
REACTIVA-2026-09,2026-09,CUST002227,Diya Singh,diya.singh.cust002227@reactiva.example,Bag,Sunglasses,Backpack,10,ZHPLGB,5,PENDING,0,,,,ACTIVE,,,
REACTIVA-2026-09,2026-09,CUST002228,Vikram Desai,vikram.desai.cust002228@reactiva.example,Saree,Kurta,Jacket,10,E5SJSX,5,PENDING,0,,,,ACTIVE,,,
REACTIVA-2026-09,2026-09,CUST002232,Dev Saxena,dev.saxena.cust002232@reactiva.example,Running Shoes,Sneakers,Slippers,10,2SFOAR,5,PENDING,0,,,,ACTIVE,,,
REACTIVA-2026-09,2026-09,CUST002244,Aditi Kumar,aditi.kumar.cust002244@reactiva.example,Saree,Kurta,Jacket,10,LYWPY7,5,PENDING,0,,,,ACTIVE,,,
REACTIVA-2026-09,2026-09,CUST002269,Varun Nair,varun.nair.cust002269@reactiva.example,Saree,Kurta,Jacket,10,257QYA,5,PENDING,0,,,,ACTIVE,,,
REACTIVA-2026-09,2026-09,CUST002272,Arjun Khanna,arjun.khanna.cust002272@reactiva.example,Bag,Sunglasses,Backpack,10,7ML6FL,5,PENDING,0,,,,ACTIVE,,,
REACTIVA-2026-09,2026-09,CUST002330,Sonia Kumar,sonia.kumar.cust002330@reactiva.example,Running Shoes,Sneakers,Slippers,10,W3HYCE,5,PENDING,0,,,,ACTIVE,,,
REACTIVA-2026-09,2026-09,CUST002336,Ravi Joshi,ravi.joshi.cust002336@reactiva.example,Saree,Kurta,Jacket,10,KA32HX,5,PENDING,0,,,,ACTIVE,,,
REACTIVA-2026-09,2026-09,CUST002354,Deepika Iyer,deepika.iyer.cust002354@reactiva.example,Saree,Kurta,Jacket,10,QXX4LY,5,PENDING,0,,,,ACTIVE,,,
REACTIVA-2026-09,2026-09,CUST002398,Sanjay Reddy,sanjay.reddy.cust002398@reactiva.example,Running Shoes,Sneakers,Slippers,10,TS7WJS,5,PENDING,0,,,,ACTIVE,,,
REACTIVA-2026-09,2026-09,CUST002427,Divya Bhat,divya.bhat.cust002427@reactiva.example,Bag,Sunglasses,Backpack,10,VJDRA3,5,PENDING,0,,,,ACTIVE,,,
REACTIVA-2026-09,2026-09,CUST002439,Nisha Iyer,nisha.iyer.cust002439@reactiva.example,Running Shoes,Sneakers,Slippers,10,IGNF4M,5,PENDING,0,,,,ACTIVE,,,
REACTIVA-2026-09,2026-09,CUST002441,Rakesh Patel,rakesh.patel.cust002441@reactiva.example,Running Shoes,Sneakers,Slippers,10,6EYWEH,5,PENDING,0,,,,ACTIVE,,,
REACTIVA-2026-09,2026-09,CUST002468,Pooja Rao,pooja.rao.cust002468@reactiva.example,Bag,Sunglasses,Backpack,10,CLNQF5,5,PENDING,0,,,,ACTIVE,,,
REACTIVA-2026-09,2026-09,CUST002476,Nikhil Kapoor,nikhil.kapoor.cust002476@reactiva.example,Saree,Kurta,Jacket,10,YS44EM,5,PENDING,0,,,,ACTIVE,,,
REACTIVA-2026-09,2026-09,CUST002484,Tanya Mishra,tanya.mishra.cust002484@reactiva.example,Bag,Sunglasses,Backpack,10,VKKEBI,5,PENDING,0,,,,ACTIVE,,,
REACTIVA-2026-09,2026-09,CUST002487,Tanya Chopra,tanya.chopra.cust002487@reactiva.example,Bag,Sunglasses,Backpack,10,NQY7K4,5,PENDING,0,,,,ACTIVE,,,
REACTIVA-2026-09,2026-09,CUST002519,Raj Malhotra,raj.malhotra.cust002519@reactiva.example,Running Shoes,Sneakers,Slippers,10,C6FMCF,5,PENDING,0,,,,ACTIVE,,,
REACTIVA-2026-09,2026-09,CUST002547,Varun Saxena,varun.saxena.cust002547@reactiva.example,Saree,Kurta,Jacket,10,73OJMT,5,PENDING,0,,,,ACTIVE,,,
REACTIVA-2026-09,2026-09,CUST002549,Nisha Khanna,nisha.khanna.cust002549@reactiva.example,Bag,Sunglasses,Backpack,10,ZIXLFK,5,PENDING,0,,,,ACTIVE,,,
REACTIVA-2026-09,2026-09,CUST002553,Anjali Gupta,anjali.gupta.cust002553@reactiva.example,Running Shoes,Sneakers,Slippers,10,3OY34C,5,PENDING,0,,,,ACTIVE,,,
REACTIVA-2026-09,2026-09,CUST002554,Pooja Bhat,pooja.bhat.cust002554@reactiva.example,Running Shoes,Sneakers,Slippers,10,3ZQS3I,5,PENDING,0,,,,ACTIVE,,,
REACTIVA-2026-09,2026-09,CUST002567,Kavya Gupta,kavya.gupta.cust002567@reactiva.example,Running Shoes,Sneakers,Slippers,10,SS2TPG,5,PENDING,0,,,,ACTIVE,,,
REACTIVA-2026-09,2026-09,CUST002570,Ananya Sharma,ananya.sharma.cust002570@reactiva.example,Bag,Sunglasses,Backpack,10,W4TU3D,5,PENDING,0,,,,ACTIVE,,,
REACTIVA-2026-09,2026-09,CUST002593,Arjun Singh,arjun.singh.cust002593@reactiva.example,Bag,Sunglasses,Backpack,10,WRYMS5,5,PENDING,0,,,,ACTIVE,,,
REACTIVA-2026-09,2026-09,CUST002596,Aanya Singh,aanya.singh.cust002596@reactiva.example,Running Shoes,Sneakers,Slippers,10,SX6J5O,5,PENDING,0,,,,ACTIVE,,,
REACTIVA-2026-09,2026-09,CUST002604,Arjun Gupta,arjun.gupta.cust002604@reactiva.example,Running Shoes,Sneakers,Slippers,10,IU7TVV,5,PENDING,0,,,,ACTIVE,,,
REACTIVA-2026-09,2026-09,CUST002615,Aanya Nair,aanya.nair.cust002615@reactiva.example,Running Shoes,Sneakers,Slippers,10,6IGR2V,5,PENDING,0,,,,ACTIVE,,,
REACTIVA-2026-09,2026-09,CUST002631,Sanjay Gupta,sanjay.gupta.cust002631@reactiva.example,Bag,Sunglasses,Backpack,10,TV6KPJ,5,PENDING,0,,,,ACTIVE,,,
REACTIVA-2026-09,2026-09,CUST002632,Sameer Nair,sameer.nair.cust002632@reactiva.example,Saree,Kurta,Jacket,10,TEH7YY,5,PENDING,0,,,,ACTIVE,,,
REACTIVA-2026-09,2026-09,CUST002637,Aditya Patel,aditya.patel.cust002637@reactiva.example,Saree,Kurta,Jacket,10,XA6J23,5,PENDING,0,,,,ACTIVE,,,
REACTIVA-2026-09,2026-09,CUST002654,Divya Sharma,divya.sharma.cust002654@reactiva.example,Running Shoes,Sneakers,Slippers,10,INNHJA,5,PENDING,0,,,,ACTIVE,,,
REACTIVA-2026-09,2026-09,CUST002671,Nisha Verma,nisha.verma.cust002671@reactiva.example,Bag,Sunglasses,Backpack,10,CAPNDY,5,PENDING,0,,,,ACTIVE,,,
REACTIVA-2026-09,2026-09,CUST002676,Aditya Sharma,aditya.sharma.cust002676@reactiva.example,Saree,Kurta,Jacket,10,7LSUXA,5,PENDING,0,,,,ACTIVE,,,
REACTIVA-2026-09,2026-09,CUST002680,Karan Sharma,karan.sharma.cust002680@reactiva.example,Running Shoes,Sneakers,Slippers,10,7CKQE3,5,PENDING,0,,,,ACTIVE,,,
REACTIVA-2026-09,2026-09,CUST002690,Ananya Desai,ananya.desai.cust002690@reactiva.example,Saree,Kurta,Jacket,10,HB6S7T,5,PENDING,0,,,,ACTIVE,,,
REACTIVA-2026-09,2026-09,CUST002700,Priya Gupta,priya.gupta.cust002700@reactiva.example,Bag,Sunglasses,Backpack,10,ZGGPSV,5,PENDING,0,,,,ACTIVE,,,
REACTIVA-2026-09,2026-09,CUST002704,Kabir Chopra,kabir.chopra.cust002704@reactiva.example,Saree,Kurta,Jacket,10,QDCLBG,5,PENDING,0,,,,ACTIVE,,,
REACTIVA-2026-09,2026-09,CUST002730,Nikhil Gupta,nikhil.gupta.cust002730@reactiva.example,Running Shoes,Sneakers,Slippers,10,BMQWM7,5,PENDING,0,,,,ACTIVE,,,
REACTIVA-2026-09,2026-09,CUST002741,Riya Patel,riya.patel.cust002741@reactiva.example,Saree,Kurta,Jacket,10,7XH7ZH,5,PENDING,0,,,,ACTIVE,,,
REACTIVA-2026-09,2026-09,CUST002769,Rohan Khanna,rohan.khanna.cust002769@reactiva.example,Bag,Sunglasses,Backpack,10,TKJ3NZ,5,PENDING,0,,,,ACTIVE,,,
REACTIVA-2026-09,2026-09,CUST002809,Akash Patel,akash.patel.cust002809@reactiva.example,Bag,Sunglasses,Backpack,10,JQP5JF,5,PENDING,0,,,,ACTIVE,,,
REACTIVA-2026-09,2026-09,CUST002833,Aarav Malhotra,aarav.malhotra.cust002833@reactiva.example,Bag,Sunglasses,Backpack,10,QV6QA3,5,PENDING,0,,,,ACTIVE,,,
REACTIVA-2026-09,2026-09,CUST002862,Sanjay Patel,sanjay.patel.cust002862@reactiva.example,Running Shoes,Sneakers,Slippers,10,VCXX5Q,5,PENDING,0,,,,ACTIVE,,,
REACTIVA-2026-09,2026-09,CUST002865,Dev Patel,dev.patel.cust002865@reactiva.example,Bag,Sunglasses,Backpack,10,DOODTC,5,PENDING,0,,,,ACTIVE,,,
REACTIVA-2026-09,2026-09,CUST002884,Simran Desai,simran.desai.cust002884@reactiva.example,Saree,Kurta,Jacket,10,UA4EXD,5,PENDING,0,,,,ACTIVE,,,
REACTIVA-2026-09,2026-09,CUST002890,Meera Desai,meera.desai.cust002890@reactiva.example,Saree,Kurta,Jacket,10,BDOZ6H,5,PENDING,0,,,,ACTIVE,,,
REACTIVA-2026-09,2026-09,CUST002912,Nisha Patel,nisha.patel.cust002912@reactiva.example,Running Shoes,Sneakers,Slippers,10,RULN2A,5,PENDING,0,,,,ACTIVE,,,
REACTIVA-2026-09,2026-09,CUST002921,Vikram Mishra,vikram.mishra.cust002921@reactiva.example,Running Shoes,Sneakers,Slippers,10,TRLQZS,5,PENDING,0,,,,ACTIVE,,,
REACTIVA-2026-09,2026-09,CUST002939,Meera Kapoor,meera.kapoor.cust002939@reactiva.example,Bag,Sunglasses,Backpack,10,LSJKT6,5,PENDING,0,,,,ACTIVE,,,
REACTIVA-2026-09,2026-09,CUST002940,Nikhil Kumar,nikhil.kumar.cust002940@reactiva.example,Saree,Kurta,Jacket,10,EQJU6E,5,PENDING,0,,,,ACTIVE,,,
REACTIVA-2026-09,2026-09,CUST002941,Rakesh Mehta,rakesh.mehta.cust002941@reactiva.example,Saree,Kurta,Jacket,10,LK5WJL,5,PENDING,0,,,,ACTIVE,,,
REACTIVA-2026-09,2026-09,CUST002945,Vikram Gupta,vikram.gupta.cust002945@reactiva.example,Running Shoes,Sneakers,Slippers,10,2AIHBE,5,PENDING,0,,,,ACTIVE,,,
REACTIVA-2026-09,2026-09,CUST002946,Diya Bhat,diya.bhat.cust002946@reactiva.example,Running Shoes,Sneakers,Slippers,10,4DY5HF,5,PENDING,0,,,,ACTIVE,,,
REACTIVA-2026-09,2026-09,CUST002976,Arjun Verma,arjun.verma.cust002976@reactiva.example,Running Shoes,Sneakers,Slippers,10,TL3OQL,5,PENDING,0,,,,ACTIVE,,,
REACTIVA-2026-09,2026-09,CUST003001,Aditya Nair,aditya.nair.cust003001@reactiva.example,Saree,Kurta,Jacket,10,LA7LDL,5,PENDING,0,,,,ACTIVE,,,
REACTIVA-2026-09,2026-09,CUST003026,Aditi Kumar,aditi.kumar.cust003026@reactiva.example,Running Shoes,Sneakers,Slippers,10,YWJLKF,5,PENDING,0,,,,ACTIVE,,,
REACTIVA-2026-09,2026-09,CUST003036,Nikhil Sharma,nikhil.sharma.cust003036@reactiva.example,Running Shoes,Sneakers,Slippers,10,WZ2IEW,5,PENDING,0,,,,ACTIVE,,,
REACTIVA-2026-09,2026-09,CUST003057,Amit Joshi,amit.joshi.cust003057@reactiva.example,Running Shoes,Sneakers,Slippers,10,Y7WCQ7,5,PENDING,0,,,,ACTIVE,,,
REACTIVA-2026-09,2026-09,CUST003065,Manish Gupta,manish.gupta.cust003065@reactiva.example,Saree,Kurta,Jacket,10,2NW3H2,5,PENDING,0,,,,ACTIVE,,,
REACTIVA-2026-09,2026-09,CUST003150,Nisha Khanna,nisha.khanna.cust003150@reactiva.example,Saree,Kurta,Jacket,10,2QIA6I,5,PENDING,0,,,,ACTIVE,,,
REACTIVA-2026-09,2026-09,CUST003158,Simran Chopra,simran.chopra.cust003158@reactiva.example,Bag,Sunglasses,Backpack,10,7EQJJ2,5,PENDING,0,,,,ACTIVE,,,
REACTIVA-2026-09,2026-09,CUST003178,Aditi Rao,aditi.rao.cust003178@reactiva.example,Saree,Kurta,Jacket,10,7UMEVX,5,PENDING,0,,,,ACTIVE,,,
REACTIVA-2026-09,2026-09,CUST003203,Aditi Bhat,aditi.bhat.cust003203@reactiva.example,Saree,Kurta,Jacket,10,XQGEKG,5,PENDING,0,,,,ACTIVE,,,
REACTIVA-2026-09,2026-09,CUST003219,Priya Mishra,priya.mishra.cust003219@reactiva.example,Bag,Sunglasses,Backpack,10,MOHYZY,5,PENDING,0,,,,ACTIVE,,,
REACTIVA-2026-09,2026-09,CUST003227,Ravi Sharma,ravi.sharma.cust003227@reactiva.example,Saree,Kurta,Jacket,10,IKPWXB,5,PENDING,0,,,,ACTIVE,,,
REACTIVA-2026-09,2026-09,CUST003231,Neha Rao,neha.rao.cust003231@reactiva.example,Saree,Kurta,Jacket,10,IBOPMI,5,PENDING,0,,,,ACTIVE,,,
REACTIVA-2026-09,2026-09,CUST003232,Raj Saxena,raj.saxena.cust003232@reactiva.example,Bag,Sunglasses,Backpack,10,3UEH5U,5,PENDING,0,,,,ACTIVE,,,
REACTIVA-2026-09,2026-09,CUST003246,Rakesh Bhat,rakesh.bhat.cust003246@reactiva.example,Saree,Kurta,Jacket,10,557XEM,5,PENDING,0,,,,ACTIVE,,,
REACTIVA-2026-09,2026-09,CUST003247,Diya Reddy,diya.reddy.cust003247@reactiva.example,Saree,Kurta,Jacket,10,6TZSDQ,5,PENDING,0,,,,ACTIVE,,,
REACTIVA-2026-09,2026-09,CUST003264,Sneha Iyer,sneha.iyer.cust003264@reactiva.example,Saree,Kurta,Jacket,10,HAXZUT,5,PENDING,0,,,,ACTIVE,,,
REACTIVA-2026-09,2026-09,CUST003270,Vikram Chopra,vikram.chopra.cust003270@reactiva.example,Saree,Kurta,Jacket,10,CFTVI7,5,PENDING,0,,,,ACTIVE,,,
REACTIVA-2026-09,2026-09,CUST003275,Rahul Iyer,rahul.iyer.cust003275@reactiva.example,Saree,Kurta,Jacket,10,OGPXDU,5,PENDING,0,,,,ACTIVE,,,
REACTIVA-2026-09,2026-09,CUST003278,Neha Bhat,neha.bhat.cust003278@reactiva.example,Running Shoes,Sneakers,Slippers,10,7M7UKN,5,PENDING,0,,,,ACTIVE,,,
REACTIVA-2026-09,2026-09,CUST003287,Aanya Chopra,aanya.chopra.cust003287@reactiva.example,Running Shoes,Sneakers,Slippers,10,WNK5WM,5,PENDING,0,,,,ACTIVE,,,
REACTIVA-2026-09,2026-09,CUST003304,Aanya Kumar,aanya.kumar.cust003304@reactiva.example,Bag,Sunglasses,Backpack,10,PPBBRL,5,PENDING,0,,,,ACTIVE,,,
REACTIVA-2026-09,2026-09,CUST003320,Ravi Desai,ravi.desai.cust003320@reactiva.example,Bag,Sunglasses,Backpack,10,4YGMZV,5,PENDING,0,,,,ACTIVE,,,
REACTIVA-2026-09,2026-09,CUST003329,Sameer Gupta,sameer.gupta.cust003329@reactiva.example,Bag,Sunglasses,Backpack,10,LXEC5D,5,PENDING,0,,,,ACTIVE,,,
REACTIVA-2026-09,2026-09,CUST003349,Pooja Desai,pooja.desai.cust003349@reactiva.example,Saree,Kurta,Jacket,10,TCX6JO,5,PENDING,0,,,,ACTIVE,,,
REACTIVA-2026-09,2026-09,CUST003363,Raj Bhat,raj.bhat.cust003363@reactiva.example,Running Shoes,Sneakers,Slippers,10,PWIIC4,5,PENDING,0,,,,ACTIVE,,,
REACTIVA-2026-09,2026-09,CUST003366,Meera Nair,meera.nair.cust003366@reactiva.example,Running Shoes,Sneakers,Slippers,10,R2Q2OC,5,PENDING,0,,,,ACTIVE,,,
REACTIVA-2026-09,2026-09,CUST003388,Rakesh Saxena,rakesh.saxena.cust003388@reactiva.example,Running Shoes,Sneakers,Slippers,10,CU6WVJ,5,PENDING,0,,,,ACTIVE,,,
REACTIVA-2026-09,2026-09,CUST003391,Deepika Kumar,deepika.kumar.cust003391@reactiva.example,Running Shoes,Sneakers,Slippers,10,HFO5RB,5,PENDING,0,,,,ACTIVE,,,
REACTIVA-2026-09,2026-09,CUST003393,Manish Verma,manish.verma.cust003393@reactiva.example,Bag,Sunglasses,Backpack,10,4IJZBB,5,PENDING,0,,,,ACTIVE,,,
REACTIVA-2026-09,2026-09,CUST003398,Anjali Chopra,anjali.chopra.cust003398@reactiva.example,Running Shoes,Sneakers,Slippers,10,JDVZD3,5,PENDING,0,,,,ACTIVE,,,
REACTIVA-2026-09,2026-09,CUST003423,Aarav Mishra,aarav.mishra.cust003423@reactiva.example,Bag,Sunglasses,Backpack,10,GKZ4G4,5,PENDING,0,,,,ACTIVE,,,
REACTIVA-2026-09,2026-09,CUST003490,Nisha Nair,nisha.nair.cust003490@reactiva.example,Saree,Kurta,Jacket,10,VRF5UF,5,PENDING,0,,,,ACTIVE,,,
REACTIVA-2026-09,2026-09,CUST003493,Rohan Nair,rohan.nair.cust003493@reactiva.example,Bag,Sunglasses,Backpack,10,OHI4KD,5,PENDING,0,,,,ACTIVE,,,
REACTIVA-2026-09,2026-09,CUST003496,Aanya Kapoor,aanya.kapoor.cust003496@reactiva.example,Running Shoes,Sneakers,Slippers,10,MWR5ZV,5,PENDING,0,,,,ACTIVE,,,
REACTIVA-2026-09,2026-09,CUST003498,Manish Kapoor,manish.kapoor.cust003498@reactiva.example,Bag,Sunglasses,Backpack,10,GAZ7AJ,5,PENDING,0,,,,ACTIVE,,,
REACTIVA-2026-09,2026-09,CUST003499,Raj Patel,raj.patel.cust003499@reactiva.example,Running Shoes,Sneakers,Slippers,10,ZY6E7V,5,PENDING,0,,,,ACTIVE,,,
